Sl no.,District Name,Market Name,Commodity,Min Price (Rs./Quintal),Max Price (Rs./Quintal),Modal Price (Rs./Quintal),Price Date
1,Salem,Ammapet(Uzhavar Sandhai ),Coriander,1800,2000,2000,28-09-2024
2,Salem,Ammapet(Uzhavar Sandhai ),Coriander,2000,2400,2400,10-10-2024
3,Salem,Ammapet(Uzhavar Sandhai ),Coriander,2000,2500,2500,31-07-2024
4,Salem,Ammapet(Uzhavar Sandhai ),Coriander,2000,2600,2600,13-08-2024
5,Salem,Ammapet(Uzhavar Sandhai ),Coriander,2000,2600,2600,30-07-2024
6,Salem,Ammapet(Uzhavar Sandhai ),Coriander,2200,2400,2400,14-09-2024
7,Salem,Ammapet(Uzhavar Sandhai ),Coriander,2200,3000,3000,15-08-2024
8,Salem,Ammapet(Uzhavar Sandhai ),Coriander,2400,2600,2600,01-01-2025
9,Salem,Ammapet(Uzhavar Sandhai ),Coriander,2400,2600,2600,30-12-2024
10,Salem,Ammapet(Uzhavar Sandhai ),Coriander,2400,2600,2600,31-12-2024
11,Salem,Ammapet(Uzhavar Sandhai ),Coriander,2500,2800,2800,14-08-2024
12,Salem,Ammapet(Uzhavar Sandhai ),Coriander,2500,2800,2800,17-08-2024
13,Salem,Ammapet(Uzhavar Sandhai ),Coriander,2500,2800,2800,27-07-2024
14,Salem,Ammapet(Uzhavar Sandhai ),Coriander,2500,2800,2800,29-12-2024
15,Salem,Ammapet(Uzhavar Sandhai ),Coriander,2500,3000,3000,01-08-2024
16,Salem,Ammapet(Uzhavar Sandhai ),Coriander,2500,3000,3000,02-08-2024
17,Salem,Ammapet(Uzhavar Sandhai ),Coriander,2500,3000,3000,03-08-2024
18,Salem,Ammapet(Uzhavar Sandhai ),Coriander,2500,3000,3000,04-08-2024
19,Salem,Ammapet(Uzhavar Sandhai ),Coriander,2500,3000,3000,04-10-2024
20,Salem,Ammapet(Uzhavar Sandhai ),Coriander,2500,3000,3000,05-08-2024
21,Salem,Ammapet(Uzhavar Sandhai ),Coriander,2500,3000,3000,05-10-2024
22,Salem,Ammapet(Uzhavar Sandhai ),Coriander,2500,3000,3000,06-10-2024
23,Salem,Ammapet(Uzhavar Sandhai ),Coriander,2500,3000,3000,07-10-2024
24,Salem,Ammapet(Uzhavar Sandhai ),Coriander,2500,3000,3000,08-08-2024
25,Salem,Ammapet(Uzhavar Sandhai ),Coriander,2500,3000,3000,09-08-2024
26,Salem,Ammapet(Uzhavar Sandhai ),Coriander,2500,3000,3000,10-08-2024
27,Salem,Ammapet(Uzhavar Sandhai ),Coriander,2500,3000,3000,11-08-2024
28,Salem,Ammapet(Uzhavar Sandhai ),Coriander,2500,3000,3000,11-10-2024
29,Salem,Ammapet(Uzhavar Sandhai ),Coriander,2500,3000,3000,12-08-2024
30,Salem,Ammapet(Uzhavar Sandhai ),Coriander,2500,3000,3000,12-10-2024
31,Salem,Ammapet(Uzhavar Sandhai ),Coriander,2500,3000,3000,13-10-2024
32,Salem,Ammapet(Uzhavar Sandhai ),Coriander,2500,3000,3000,14-10-2024
33,Salem,Ammapet(Uzhavar Sandhai ),Coriander,2500,3000,3000,16-08-2024
34,Salem,Ammapet(Uzhavar Sandhai ),Coriander,2500,3000,3000,16-07-2024
35,Salem,Ammapet(Uzhavar Sandhai ),Coriander,2500,3000,3000,17-07-2024
36,Salem,Ammapet(Uzhavar Sandhai ),Coriander,2500,3000,3000,17-10-2024
37,Salem,Ammapet(Uzhavar Sandhai ),Coriander,2500,3000,3000,18-07-2024
38,Salem,Ammapet(Uzhavar Sandhai ),Coriander,2500,3000,3000,19-08-2024
39,Salem,Ammapet(Uzhavar Sandhai ),Coriander,2500,3000,3000,19-07-2024
40,Salem,Ammapet(Uzhavar Sandhai ),Coriander,2500,3000,3000,20-12-2024
41,Salem,Ammapet(Uzhavar Sandhai ),Coriander,2500,3000,3000,20-07-2024
42,Salem,Ammapet(Uzhavar Sandhai ),Coriander,2500,3000,3000,21-12-2024
43,Salem,Ammapet(Uzhavar Sandhai ),Coriander,2500,3000,3000,21-07-2024
44,Salem,Ammapet(Uzhavar Sandhai ),Coriander,2500,3000,3000,22-12-2024
45,Salem,Ammapet(Uzhavar Sandhai ),Coriander,2500,3000,3000,23-08-2024
46,Salem,Ammapet(Uzhavar Sandhai ),Coriander,2500,3000,3000,23-12-2024
47,Salem,Ammapet(Uzhavar Sandhai ),Coriander,2500,3000,3000,24-08-2024
48,Salem,Ammapet(Uzhavar Sandhai ),Coriander,2500,3000,3000,25-07-2024
49,Salem,Ammapet(Uzhavar Sandhai ),Coriander,2500,3000,3000,26-07-2024
50,Salem,Ammapet(Uzhavar Sandhai ),Coriander,2500,3000,3000,27-12-2024
51,Salem,Ammapet(Uzhavar Sandhai ),Coriander,2500,3000,3000,28-07-2024
52,Salem,Ammapet(Uzhavar Sandhai ),Coriander,2500,3000,3000,30-09-2024
53,Salem,Ammapet(Uzhavar Sandhai ),Coriander,2600,2800,2800,18-08-2024
54,Salem,Ammapet(Uzhavar Sandhai ),Coriander,2600,2800,2800,28-12-2024
55,Salem,Ammapet(Uzhavar Sandhai ),Coriander,2600,3000,3000,03-10-2024
56,Salem,Ammapet(Uzhavar Sandhai ),Coriander,2800,3000,3000,01-10-2024
57,Salem,Ammapet(Uzhavar Sandhai ),Coriander,2800,3000,3000,02-10-2024
58,Salem,Ammapet(Uzhavar Sandhai ),Coriander,2800,3000,3000,07-08-2024
59,Salem,Ammapet(Uzhavar Sandhai ),Coriander,2800,3000,3000,08-10-2024
60,Salem,Ammapet(Uzhavar Sandhai ),Coriander,2800,3000,3000,09-10-2024
61,Salem,Ammapet(Uzhavar Sandhai ),Coriander,2800,3000,3000,19-12-2024
62,Salem,Ammapet(Uzhavar Sandhai ),Coriander,2800,3000,3000,20-08-2024
63,Salem,Ammapet(Uzhavar Sandhai ),Coriander,2800,3000,3000,21-08-2024
64,Salem,Ammapet(Uzhavar Sandhai ),Coriander,2800,3000,3000,22-08-2024
65,Salem,Ammapet(Uzhavar Sandhai ),Coriander,2800,3200,3200,24-07-2024
66,Salem,Ammapet(Uzhavar Sandhai ),Coriander,3000,3200,3200,20-11-2024
67,Salem,Ammapet(Uzhavar Sandhai ),Coriander,3000,3200,3200,21-11-2024
68,Salem,Ammapet(Uzhavar Sandhai ),Coriander,3000,3500,3500,23-07-2024
69,Salem,Ammapet(Uzhavar Sandhai ),Coriander,3000,3500,3500,24-12-2024
70,Salem,Ammapet(Uzhavar Sandhai ),Coriander,3000,3500,3500,29-07-2024
71,Salem,Ammapet(Uzhavar Sandhai ),Coriander,3000,3600,3600,06-08-2024
72,Salem,Ammapet(Uzhavar Sandhai ),Coriander,3000,3600,3600,15-10-2024
73,Salem,Ammapet(Uzhavar Sandhai ),Coriander,3000,3600,3600,22-07-2024
74,Salem,Ammapet(Uzhavar Sandhai ),Coriander,3200,3600,3600,16-11-2024
75,Salem,Ammapet(Uzhavar Sandhai ),Coriander,3400,3600,3600,11-11-2024
76,Salem,Ammapet(Uzhavar Sandhai ),Coriander,3400,3600,3600,12-11-2024
77,Salem,Ammapet(Uzhavar Sandhai ),Coriander,3400,3600,3600,17-11-2024
78,Salem,Ammapet(Uzhavar Sandhai ),Coriander,3400,3600,3600,18-12-2024
79,Salem,Ammapet(Uzhavar Sandhai ),Coriander,3400,3600,3600,18-11-2024
80,Salem,Ammapet(Uzhavar Sandhai ),Coriander,3400,3600,3600,19-11-2024
81,Salem,Ammapet(Uzhavar Sandhai ),Coriander,3400,3600,3600,22-11-2024
82,Salem,Ammapet(Uzhavar Sandhai ),Coriander,3400,3600,3600,23-11-2024
83,Salem,Ammapet(Uzhavar Sandhai ),Coriander,3500,4000,4000,07-12-2024
84,Salem,Ammapet(Uzhavar Sandhai ),Coriander,3500,4000,4000,09-12-2024
85,Salem,Ammapet(Uzhavar Sandhai ),Coriander,3500,4000,4000,09-11-2024
86,Salem,Ammapet(Uzhavar Sandhai ),Coriander,3500,4000,4000,11-12-2024
87,Salem,Ammapet(Uzhavar Sandhai ),Coriander,3500,4000,4000,13-11-2024
88,Salem,Ammapet(Uzhavar Sandhai ),Coriander,3500,4000,4000,14-11-2024
89,Salem,Ammapet(Uzhavar Sandhai ),Coriander,3500,4000,4000,15-12-2024
90,Salem,Ammapet(Uzhavar Sandhai ),Coriander,3500,4000,4000,15-11-2024
91,Salem,Ammapet(Uzhavar Sandhai ),Coriander,3500,4000,4000,16-10-2024
92,Salem,Ammapet(Uzhavar Sandhai ),Coriander,3500,4000,4000,19-10-2024
93,Salem,Ammapet(Uzhavar Sandhai ),Coriander,3500,4000,4000,25-12-2024
94,Salem,Ammapet(Uzhavar Sandhai ),Coriander,3500,4000,4000,27-09-2024
95,Salem,Ammapet(Uzhavar Sandhai ),Coriander,3500,4000,4000,29-09-2024
96,Salem,Ammapet(Uzhavar Sandhai ),Coriander,3600,4000,4000,08-12-2024
97,Salem,Ammapet(Uzhavar Sandhai ),Coriander,3600,4000,4000,13-12-2024
98,Salem,Ammapet(Uzhavar Sandhai ),Coriander,3600,4000,4000,14-12-2024
99,Salem,Ammapet(Uzhavar Sandhai ),Coriander,3600,4000,4000,16-12-2024
100,Salem,Ammapet(Uzhavar Sandhai ),Coriander,3600,4000,4000,24-11-2024
101,Salem,Ammapet(Uzhavar Sandhai ),Coriander,3600,4000,4000,25-11-2024
102,Salem,Ammapet(Uzhavar Sandhai ),Coriander,3800,4000,4000,10-11-2024
103,Salem,Ammapet(Uzhavar Sandhai ),Coriander,3800,4000,4000,17-12-2024
104,Salem,Ammapet(Uzhavar Sandhai ),Coriander,3800,4000,4000,26-12-2024
105,Salem,Ammapet(Uzhavar Sandhai ),Coriander,4000,4400,4400,06-11-2024
106,Salem,Ammapet(Uzhavar Sandhai ),Coriander,4000,4400,4400,07-11-2024
107,Salem,Ammapet(Uzhavar Sandhai ),Coriander,4000,4400,4400,08-11-2024
108,Salem,Ammapet(Uzhavar Sandhai ),Coriander,4000,4400,4400,10-12-2024
109,Salem,Ammapet(Uzhavar Sandhai ),Coriander,4000,4400,4400,22-10-2024
110,Salem,Ammapet(Uzhavar Sandhai ),Coriander,4000,4400,4400,23-10-2024
111,Salem,Ammapet(Uzhavar Sandhai ),Coriander,4000,4400,4400,26-09-2024
112,Salem,Ammapet(Uzhavar Sandhai ),Coriander,4000,4400,4400,29-11-2024
113,Salem,Ammapet(Uzhavar Sandhai ),Coriander,4000,4500,4500,12-09-2024
114,Salem,Ammapet(Uzhavar Sandhai ),Coriander,4000,4500,4500,26-08-2024
115,Salem,Ammapet(Uzhavar Sandhai ),Coriander,4400,4800,4800,02-12-2024
116,Salem,Ammapet(Uzhavar Sandhai ),Coriander,4400,4800,4800,25-10-2024
117,Salem,Ammapet(Uzhavar Sandhai ),Coriander,4400,4800,4800,26-10-2024
118,Salem,Ammapet(Uzhavar Sandhai ),Coriander,4400,4800,4800,27-10-2024
119,Salem,Ammapet(Uzhavar Sandhai ),Coriander,4400,4800,4800,28-10-2024
120,Salem,Ammapet(Uzhavar Sandhai ),Coriander,4400,4800,4800,29-10-2024
121,Salem,Ammapet(Uzhavar Sandhai ),Coriander,4500,4800,4800,05-11-2024
122,Salem,Ammapet(Uzhavar Sandhai ),Coriander,4500,4800,4800,24-10-2024
123,Salem,Ammapet(Uzhavar Sandhai ),Coriander,4500,5000,5000,04-11-2024
124,Salem,Ammapet(Uzhavar Sandhai ),Coriander,4500,5000,5000,06-12-2024
125,Salem,Ammapet(Uzhavar Sandhai ),Coriander,4500,5000,5000,18-10-2024
126,Salem,Ammapet(Uzhavar Sandhai ),Coriander,4500,5000,5000,20-10-2024
127,Salem,Ammapet(Uzhavar Sandhai ),Coriander,4500,5000,5000,21-10-2024
128,Salem,Ammapet(Uzhavar Sandhai ),Coriander,4600,5000,5000,03-12-2024
129,Salem,Ammapet(Uzhavar Sandhai ),Coriander,4600,5000,5000,12-12-2024
130,Salem,Ammapet(Uzhavar Sandhai ),Coriander,4600,5000,5000,26-11-2024
131,Salem,Ammapet(Uzhavar Sandhai ),Coriander,4600,5000,5000,28-11-2024
132,Salem,Ammapet(Uzhavar Sandhai ),Coriander,5000,5200,5200,25-09-2024
133,Salem,Ammapet(Uzhavar Sandhai ),Coriander,5200,5600,5600,27-11-2024
134,Salem,Ammapet(Uzhavar Sandhai ),Coriander,5400,5600,5600,05-12-2024
135,Salem,Ammapet(Uzhavar Sandhai ),Coriander,5500,6000,6000,01-11-2024
136,Salem,Ammapet(Uzhavar Sandhai ),Coriander,5500,6000,6000,02-11-2024
137,Salem,Ammapet(Uzhavar Sandhai ),Coriander,5500,6000,6000,03-11-2024
138,Salem,Ammapet(Uzhavar Sandhai ),Coriander,5500,6000,6000,04-12-2024
139,Salem,Ammapet(Uzhavar Sandhai ),Coriander,6000,8000,8000,27-08-2024
140,Salem,Ammapet(Uzhavar Sandhai ),Coriander,6500,7000,7000,30-10-2024
141,Salem,Ammapet(Uzhavar Sandhai ),Coriander,6500,7000,7000,31-10-2024
142,Salem,Ammapet(Uzhavar Sandhai ),Coriander,6500,8000,8000,02-09-2024
143,Salem,Ammapet(Uzhavar Sandhai ),Coriander,7000,7500,7500,03-09-2024
144,Salem,Ammapet(Uzhavar Sandhai ),Coriander,7000,8000,8000,01-09-2024
145,Salem,Ammapet(Uzhavar Sandhai ),Coriander,7000,8000,8000,13-09-2024
146,Salem,Ammapet(Uzhavar Sandhai ),Coriander,7000,8000,8000,23-09-2024
147,Salem,Ammapet(Uzhavar Sandhai ),Coriander,7000,8000,8000,24-09-2024
148,Salem,Ammapet(Uzhavar Sandhai ),Coriander,7000,8000,8000,25-08-2024
149,Salem,Ammapet(Uzhavar Sandhai ),Coriander,7000,8000,8000,28-08-2024
150,Salem,Ammapet(Uzhavar Sandhai ),Coriander,7000,8000,8000,29-08-2024
151,Salem,Ammapet(Uzhavar Sandhai ),Coriander,7000,8000,8000,30-08-2024
152,Salem,Ammapet(Uzhavar Sandhai ),Coriander,7600,8000,8000,05-09-2024
153,Salem,Ammapet(Uzhavar Sandhai ),Coriander,7600,8000,8000,31-08-2024
154,Salem,Ammapet(Uzhavar Sandhai ),Coriander,8000,8500,8500,04-09-2024
155,Salem,Ammapet(Uzhavar Sandhai ),Coriander,8000,8500,8500,07-09-2024
156,Salem,Ammapet(Uzhavar Sandhai ),Coriander,8000,8800,8800,06-09-2024
157,Salem,Ammapet(Uzhavar Sandhai ),Coriander,8000,10000,10000,09-09-2024
158,Salem,Ammapet(Uzhavar Sandhai ),Coriander,8500,9000,9000,19-09-2024
159,Salem,Ammapet(Uzhavar Sandhai ),Coriander,8500,10000,10000,15-09-2024
160,Salem,Ammapet(Uzhavar Sandhai ),Coriander,9000,9600,9600,08-09-2024
161,Salem,Ammapet(Uzhavar Sandhai ),Coriander,9000,10000,10000,11-09-2024
162,Salem,Ammapet(Uzhavar Sandhai ),Coriander,9000,10000,10000,16-09-2024
163,Salem,Ammapet(Uzhavar Sandhai ),Coriander,9000,10000,10000,17-09-2024
164,Salem,Ammapet(Uzhavar Sandhai ),Coriander,9000,10000,10000,18-09-2024
165,Salem,Ammapet(Uzhavar Sandhai ),Coriander,9000,10000,10000,20-09-2024
166,Salem,Ammapet(Uzhavar Sandhai ),Coriander,9000,10000,10000,21-09-2024
167,Salem,Ammapet(Uzhavar Sandhai ),Coriander,9000,10000,10000,22-09-2024
168,Salem,Ammapet(Uzhavar Sandhai ),Coriander,10000,11000,11000,10-09-2024
169,Salem,Athur(Uzhavar Sandhai ),Coriander,2000,2400,2400,26-09-2024
170,Salem,Athur(Uzhavar Sandhai ),Coriander,2500,3000,3000,02-08-2024
171,Salem,Athur(Uzhavar Sandhai ),Coriander,2500,3000,3000,04-10-2024
172,Salem,Athur(Uzhavar Sandhai ),Coriander,2500,3000,3000,05-10-2024
173,Salem,Athur(Uzhavar Sandhai ),Coriander,2500,3000,3000,06-10-2024
174,Salem,Athur(Uzhavar Sandhai ),Coriander,2500,3000,3000,07-10-2024
175,Salem,Athur(Uzhavar Sandhai ),Coriander,2500,3000,3000,08-08-2024
176,Salem,Athur(Uzhavar Sandhai ),Coriander,2500,3000,3000,08-10-2024
177,Salem,Athur(Uzhavar Sandhai ),Coriander,2500,3000,3000,09-10-2024
178,Salem,Athur(Uzhavar Sandhai ),Coriander,2500,3000,3000,10-10-2024
179,Salem,Athur(Uzhavar Sandhai ),Coriander,2500,3000,3000,12-10-2024
180,Salem,Athur(Uzhavar Sandhai ),Coriander,2500,3000,3000,14-10-2024
181,Salem,Athur(Uzhavar Sandhai ),Coriander,2500,3000,3000,15-10-2024
182,Salem,Athur(Uzhavar Sandhai ),Coriander,2500,3000,3000,17-08-2024
183,Salem,Athur(Uzhavar Sandhai ),Coriander,2500,3000,3000,17-07-2024
184,Salem,Athur(Uzhavar Sandhai ),Coriander,2500,3000,3000,19-08-2024
185,Salem,Athur(Uzhavar Sandhai ),Coriander,2500,3000,3000,20-08-2024
186,Salem,Athur(Uzhavar Sandhai ),Coriander,2500,3000,3000,21-08-2024
187,Salem,Athur(Uzhavar Sandhai ),Coriander,2500,3000,3000,24-07-2024
188,Salem,Athur(Uzhavar Sandhai ),Coriander,2500,3000,3000,31-07-2024
189,Salem,Athur(Uzhavar Sandhai ),Coriander,2600,3000,3000,19-07-2024
190,Salem,Athur(Uzhavar Sandhai ),Coriander,2600,3000,3000,25-07-2024
191,Salem,Athur(Uzhavar Sandhai ),Coriander,2800,3000,3000,03-10-2024
192,Salem,Athur(Uzhavar Sandhai ),Coriander,2800,3000,3000,16-07-2024
193,Salem,Athur(Uzhavar Sandhai ),Coriander,2800,3000,3000,18-07-2024
194,Salem,Athur(Uzhavar Sandhai ),Coriander,2800,3000,3000,20-07-2024
195,Salem,Athur(Uzhavar Sandhai ),Coriander,2800,3000,3000,21-07-2024
196,Salem,Athur(Uzhavar Sandhai ),Coriander,2800,3000,3000,22-07-2024
197,Salem,Athur(Uzhavar Sandhai ),Coriander,2800,3000,3000,23-07-2024
198,Salem,Athur(Uzhavar Sandhai ),Coriander,2800,3000,3000,26-07-2024
199,Salem,Athur(Uzhavar Sandhai ),Coriander,2800,3000,3000,27-07-2024
200,Salem,Athur(Uzhavar Sandhai ),Coriander,2800,3000,3000,28-07-2024
201,Salem,Athur(Uzhavar Sandhai ),Coriander,2800,3000,3000,29-07-2024
202,Salem,Athur(Uzhavar Sandhai ),Coriander,2800,3000,3000,30-07-2024
203,Salem,Athur(Uzhavar Sandhai ),Coriander,3000,3500,3500,01-01-2025
204,Salem,Athur(Uzhavar Sandhai ),Coriander,3000,3500,3500,02-10-2024
205,Salem,Athur(Uzhavar Sandhai ),Coriander,3000,3500,3500,03-08-2024
206,Salem,Athur(Uzhavar Sandhai ),Coriander,3000,3500,3500,04-08-2024
207,Salem,Athur(Uzhavar Sandhai ),Coriander,3000,3500,3500,05-08-2024
208,Salem,Athur(Uzhavar Sandhai ),Coriander,3000,3500,3500,06-08-2024
209,Salem,Athur(Uzhavar Sandhai ),Coriander,3000,3500,3500,11-10-2024
210,Salem,Athur(Uzhavar Sandhai ),Coriander,3000,3500,3500,16-10-2024
211,Salem,Athur(Uzhavar Sandhai ),Coriander,3000,3500,3500,17-10-2024
212,Salem,Athur(Uzhavar Sandhai ),Coriander,3000,3500,3500,27-12-2024
213,Salem,Athur(Uzhavar Sandhai ),Coriander,3000,3500,3500,28-12-2024
214,Salem,Athur(Uzhavar Sandhai ),Coriander,3000,3500,3500,29-12-2024
215,Salem,Athur(Uzhavar Sandhai ),Coriander,3000,3500,3500,30-12-2024
216,Salem,Athur(Uzhavar Sandhai ),Coriander,3000,3500,3500,31-12-2024
217,Salem,Athur(Uzhavar Sandhai ),Coriander,3000,3600,3600,01-08-2024
218,Salem,Athur(Uzhavar Sandhai ),Coriander,3000,3600,3600,09-08-2024
219,Salem,Athur(Uzhavar Sandhai ),Coriander,3000,3600,3600,10-08-2024
220,Salem,Athur(Uzhavar Sandhai ),Coriander,3000,3600,3600,11-08-2024
221,Salem,Athur(Uzhavar Sandhai ),Coriander,3000,3600,3600,12-08-2024
222,Salem,Athur(Uzhavar Sandhai ),Coriander,3000,3600,3600,13-08-2024
223,Salem,Athur(Uzhavar Sandhai ),Coriander,3000,3600,3600,13-10-2024
224,Salem,Athur(Uzhavar Sandhai ),Coriander,3000,3600,3600,15-08-2024
225,Salem,Athur(Uzhavar Sandhai ),Coriander,3000,3600,3600,16-08-2024
226,Salem,Athur(Uzhavar Sandhai ),Coriander,3000,3600,3600,18-08-2024
227,Salem,Athur(Uzhavar Sandhai ),Coriander,3200,3600,3600,07-08-2024
228,Salem,Athur(Uzhavar Sandhai ),Coriander,3400,3600,3600,14-08-2024
229,Salem,Athur(Uzhavar Sandhai ),Coriander,3500,4000,4000,10-12-2024
230,Salem,Athur(Uzhavar Sandhai ),Coriander,3500,4000,4000,11-12-2024
231,Salem,Athur(Uzhavar Sandhai ),Coriander,3500,4000,4000,12-12-2024
232,Salem,Athur(Uzhavar Sandhai ),Coriander,3500,4000,4000,13-12-2024
233,Salem,Athur(Uzhavar Sandhai ),Coriander,3500,4000,4000,14-12-2024
234,Salem,Athur(Uzhavar Sandhai ),Coriander,3500,4000,4000,15-12-2024
235,Salem,Athur(Uzhavar Sandhai ),Coriander,3500,4000,4000,16-12-2024
236,Salem,Athur(Uzhavar Sandhai ),Coriander,3500,4000,4000,17-12-2024
237,Salem,Athur(Uzhavar Sandhai ),Coriander,3500,4000,4000,18-12-2024
238,Salem,Athur(Uzhavar Sandhai ),Coriander,3500,4000,4000,19-12-2024
239,Salem,Athur(Uzhavar Sandhai ),Coriander,3500,4000,4000,20-12-2024
240,Salem,Athur(Uzhavar Sandhai ),Coriander,3500,4000,4000,21-12-2024
241,Salem,Athur(Uzhavar Sandhai ),Coriander,3500,4000,4000,22-08-2024
242,Salem,Athur(Uzhavar Sandhai ),Coriander,3500,4000,4000,22-12-2024
243,Salem,Athur(Uzhavar Sandhai ),Coriander,3500,4000,4000,23-08-2024
244,Salem,Athur(Uzhavar Sandhai ),Coriander,3500,4000,4000,23-12-2024
245,Salem,Athur(Uzhavar Sandhai ),Coriander,3500,4000,4000,24-12-2024
246,Salem,Athur(Uzhavar Sandhai ),Coriander,3500,4000,4000,25-12-2024
247,Salem,Athur(Uzhavar Sandhai ),Coriander,3500,4000,4000,26-12-2024
248,Salem,Athur(Uzhavar Sandhai ),Coriander,3500,4000,4000,28-09-2024
249,Salem,Athur(Uzhavar Sandhai ),Coriander,3500,4000,4000,29-11-2024
250,Salem,Athur(Uzhavar Sandhai ),Coriander,3500,4000,4000,29-09-2024
251,Salem,Athur(Uzhavar Sandhai ),Coriander,3500,4000,4000,30-09-2024
252,Salem,Athur(Uzhavar Sandhai ),Coriander,3800,4000,4000,27-09-2024
253,Salem,Athur(Uzhavar Sandhai ),Coriander,4000,4500,4500,18-11-2024
254,Salem,Athur(Uzhavar Sandhai ),Coriander,4000,4500,4500,20-11-2024
255,Salem,Athur(Uzhavar Sandhai ),Coriander,4000,4500,4500,21-11-2024
256,Salem,Athur(Uzhavar Sandhai ),Coriander,4000,4500,4500,22-11-2024
257,Salem,Athur(Uzhavar Sandhai ),Coriander,4000,4500,4500,23-11-2024
258,Salem,Athur(Uzhavar Sandhai ),Coriander,4000,4500,4500,24-11-2024
259,Salem,Athur(Uzhavar Sandhai ),Coriander,4000,4500,4500,25-11-2024
260,Salem,Athur(Uzhavar Sandhai ),Coriander,4000,4500,4500,26-11-2024
261,Salem,Athur(Uzhavar Sandhai ),Coriander,4000,4800,4800,21-10-2024
262,Salem,Athur(Uzhavar Sandhai ),Coriander,4000,5000,5000,01-10-2024
263,Salem,Athur(Uzhavar Sandhai ),Coriander,4000,5000,5000,16-11-2024
264,Salem,Athur(Uzhavar Sandhai ),Coriander,4000,5000,5000,19-10-2024
265,Salem,Athur(Uzhavar Sandhai ),Coriander,4000,5000,5000,25-08-2024
266,Salem,Athur(Uzhavar Sandhai ),Coriander,4000,5000,5000,29-10-2024
267,Salem,Athur(Uzhavar Sandhai ),Coriander,4500,5000,5000,02-12-2024
268,Salem,Athur(Uzhavar Sandhai ),Coriander,4500,5000,5000,07-12-2024
269,Salem,Athur(Uzhavar Sandhai ),Coriander,4500,5000,5000,07-11-2024
270,Salem,Athur(Uzhavar Sandhai ),Coriander,4500,5000,5000,08-12-2024
271,Salem,Athur(Uzhavar Sandhai ),Coriander,4500,5000,5000,08-11-2024
272,Salem,Athur(Uzhavar Sandhai ),Coriander,4500,5000,5000,09-12-2024
273,Salem,Athur(Uzhavar Sandhai ),Coriander,4500,5000,5000,09-11-2024
274,Salem,Athur(Uzhavar Sandhai ),Coriander,4500,5000,5000,10-11-2024
275,Salem,Athur(Uzhavar Sandhai ),Coriander,4500,5000,5000,11-11-2024
276,Salem,Athur(Uzhavar Sandhai ),Coriander,4500,5000,5000,12-11-2024
277,Salem,Athur(Uzhavar Sandhai ),Coriander,4500,5000,5000,13-11-2024
278,Salem,Athur(Uzhavar Sandhai ),Coriander,4500,5000,5000,14-11-2024
279,Salem,Athur(Uzhavar Sandhai ),Coriander,4500,5000,5000,17-11-2024
280,Salem,Athur(Uzhavar Sandhai ),Coriander,4500,5000,5000,18-10-2024
281,Salem,Athur(Uzhavar Sandhai ),Coriander,4500,5000,5000,19-11-2024
282,Salem,Athur(Uzhavar Sandhai ),Coriander,4500,5000,5000,22-10-2024
283,Salem,Athur(Uzhavar Sandhai ),Coriander,4500,5000,5000,23-10-2024
284,Salem,Athur(Uzhavar Sandhai ),Coriander,4500,5000,5000,24-08-2024
285,Salem,Athur(Uzhavar Sandhai ),Coriander,4500,5000,5000,24-10-2024
286,Salem,Athur(Uzhavar Sandhai ),Coriander,4500,5000,5000,25-10-2024
287,Salem,Athur(Uzhavar Sandhai ),Coriander,4500,5000,5000,26-10-2024
288,Salem,Athur(Uzhavar Sandhai ),Coriander,4500,5000,5000,27-10-2024
289,Salem,Athur(Uzhavar Sandhai ),Coriander,4500,5000,5000,28-11-2024
290,Salem,Athur(Uzhavar Sandhai ),Coriander,4500,5000,5000,28-10-2024
291,Salem,Athur(Uzhavar Sandhai ),Coriander,5000,5500,5500,31-10-2024
292,Salem,Athur(Uzhavar Sandhai ),Coriander,5000,6000,6000,03-11-2024
293,Salem,Athur(Uzhavar Sandhai ),Coriander,5000,6000,6000,05-12-2024
294,Salem,Athur(Uzhavar Sandhai ),Coriander,5000,6000,6000,05-11-2024
295,Salem,Athur(Uzhavar Sandhai ),Coriander,5000,6000,6000,27-11-2024
296,Salem,Athur(Uzhavar Sandhai ),Coriander,5500,6000,6000,01-11-2024
297,Salem,Athur(Uzhavar Sandhai ),Coriander,5500,6000,6000,03-12-2024
298,Salem,Athur(Uzhavar Sandhai ),Coriander,5500,6000,6000,04-12-2024
299,Salem,Athur(Uzhavar Sandhai ),Coriander,5500,6000,6000,04-11-2024
300,Salem,Athur(Uzhavar Sandhai ),Coriander,5500,6000,6000,06-12-2024
301,Salem,Athur(Uzhavar Sandhai ),Coriander,5500,6000,6000,06-11-2024
302,Salem,Athur(Uzhavar Sandhai ),Coriander,5500,6000,6000,15-11-2024
303,Salem,Athur(Uzhavar Sandhai ),Coriander,5500,6000,6000,20-10-2024
304,Salem,Athur(Uzhavar Sandhai ),Coriander,5500,6000,6000,30-10-2024
305,Salem,Athur(Uzhavar Sandhai ),Coriander,6500,7000,7000,02-11-2024
306,Salem,Athur(Uzhavar Sandhai ),Coriander,6500,7000,7000,13-09-2024
307,Salem,Athur(Uzhavar Sandhai ),Coriander,7000,8000,8000,01-09-2024
308,Salem,Athur(Uzhavar Sandhai ),Coriander,7000,8000,8000,02-09-2024
309,Salem,Athur(Uzhavar Sandhai ),Coriander,7000,8000,8000,03-09-2024
310,Salem,Athur(Uzhavar Sandhai ),Coriander,7000,8000,8000,04-09-2024
311,Salem,Athur(Uzhavar Sandhai ),Coriander,7000,8000,8000,06-09-2024
312,Salem,Athur(Uzhavar Sandhai ),Coriander,7000,8000,8000,14-09-2024
313,Salem,Athur(Uzhavar Sandhai ),Coriander,7000,8000,8000,25-09-2024
314,Salem,Athur(Uzhavar Sandhai ),Coriander,7000,8000,8000,26-08-2024
315,Salem,Athur(Uzhavar Sandhai ),Coriander,7000,8000,8000,27-08-2024
316,Salem,Athur(Uzhavar Sandhai ),Coriander,7000,8000,8000,28-08-2024
317,Salem,Athur(Uzhavar Sandhai ),Coriander,7000,8000,8000,29-08-2024
318,Salem,Athur(Uzhavar Sandhai ),Coriander,7000,8000,8000,30-08-2024
319,Salem,Athur(Uzhavar Sandhai ),Coriander,7000,8000,8000,31-08-2024
320,Salem,Athur(Uzhavar Sandhai ),Coriander,7500,8000,8000,12-09-2024
321,Salem,Athur(Uzhavar Sandhai ),Coriander,7500,8000,8000,23-09-2024
322,Salem,Athur(Uzhavar Sandhai ),Coriander,7500,8000,8000,24-09-2024
323,Salem,Athur(Uzhavar Sandhai ),Coriander,8000,8500,8500,07-09-2024
324,Salem,Athur(Uzhavar Sandhai ),Coriander,8000,9000,9000,05-09-2024
325,Salem,Athur(Uzhavar Sandhai ),Coriander,8000,9000,9000,09-09-2024
326,Salem,Athur(Uzhavar Sandhai ),Coriander,8000,9000,9000,10-09-2024
327,Salem,Athur(Uzhavar Sandhai ),Coriander,8000,9000,9000,11-09-2024
328,Salem,Athur(Uzhavar Sandhai ),Coriander,8000,9000,9000,15-09-2024
329,Salem,Athur(Uzhavar Sandhai ),Coriander,8000,9000,9000,16-09-2024
330,Salem,Athur(Uzhavar Sandhai ),Coriander,8000,9000,9000,19-09-2024
331,Salem,Athur(Uzhavar Sandhai ),Coriander,8000,9000,9000,20-09-2024
332,Salem,Athur(Uzhavar Sandhai ),Coriander,8000,9000,9000,21-09-2024
333,Salem,Athur(Uzhavar Sandhai ),Coriander,8000,9000,9000,22-09-2024
334,Salem,Athur(Uzhavar Sandhai ),Coriander,8500,9000,9000,18-09-2024
335,Salem,Athur(Uzhavar Sandhai ),Coriander,9000,9500,9500,17-09-2024
336,Salem,Athur(Uzhavar Sandhai ),Coriander,9000,10000,10000,08-09-2024
337,Salem,Attayampatti(Uzhavar Sandhai ),Coriander,2400,2600,2600,01-01-2025
338,Salem,Attayampatti(Uzhavar Sandhai ),Coriander,2400,2600,2600,31-12-2024
339,Salem,Attayampatti(Uzhavar Sandhai ),Coriander,2400,2600,2600,31-07-2024
340,Salem,Attayampatti(Uzhavar Sandhai ),Coriander,2500,2800,2800,26-07-2024
341,Salem,Attayampatti(Uzhavar Sandhai ),Coriander,2500,2800,2800,30-07-2024
342,Salem,Attayampatti(Uzhavar Sandhai ),Coriander,2500,3000,3000,01-10-2024
343,Salem,Attayampatti(Uzhavar Sandhai ),Coriander,2500,3000,3000,02-08-2024
344,Salem,Attayampatti(Uzhavar Sandhai ),Coriander,2500,3000,3000,02-10-2024
345,Salem,Attayampatti(Uzhavar Sandhai ),Coriander,2500,3000,3000,04-10-2024
346,Salem,Attayampatti(Uzhavar Sandhai ),Coriander,2500,3000,3000,05-10-2024
347,Salem,Attayampatti(Uzhavar Sandhai ),Coriander,2500,3000,3000,06-10-2024
348,Salem,Attayampatti(Uzhavar Sandhai ),Coriander,2500,3000,3000,07-10-2024
349,Salem,Attayampatti(Uzhavar Sandhai ),Coriander,2500,3000,3000,08-10-2024
350,Salem,Attayampatti(Uzhavar Sandhai ),Coriander,2500,3000,3000,09-10-2024
351,Salem,Attayampatti(Uzhavar Sandhai ),Coriander,2500,3000,3000,11-10-2024
352,Salem,Attayampatti(Uzhavar Sandhai ),Coriander,2500,3000,3000,12-10-2024
353,Salem,Attayampatti(Uzhavar Sandhai ),Coriander,2500,3000,3000,14-10-2024
354,Salem,Attayampatti(Uzhavar Sandhai ),Coriander,2500,3000,3000,16-08-2024
355,Salem,Attayampatti(Uzhavar Sandhai ),Coriander,2500,3000,3000,28-12-2024
356,Salem,Attayampatti(Uzhavar Sandhai ),Coriander,2500,3000,3000,30-09-2024
357,Salem,Attayampatti(Uzhavar Sandhai ),Coriander,2600,2800,2800,10-08-2024
358,Salem,Attayampatti(Uzhavar Sandhai ),Coriander,2600,2800,2800,12-08-2024
359,Salem,Attayampatti(Uzhavar Sandhai ),Coriander,2600,2800,2800,13-08-2024
360,Salem,Attayampatti(Uzhavar Sandhai ),Coriander,2600,3000,3000,03-10-2024
361,Salem,Attayampatti(Uzhavar Sandhai ),Coriander,2600,3000,3000,18-07-2024
362,Salem,Attayampatti(Uzhavar Sandhai ),Coriander,2600,3000,3000,27-07-2024
363,Salem,Attayampatti(Uzhavar Sandhai ),Coriander,2600,3000,3000,29-07-2024
364,Salem,Attayampatti(Uzhavar Sandhai ),Coriander,2800,3000,3000,01-08-2024
365,Salem,Attayampatti(Uzhavar Sandhai ),Coriander,2800,3000,3000,03-08-2024
366,Salem,Attayampatti(Uzhavar Sandhai ),Coriander,2800,3000,3000,04-08-2024
367,Salem,Attayampatti(Uzhavar Sandhai ),Coriander,2800,3000,3000,05-08-2024
368,Salem,Attayampatti(Uzhavar Sandhai ),Coriander,2800,3000,3000,06-08-2024
369,Salem,Attayampatti(Uzhavar Sandhai ),Coriander,2800,3000,3000,10-10-2024
370,Salem,Attayampatti(Uzhavar Sandhai ),Coriander,2800,3000,3000,11-08-2024
371,Salem,Attayampatti(Uzhavar Sandhai ),Coriander,2800,3000,3000,14-08-2024
372,Salem,Attayampatti(Uzhavar Sandhai ),Coriander,2800,3000,3000,15-08-2024
373,Salem,Attayampatti(Uzhavar Sandhai ),Coriander,2800,3000,3000,17-08-2024
374,Salem,Attayampatti(Uzhavar Sandhai ),Coriander,2800,3000,3000,18-08-2024
375,Salem,Attayampatti(Uzhavar Sandhai ),Coriander,2800,3000,3000,19-08-2024
376,Salem,Attayampatti(Uzhavar Sandhai ),Coriander,2800,3000,3000,20-08-2024
377,Salem,Attayampatti(Uzhavar Sandhai ),Coriander,2800,3000,3000,21-08-2024
378,Salem,Attayampatti(Uzhavar Sandhai ),Coriander,2800,3000,3000,21-07-2024
379,Salem,Attayampatti(Uzhavar Sandhai ),Coriander,2800,3000,3000,22-12-2024
380,Salem,Attayampatti(Uzhavar Sandhai ),Coriander,2800,3000,3000,22-07-2024
381,Salem,Attayampatti(Uzhavar Sandhai ),Coriander,2800,3000,3000,23-12-2024
382,Salem,Attayampatti(Uzhavar Sandhai ),Coriander,2800,3000,3000,23-07-2024
383,Salem,Attayampatti(Uzhavar Sandhai ),Coriander,2800,3000,3000,24-07-2024
384,Salem,Attayampatti(Uzhavar Sandhai ),Coriander,2800,3000,3000,25-07-2024
385,Salem,Attayampatti(Uzhavar Sandhai ),Coriander,2800,3000,3000,27-12-2024
386,Salem,Attayampatti(Uzhavar Sandhai ),Coriander,2800,3000,3000,28-07-2024
387,Salem,Attayampatti(Uzhavar Sandhai ),Coriander,2800,3000,3000,29-12-2024
388,Salem,Attayampatti(Uzhavar Sandhai ),Coriander,2800,3000,3000,30-12-2024
389,Salem,Attayampatti(Uzhavar Sandhai ),Coriander,3000,3200,3200,09-08-2024
390,Salem,Attayampatti(Uzhavar Sandhai ),Coriander,3000,3200,3200,19-07-2024
391,Salem,Attayampatti(Uzhavar Sandhai ),Coriander,3000,3400,3400,13-10-2024
392,Salem,Attayampatti(Uzhavar Sandhai ),Coriander,3000,3400,3400,18-12-2024
393,Salem,Attayampatti(Uzhavar Sandhai ),Coriander,3000,3400,3400,26-12-2024
394,Salem,Attayampatti(Uzhavar Sandhai ),Coriander,3000,3500,3500,07-08-2024
395,Salem,Attayampatti(Uzhavar Sandhai ),Coriander,3000,3500,3500,19-12-2024
396,Salem,Attayampatti(Uzhavar Sandhai ),Coriander,3000,3600,3600,22-08-2024
397,Salem,Attayampatti(Uzhavar Sandhai ),Coriander,3200,3500,3500,08-08-2024
398,Salem,Attayampatti(Uzhavar Sandhai ),Coriander,3200,3500,3500,16-07-2024
399,Salem,Attayampatti(Uzhavar Sandhai ),Coriander,3200,3500,3500,17-07-2024
400,Salem,Attayampatti(Uzhavar Sandhai ),Coriander,3200,3500,3500,18-11-2024
401,Salem,Attayampatti(Uzhavar Sandhai ),Coriander,3200,3500,3500,19-11-2024
402,Salem,Attayampatti(Uzhavar Sandhai ),Coriander,3200,3500,3500,20-07-2024
403,Salem,Attayampatti(Uzhavar Sandhai ),Coriander,3200,3500,3500,20-11-2024
404,Salem,Attayampatti(Uzhavar Sandhai ),Coriander,3200,3500,3500,21-11-2024
405,Salem,Attayampatti(Uzhavar Sandhai ),Coriander,3200,3600,3600,22-11-2024
406,Salem,Attayampatti(Uzhavar Sandhai ),Coriander,3400,3600,3600,11-11-2024
407,Salem,Attayampatti(Uzhavar Sandhai ),Coriander,3400,3600,3600,12-11-2024
408,Salem,Attayampatti(Uzhavar Sandhai ),Coriander,3400,3600,3600,17-12-2024
409,Salem,Attayampatti(Uzhavar Sandhai ),Coriander,3400,3600,3600,17-11-2024
410,Salem,Attayampatti(Uzhavar Sandhai ),Coriander,3400,3600,3600,23-08-2024
411,Salem,Attayampatti(Uzhavar Sandhai ),Coriander,3400,3600,3600,23-11-2024
412,Salem,Attayampatti(Uzhavar Sandhai ),Coriander,3400,3600,3600,24-12-2024
413,Salem,Attayampatti(Uzhavar Sandhai ),Coriander,3500,4000,4000,08-12-2024
414,Salem,Attayampatti(Uzhavar Sandhai ),Coriander,3500,4000,4000,08-11-2024
415,Salem,Attayampatti(Uzhavar Sandhai ),Coriander,3500,4000,4000,09-11-2024
416,Salem,Attayampatti(Uzhavar Sandhai ),Coriander,3500,4000,4000,13-12-2024
417,Salem,Attayampatti(Uzhavar Sandhai ),Coriander,3500,4000,4000,14-12-2024
418,Salem,Attayampatti(Uzhavar Sandhai ),Coriander,3500,4000,4000,15-11-2024
419,Salem,Attayampatti(Uzhavar Sandhai ),Coriander,3500,4000,4000,15-10-2024
420,Salem,Attayampatti(Uzhavar Sandhai ),Coriander,3500,4000,4000,16-12-2024
421,Salem,Attayampatti(Uzhavar Sandhai ),Coriander,3500,4000,4000,16-11-2024
422,Salem,Attayampatti(Uzhavar Sandhai ),Coriander,3500,4000,4000,20-12-2024
423,Salem,Attayampatti(Uzhavar Sandhai ),Coriander,3500,4000,4000,28-09-2024
424,Salem,Attayampatti(Uzhavar Sandhai ),Coriander,3500,4000,4000,29-09-2024
425,Salem,Attayampatti(Uzhavar Sandhai ),Coriander,3600,4000,4000,07-12-2024
426,Salem,Attayampatti(Uzhavar Sandhai ),Coriander,3600,4000,4000,10-12-2024
427,Salem,Attayampatti(Uzhavar Sandhai ),Coriander,3600,4000,4000,12-12-2024
428,Salem,Attayampatti(Uzhavar Sandhai ),Coriander,3600,4000,4000,16-10-2024
429,Salem,Attayampatti(Uzhavar Sandhai ),Coriander,3600,4000,4000,24-11-2024
430,Salem,Attayampatti(Uzhavar Sandhai ),Coriander,3600,4000,4000,25-12-2024
431,Salem,Attayampatti(Uzhavar Sandhai ),Coriander,3600,4000,4000,25-11-2024
432,Salem,Attayampatti(Uzhavar Sandhai ),Coriander,3800,4000,4000,07-11-2024
433,Salem,Attayampatti(Uzhavar Sandhai ),Coriander,3800,4000,4000,09-12-2024
434,Salem,Attayampatti(Uzhavar Sandhai ),Coriander,3800,4000,4000,10-11-2024
435,Salem,Attayampatti(Uzhavar Sandhai ),Coriander,3800,4000,4000,11-12-2024
436,Salem,Attayampatti(Uzhavar Sandhai ),Coriander,3800,4000,4000,13-11-2024
437,Salem,Attayampatti(Uzhavar Sandhai ),Coriander,3800,4000,4000,14-11-2024
438,Salem,Attayampatti(Uzhavar Sandhai ),Coriander,3800,4000,4000,15-12-2024
439,Salem,Attayampatti(Uzhavar Sandhai ),Coriander,3800,4000,4000,21-12-2024
440,Salem,Attayampatti(Uzhavar Sandhai ),Coriander,4000,4500,4500,05-11-2024
441,Salem,Attayampatti(Uzhavar Sandhai ),Coriander,4000,4500,4500,06-11-2024
442,Salem,Attayampatti(Uzhavar Sandhai ),Coriander,4000,4500,4500,23-10-2024
443,Salem,Attayampatti(Uzhavar Sandhai ),Coriander,4000,4500,4500,24-08-2024
444,Salem,Attayampatti(Uzhavar Sandhai ),Coriander,4000,4500,4500,24-10-2024
445,Salem,Attayampatti(Uzhavar Sandhai ),Coriander,4000,4500,4500,25-10-2024
446,Salem,Attayampatti(Uzhavar Sandhai ),Coriander,4000,4500,4500,26-10-2024
447,Salem,Attayampatti(Uzhavar Sandhai ),Coriander,4000,4500,4500,26-09-2024
448,Salem,Attayampatti(Uzhavar Sandhai ),Coriander,4000,4500,4500,27-09-2024
449,Salem,Attayampatti(Uzhavar Sandhai ),Coriander,4000,4500,4500,29-10-2024
450,Salem,Attayampatti(Uzhavar Sandhai ),Coriander,4200,4500,4500,22-10-2024
451,Salem,Attayampatti(Uzhavar Sandhai ),Coriander,4500,5000,5000,06-12-2024
452,Salem,Attayampatti(Uzhavar Sandhai ),Coriander,4500,5000,5000,17-10-2024
453,Salem,Attayampatti(Uzhavar Sandhai ),Coriander,4500,5000,5000,18-10-2024
454,Salem,Attayampatti(Uzhavar Sandhai ),Coriander,4500,5000,5000,19-10-2024
455,Salem,Attayampatti(Uzhavar Sandhai ),Coriander,4500,5000,5000,20-10-2024
456,Salem,Attayampatti(Uzhavar Sandhai ),Coriander,4500,5000,5000,21-10-2024
457,Salem,Attayampatti(Uzhavar Sandhai ),Coriander,4500,5000,5000,25-09-2024
458,Salem,Attayampatti(Uzhavar Sandhai ),Coriander,4500,5000,5000,26-11-2024
459,Salem,Attayampatti(Uzhavar Sandhai ),Coriander,4500,5000,5000,28-11-2024
460,Salem,Attayampatti(Uzhavar Sandhai ),Coriander,4500,5000,5000,28-10-2024
461,Salem,Attayampatti(Uzhavar Sandhai ),Coriander,4500,5200,5200,31-10-2024
462,Salem,Attayampatti(Uzhavar Sandhai ),Coriander,4600,5000,5000,04-11-2024
463,Salem,Attayampatti(Uzhavar Sandhai ),Coriander,4600,5000,5000,27-10-2024
464,Salem,Attayampatti(Uzhavar Sandhai ),Coriander,4800,5000,5000,02-12-2024
465,Salem,Attayampatti(Uzhavar Sandhai ),Coriander,5000,5000,5000,03-12-2024
466,Salem,Attayampatti(Uzhavar Sandhai ),Coriander,5000,5500,5500,05-12-2024
467,Salem,Attayampatti(Uzhavar Sandhai ),Coriander,5000,5500,5500,27-11-2024
468,Salem,Attayampatti(Uzhavar Sandhai ),Coriander,5500,6000,6000,01-11-2024
469,Salem,Attayampatti(Uzhavar Sandhai ),Coriander,5500,6000,6000,02-11-2024
470,Salem,Attayampatti(Uzhavar Sandhai ),Coriander,5500,6000,6000,03-11-2024
471,Salem,Attayampatti(Uzhavar Sandhai ),Coriander,5500,6000,6000,04-12-2024
472,Salem,Attayampatti(Uzhavar Sandhai ),Coriander,5600,6000,6000,30-10-2024
473,Salem,Attayampatti(Uzhavar Sandhai ),Coriander,6000,7000,7000,24-09-2024
474,Salem,Attayampatti(Uzhavar Sandhai ),Coriander,6500,7000,7000,31-08-2024
475,Salem,Attayampatti(Uzhavar Sandhai ),Coriander,6800,7200,7200,13-09-2024
476,Salem,Attayampatti(Uzhavar Sandhai ),Coriander,7000,7600,7600,03-09-2024
477,Salem,Attayampatti(Uzhavar Sandhai ),Coriander,7500,8000,8000,01-09-2024
478,Salem,Attayampatti(Uzhavar Sandhai ),Coriander,7500,8000,8000,02-09-2024
479,Salem,Attayampatti(Uzhavar Sandhai ),Coriander,7500,8000,8000,04-09-2024
480,Salem,Attayampatti(Uzhavar Sandhai ),Coriander,7500,8000,8000,07-09-2024
481,Salem,Attayampatti(Uzhavar Sandhai ),Coriander,7500,8000,8000,12-09-2024
482,Salem,Attayampatti(Uzhavar Sandhai ),Coriander,7500,8000,8000,14-09-2024
483,Salem,Attayampatti(Uzhavar Sandhai ),Coriander,7500,8000,8000,23-09-2024
484,Salem,Attayampatti(Uzhavar Sandhai ),Coriander,7500,8000,8000,26-08-2024
485,Salem,Attayampatti(Uzhavar Sandhai ),Coriander,7500,8000,8000,27-08-2024
486,Salem,Attayampatti(Uzhavar Sandhai ),Coriander,7500,8000,8000,28-08-2024
487,Salem,Attayampatti(Uzhavar Sandhai ),Coriander,7500,8000,8000,29-08-2024
488,Salem,Attayampatti(Uzhavar Sandhai ),Coriander,7500,8000,8000,30-08-2024
489,Salem,Attayampatti(Uzhavar Sandhai ),Coriander,7500,8400,8400,06-09-2024
490,Salem,Attayampatti(Uzhavar Sandhai ),Coriander,8000,8400,8400,05-09-2024
491,Salem,Attayampatti(Uzhavar Sandhai ),Coriander,8000,9000,9000,22-09-2024
492,Salem,Attayampatti(Uzhavar Sandhai ),Coriander,8500,9000,9000,08-09-2024
493,Salem,Attayampatti(Uzhavar Sandhai ),Coriander,8500,9000,9000,11-09-2024
494,Salem,Attayampatti(Uzhavar Sandhai ),Coriander,8500,9000,9000,25-08-2024
495,Salem,Attayampatti(Uzhavar Sandhai ),Coriander,8500,10000,10000,20-09-2024
496,Salem,Attayampatti(Uzhavar Sandhai ),Coriander,8500,10000,10000,21-09-2024
497,Salem,Attayampatti(Uzhavar Sandhai ),Coriander,9000,9600,9600,09-09-2024
498,Salem,Attayampatti(Uzhavar Sandhai ),Coriander,9000,9600,9600,19-09-2024
499,Salem,Attayampatti(Uzhavar Sandhai ),Coriander,9000,10000,10000,15-09-2024
500,Salem,Attayampatti(Uzhavar Sandhai ),Coriander,9500,10000,10000,16-09-2024
501,Salem,Attayampatti(Uzhavar Sandhai ),Coriander,9500,10000,10000,17-09-2024
502,Salem,Attayampatti(Uzhavar Sandhai ),Coriander,9500,10000,10000,18-09-2024
503,Salem,Attayampatti(Uzhavar Sandhai ),Coriander,10000,11000,11000,10-09-2024
504,Salem,Attur,Coriander,30,36,36,07-07-2024
505,Salem,Attur,Coriander,30,40,40,03-07-2024
506,Salem,Attur,Coriander,32,36,36,04-07-2024
507,Salem,Attur,Coriander,35,40,40,02-07-2024
508,Salem,Attur,Coriander,35,40,40,06-07-2024
509,Salem,Attur,Coriander,35,40,40,28-06-2024
510,Salem,Attur,Coriander,35,40,40,29-06-2024
511,Salem,Attur,Coriander,35,40,40,30-06-2024
512,Salem,Attur,Coriander,36,40,40,05-07-2024
513,Salem,Attur,Coriander,40,45,45,01-07-2024
514,Salem,Attur,Coriander,40,50,50,26-06-2024
515,Salem,Attur,Coriander,45,50,50,25-06-2024
516,Salem,Attur,Coriander,45,50,50,27-06-2024
517,Salem,Attur,Coriander,50,60,60,22-06-2024
518,Salem,Attur,Coriander,50,60,60,23-06-2024
519,Salem,Attur,Coriander,50,60,60,24-06-2024
520,Salem,Attur,Coriander,80,90,90,18-06-2024
521,Salem,Attur,Coriander,80,90,90,19-06-2024
522,Salem,Attur,Coriander,80,90,90,20-06-2024
523,Salem,Attur,Coriander,80,90,90,21-06-2024
524,Salem,Attur,Coriander,2800,3000,3000,12-07-2024
525,Salem,Attur,Coriander,2800,3000,3000,13-07-2024
526,Salem,Attur,Coriander,2800,3000,3000,14-07-2024
527,Salem,Attur,Coriander,2800,3000,3000,16-07-2024
528,Salem,Attur,Coriander,3000,3400,3400,08-07-2024
529,Salem,Attur,Coriander,3000,3400,3400,11-07-2024
530,Salem,Attur,Coriander,3000,3400,3400,15-07-2024
531,Salem,Attur,Coriander,3500,4000,4000,09-07-2024
532,Salem,Attur,Coriander,3500,4000,4000,10-07-2024
533,Salem,Edapadi (Uzhavar Sandhai ),Coriander,1000,1500,1500,04-08-2024
534,Salem,Edapadi (Uzhavar Sandhai ),Coriander,1200,1500,1500,28-12-2024
535,Salem,Edapadi (Uzhavar Sandhai ),Coriander,1500,2000,2000,01-08-2024
536,Salem,Edapadi (Uzhavar Sandhai ),Coriander,1500,2000,2000,07-08-2024
537,Salem,Edapadi (Uzhavar Sandhai ),Coriander,1500,2000,2000,09-08-2024
538,Salem,Edapadi (Uzhavar Sandhai ),Coriander,1500,2000,2000,13-11-2024
539,Salem,Edapadi (Uzhavar Sandhai ),Coriander,1500,2000,2000,14-08-2024
540,Salem,Edapadi (Uzhavar Sandhai ),Coriander,1500,2000,2000,14-12-2024
541,Salem,Edapadi (Uzhavar Sandhai ),Coriander,1500,2000,2000,21-08-2024
542,Salem,Edapadi (Uzhavar Sandhai ),Coriander,1500,2000,2000,21-07-2024
543,Salem,Edapadi (Uzhavar Sandhai ),Coriander,1500,2000,2000,21-11-2024
544,Salem,Edapadi (Uzhavar Sandhai ),Coriander,1500,2000,2000,22-12-2024
545,Salem,Edapadi (Uzhavar Sandhai ),Coriander,1500,2000,2000,24-12-2024
546,Salem,Edapadi (Uzhavar Sandhai ),Coriander,1500,2000,2000,24-07-2024
547,Salem,Edapadi (Uzhavar Sandhai ),Coriander,1500,2000,2000,26-12-2024
548,Salem,Edapadi (Uzhavar Sandhai ),Coriander,1500,2000,2000,27-12-2024
549,Salem,Edapadi (Uzhavar Sandhai ),Coriander,1500,2000,2000,28-07-2024
550,Salem,Edapadi (Uzhavar Sandhai ),Coriander,1500,3000,3000,20-08-2024
551,Salem,Edapadi (Uzhavar Sandhai ),Coriander,1600,2000,2000,19-11-2024
552,Salem,Edapadi (Uzhavar Sandhai ),Coriander,1600,2000,2000,23-11-2024
553,Salem,Edapadi (Uzhavar Sandhai ),Coriander,1800,2000,2000,07-12-2024
554,Salem,Edapadi (Uzhavar Sandhai ),Coriander,1800,2000,2000,09-11-2024
555,Salem,Edapadi (Uzhavar Sandhai ),Coriander,1800,2000,2000,11-12-2024
556,Salem,Edapadi (Uzhavar Sandhai ),Coriander,1800,2000,2000,18-12-2024
557,Salem,Edapadi (Uzhavar Sandhai ),Coriander,2000,2200,2200,05-11-2024
558,Salem,Edapadi (Uzhavar Sandhai ),Coriander,2000,2200,2200,06-11-2024
559,Salem,Edapadi (Uzhavar Sandhai ),Coriander,2000,2200,2200,23-10-2024
560,Salem,Edapadi (Uzhavar Sandhai ),Coriander,2000,2200,2200,29-11-2024
561,Salem,Edapadi (Uzhavar Sandhai ),Coriander,2000,2500,2500,18-11-2024
562,Salem,Edapadi (Uzhavar Sandhai ),Coriander,2000,2500,2500,29-12-2024
563,Salem,Edapadi (Uzhavar Sandhai ),Coriander,2000,2500,2500,30-07-2024
564,Salem,Edapadi (Uzhavar Sandhai ),Coriander,2000,3000,3000,04-11-2024
565,Salem,Edapadi (Uzhavar Sandhai ),Coriander,2000,3000,3000,19-07-2024
566,Salem,Edapadi (Uzhavar Sandhai ),Coriander,2400,2500,2500,31-07-2024
567,Salem,Edapadi (Uzhavar Sandhai ),Coriander,2400,2600,2600,31-12-2024
568,Salem,Edapadi (Uzhavar Sandhai ),Coriander,2400,2800,2800,04-10-2024
569,Salem,Edapadi (Uzhavar Sandhai ),Coriander,2500,2500,2500,02-12-2024
570,Salem,Edapadi (Uzhavar Sandhai ),Coriander,2500,2500,2500,09-12-2024
571,Salem,Edapadi (Uzhavar Sandhai ),Coriander,2500,2500,2500,16-12-2024
572,Salem,Edapadi (Uzhavar Sandhai ),Coriander,2500,2500,2500,25-11-2024
573,Salem,Edapadi (Uzhavar Sandhai ),Coriander,2500,2500,2500,30-12-2024
574,Salem,Edapadi (Uzhavar Sandhai ),Coriander,2500,3000,3000,02-08-2024
575,Salem,Edapadi (Uzhavar Sandhai ),Coriander,2500,3000,3000,04-12-2024
576,Salem,Edapadi (Uzhavar Sandhai ),Coriander,2500,3000,3000,05-08-2024
577,Salem,Edapadi (Uzhavar Sandhai ),Coriander,2500,3000,3000,05-10-2024
578,Salem,Edapadi (Uzhavar Sandhai ),Coriander,2500,3000,3000,06-10-2024
579,Salem,Edapadi (Uzhavar Sandhai ),Coriander,2500,3000,3000,07-10-2024
580,Salem,Edapadi (Uzhavar Sandhai ),Coriander,2500,3000,3000,08-10-2024
581,Salem,Edapadi (Uzhavar Sandhai ),Coriander,2500,3000,3000,09-10-2024
582,Salem,Edapadi (Uzhavar Sandhai ),Coriander,2500,3000,3000,10-08-2024
583,Salem,Edapadi (Uzhavar Sandhai ),Coriander,2500,3000,3000,10-10-2024
584,Salem,Edapadi (Uzhavar Sandhai ),Coriander,2500,3000,3000,11-10-2024
585,Salem,Edapadi (Uzhavar Sandhai ),Coriander,2500,3000,3000,12-08-2024
586,Salem,Edapadi (Uzhavar Sandhai ),Coriander,2500,3000,3000,12-10-2024
587,Salem,Edapadi (Uzhavar Sandhai ),Coriander,2500,3000,3000,14-10-2024
588,Salem,Edapadi (Uzhavar Sandhai ),Coriander,2500,3000,3000,17-08-2024
589,Salem,Edapadi (Uzhavar Sandhai ),Coriander,2500,3000,3000,17-07-2024
590,Salem,Edapadi (Uzhavar Sandhai ),Coriander,2500,3000,3000,18-07-2024
591,Salem,Edapadi (Uzhavar Sandhai ),Coriander,2500,3000,3000,19-08-2024
592,Salem,Edapadi (Uzhavar Sandhai ),Coriander,2500,3000,3000,20-11-2024
593,Salem,Edapadi (Uzhavar Sandhai ),Coriander,2500,3000,3000,21-12-2024
594,Salem,Edapadi (Uzhavar Sandhai ),Coriander,2500,3000,3000,22-07-2024
595,Salem,Edapadi (Uzhavar Sandhai ),Coriander,2500,3000,3000,26-07-2024
596,Salem,Edapadi (Uzhavar Sandhai ),Coriander,2500,3000,3000,26-10-2024
597,Salem,Edapadi (Uzhavar Sandhai ),Coriander,2500,3000,3000,27-11-2024
598,Salem,Edapadi (Uzhavar Sandhai ),Coriander,2500,3000,3000,29-07-2024
599,Salem,Edapadi (Uzhavar Sandhai ),Coriander,2500,3000,3000,30-10-2024
600,Salem,Edapadi (Uzhavar Sandhai ),Coriander,2500,3500,3500,24-08-2024
601,Salem,Edapadi (Uzhavar Sandhai ),Coriander,2500,4000,4000,28-10-2024
602,Salem,Edapadi (Uzhavar Sandhai ),Coriander,2600,2800,2800,15-09-2024
603,Salem,Edapadi (Uzhavar Sandhai ),Coriander,2600,3000,3000,01-01-2025
604,Salem,Edapadi (Uzhavar Sandhai ),Coriander,2600,3000,3000,25-07-2024
605,Salem,Edapadi (Uzhavar Sandhai ),Coriander,2800,3000,3000,03-08-2024
606,Salem,Edapadi (Uzhavar Sandhai ),Coriander,2800,3000,3000,03-10-2024
607,Salem,Edapadi (Uzhavar Sandhai ),Coriander,2800,3000,3000,06-08-2024
608,Salem,Edapadi (Uzhavar Sandhai ),Coriander,2800,3000,3000,11-08-2024
609,Salem,Edapadi (Uzhavar Sandhai ),Coriander,2800,3000,3000,13-08-2024
610,Salem,Edapadi (Uzhavar Sandhai ),Coriander,2800,3000,3000,15-08-2024
611,Salem,Edapadi (Uzhavar Sandhai ),Coriander,2800,3000,3000,16-08-2024
612,Salem,Edapadi (Uzhavar Sandhai ),Coriander,2800,3000,3000,20-12-2024
613,Salem,Edapadi (Uzhavar Sandhai ),Coriander,2800,3000,3000,23-07-2024
614,Salem,Edapadi (Uzhavar Sandhai ),Coriander,2800,3000,3000,27-07-2024
615,Salem,Edapadi (Uzhavar Sandhai ),Coriander,3000,3200,3200,08-08-2024
616,Salem,Edapadi (Uzhavar Sandhai ),Coriander,3000,3200,3200,16-07-2024
617,Salem,Edapadi (Uzhavar Sandhai ),Coriander,3000,3200,3200,18-08-2024
618,Salem,Edapadi (Uzhavar Sandhai ),Coriander,3000,3200,3200,20-07-2024
619,Salem,Edapadi (Uzhavar Sandhai ),Coriander,3000,3500,3500,01-10-2024
620,Salem,Edapadi (Uzhavar Sandhai ),Coriander,3000,3500,3500,02-10-2024
621,Salem,Edapadi (Uzhavar Sandhai ),Coriander,3000,3500,3500,10-12-2024
622,Salem,Edapadi (Uzhavar Sandhai ),Coriander,3000,3500,3500,13-12-2024
623,Salem,Edapadi (Uzhavar Sandhai ),Coriander,3000,3500,3500,13-10-2024
624,Salem,Edapadi (Uzhavar Sandhai ),Coriander,3000,3500,3500,15-12-2024
625,Salem,Edapadi (Uzhavar Sandhai ),Coriander,3000,3500,3500,16-11-2024
626,Salem,Edapadi (Uzhavar Sandhai ),Coriander,3000,3500,3500,17-11-2024
627,Salem,Edapadi (Uzhavar Sandhai ),Coriander,3000,3500,3500,25-12-2024
628,Salem,Edapadi (Uzhavar Sandhai ),Coriander,3000,3600,3600,30-09-2024
629,Salem,Edapadi (Uzhavar Sandhai ),Coriander,3000,4000,4000,26-08-2024
630,Salem,Edapadi (Uzhavar Sandhai ),Coriander,3200,3600,3600,11-11-2024
631,Salem,Edapadi (Uzhavar Sandhai ),Coriander,3400,3600,3600,17-12-2024
632,Salem,Edapadi (Uzhavar Sandhai ),Coriander,3400,3600,3600,22-08-2024
633,Salem,Edapadi (Uzhavar Sandhai ),Coriander,3400,3600,3600,23-08-2024
634,Salem,Edapadi (Uzhavar Sandhai ),Coriander,3500,3600,3600,12-11-2024
635,Salem,Edapadi (Uzhavar Sandhai ),Coriander,3500,3800,3800,22-11-2024
636,Salem,Edapadi (Uzhavar Sandhai ),Coriander,3500,4000,4000,01-09-2024
637,Salem,Edapadi (Uzhavar Sandhai ),Coriander,3500,4000,4000,02-09-2024
638,Salem,Edapadi (Uzhavar Sandhai ),Coriander,3500,4000,4000,03-09-2024
639,Salem,Edapadi (Uzhavar Sandhai ),Coriander,3500,4000,4000,04-09-2024
640,Salem,Edapadi (Uzhavar Sandhai ),Coriander,3500,4000,4000,07-11-2024
641,Salem,Edapadi (Uzhavar Sandhai ),Coriander,3500,4000,4000,08-12-2024
642,Salem,Edapadi (Uzhavar Sandhai ),Coriander,3500,4000,4000,10-11-2024
643,Salem,Edapadi (Uzhavar Sandhai ),Coriander,3500,4000,4000,14-11-2024
644,Salem,Edapadi (Uzhavar Sandhai ),Coriander,3500,4000,4000,15-10-2024
645,Salem,Edapadi (Uzhavar Sandhai ),Coriander,3500,4000,4000,24-11-2024
646,Salem,Edapadi (Uzhavar Sandhai ),Coriander,3500,4000,4000,27-08-2024
647,Salem,Edapadi (Uzhavar Sandhai ),Coriander,3500,4000,4000,27-10-2024
648,Salem,Edapadi (Uzhavar Sandhai ),Coriander,3500,4000,4000,28-08-2024
649,Salem,Edapadi (Uzhavar Sandhai ),Coriander,3500,4000,4000,28-09-2024
650,Salem,Edapadi (Uzhavar Sandhai ),Coriander,3500,4000,4000,29-08-2024
651,Salem,Edapadi (Uzhavar Sandhai ),Coriander,3500,4000,4000,29-10-2024
652,Salem,Edapadi (Uzhavar Sandhai ),Coriander,3500,4000,4000,29-09-2024
653,Salem,Edapadi (Uzhavar Sandhai ),Coriander,3500,4000,4000,30-08-2024
654,Salem,Edapadi (Uzhavar Sandhai ),Coriander,3600,4000,4000,13-09-2024
655,Salem,Edapadi (Uzhavar Sandhai ),Coriander,3800,4000,4000,08-11-2024
656,Salem,Edapadi (Uzhavar Sandhai ),Coriander,3800,4000,4000,12-12-2024
657,Salem,Edapadi (Uzhavar Sandhai ),Coriander,3800,4000,4000,15-11-2024
658,Salem,Edapadi (Uzhavar Sandhai ),Coriander,3800,4000,4000,19-12-2024
659,Salem,Edapadi (Uzhavar Sandhai ),Coriander,3800,4000,4000,25-10-2024
660,Salem,Edapadi (Uzhavar Sandhai ),Coriander,4000,4200,4200,07-09-2024
661,Salem,Edapadi (Uzhavar Sandhai ),Coriander,4000,4500,4500,05-12-2024
662,Salem,Edapadi (Uzhavar Sandhai ),Coriander,4000,4500,4500,05-09-2024
663,Salem,Edapadi (Uzhavar Sandhai ),Coriander,4000,4500,4500,06-09-2024
664,Salem,Edapadi (Uzhavar Sandhai ),Coriander,4000,4500,4500,11-09-2024
665,Salem,Edapadi (Uzhavar Sandhai ),Coriander,4000,4500,4500,12-09-2024
666,Salem,Edapadi (Uzhavar Sandhai ),Coriander,4000,4500,4500,16-10-2024
667,Salem,Edapadi (Uzhavar Sandhai ),Coriander,4000,4500,4500,17-10-2024
668,Salem,Edapadi (Uzhavar Sandhai ),Coriander,4000,4500,4500,22-10-2024
669,Salem,Edapadi (Uzhavar Sandhai ),Coriander,4000,4500,4500,24-10-2024
670,Salem,Edapadi (Uzhavar Sandhai ),Coriander,4000,4500,4500,25-08-2024
671,Salem,Edapadi (Uzhavar Sandhai ),Coriander,4000,4500,4500,27-09-2024
672,Salem,Edapadi (Uzhavar Sandhai ),Coriander,4000,4500,4500,28-11-2024
673,Salem,Edapadi (Uzhavar Sandhai ),Coriander,4000,4500,4500,31-10-2024
674,Salem,Edapadi (Uzhavar Sandhai ),Coriander,4500,4800,4800,19-10-2024
675,Salem,Edapadi (Uzhavar Sandhai ),Coriander,4500,5000,5000,02-11-2024
676,Salem,Edapadi (Uzhavar Sandhai ),Coriander,4500,5000,5000,03-11-2024
677,Salem,Edapadi (Uzhavar Sandhai ),Coriander,4500,5000,5000,06-12-2024
678,Salem,Edapadi (Uzhavar Sandhai ),Coriander,4500,5000,5000,18-10-2024
679,Salem,Edapadi (Uzhavar Sandhai ),Coriander,4500,5000,5000,20-10-2024
680,Salem,Edapadi (Uzhavar Sandhai ),Coriander,4500,5000,5000,21-10-2024
681,Salem,Edapadi (Uzhavar Sandhai ),Coriander,4500,5000,5000,25-09-2024
682,Salem,Edapadi (Uzhavar Sandhai ),Coriander,4500,5000,5000,26-09-2024
683,Salem,Edapadi (Uzhavar Sandhai ),Coriander,4600,5000,5000,26-11-2024
684,Salem,Edapadi (Uzhavar Sandhai ),Coriander,5500,6000,6000,01-11-2024
685,Salem,Edapadi (Uzhavar Sandhai ),Coriander,5500,6000,6000,03-12-2024
686,Salem,Edapadi (Uzhavar Sandhai ),Coriander,5500,6000,6000,10-09-2024
687,Salem,Edapadi (Uzhavar Sandhai ),Coriander,6000,6000,6000,31-08-2024
688,Salem,Edapadi (Uzhavar Sandhai ),Coriander,6000,7000,7000,24-09-2024
689,Salem,Edapadi (Uzhavar Sandhai ),Coriander,7000,8000,8000,23-09-2024
690,Salem,Edapadi (Uzhavar Sandhai ),Coriander,7500,8000,8000,08-09-2024
691,Salem,Edapadi (Uzhavar Sandhai ),Coriander,8000,8000,8000,09-09-2024
692,Salem,Edapadi (Uzhavar Sandhai ),Coriander,8000,8800,8800,14-09-2024
693,Salem,Edapadi (Uzhavar Sandhai ),Coriander,8000,9000,9000,22-09-2024
694,Salem,Edapadi (Uzhavar Sandhai ),Coriander,8500,10000,10000,21-09-2024
695,Salem,Edapadi (Uzhavar Sandhai ),Coriander,9000,10000,10000,16-09-2024
696,Salem,Edapadi (Uzhavar Sandhai ),Coriander,9000,10000,10000,17-09-2024
697,Salem,Edapadi (Uzhavar Sandhai ),Coriander,9000,10000,10000,18-09-2024
698,Salem,Edapadi (Uzhavar Sandhai ),Coriander,9000,10000,10000,19-09-2024
699,Salem,Edapadi (Uzhavar Sandhai ),Coriander,9000,10000,10000,20-09-2024
700,Salem,Edappadi,Coriander,10,35,35,20-06-2024
701,Salem,Edappadi,Coriander,15,20,20,26-06-2024
702,Salem,Edappadi,Coriander,15,20,20,30-06-2024
703,Salem,Edappadi,Coriander,20,24,24,23-06-2024
704,Salem,Edappadi,Coriander,30,34,34,04-07-2024
705,Salem,Edappadi,Coriander,30,35,35,19-06-2024
706,Salem,Edappadi,Coriander,30,40,40,01-07-2024
707,Salem,Edappadi,Coriander,30,40,40,03-07-2024
708,Salem,Edappadi,Coriander,30,40,40,06-07-2024
709,Salem,Edappadi,Coriander,30,40,40,07-07-2024
710,Salem,Edappadi,Coriander,30,40,40,28-06-2024
711,Salem,Edappadi,Coriander,34,36,36,05-07-2024
712,Salem,Edappadi,Coriander,35,40,40,18-06-2024
713,Salem,Edappadi,Coriander,35,40,40,27-06-2024
714,Salem,Edappadi,Coriander,35,40,40,29-06-2024
715,Salem,Edappadi,Coriander,38,40,40,02-07-2024
716,Salem,Edappadi,Coriander,40,50,50,22-06-2024
717,Salem,Edappadi,Coriander,50,60,60,21-06-2024
718,Salem,Edappadi,Coriander,55,60,60,25-06-2024
719,Salem,Edappadi,Coriander,80,100,100,24-06-2024
720,Salem,Edappadi,Coriander,1600,2000,2000,14-07-2024
721,Salem,Edappadi,Coriander,2000,3000,3000,15-07-2024
722,Salem,Edappadi,Coriander,2000,4000,4000,08-07-2024
723,Salem,Edappadi,Coriander,2500,3000,3000,12-07-2024
724,Salem,Edappadi,Coriander,2800,3000,3000,11-07-2024
725,Salem,Edappadi,Coriander,2800,3000,3000,13-07-2024
726,Salem,Edappadi,Coriander,3000,3200,3200,16-07-2024
727,Salem,Edappadi,Coriander,3000,3600,3600,10-07-2024
728,Salem,Edappadi,Coriander,3400,3600,3600,09-07-2024
729,Salem,Elampillai(Uzhavar Sandhai ),Coriander,1000,1500,1500,21-07-2024
730,Salem,Elampillai(Uzhavar Sandhai ),Coriander,1000,2000,2000,01-01-2025
731,Salem,Elampillai(Uzhavar Sandhai ),Coriander,1200,1400,1400,01-08-2024
732,Salem,Elampillai(Uzhavar Sandhai ),Coriander,1200,1500,1500,15-08-2024
733,Salem,Elampillai(Uzhavar Sandhai ),Coriander,1200,1500,1500,25-07-2024
734,Salem,Elampillai(Uzhavar Sandhai ),Coriander,1200,1500,1500,28-07-2024
735,Salem,Elampillai(Uzhavar Sandhai ),Coriander,1300,1500,1500,16-08-2024
736,Salem,Elampillai(Uzhavar Sandhai ),Coriander,1300,1500,1500,20-08-2024
737,Salem,Elampillai(Uzhavar Sandhai ),Coriander,1400,1600,1600,07-08-2024
738,Salem,Elampillai(Uzhavar Sandhai ),Coriander,1400,1600,1600,08-08-2024
739,Salem,Elampillai(Uzhavar Sandhai ),Coriander,1500,1500,1500,21-12-2024
740,Salem,Elampillai(Uzhavar Sandhai ),Coriander,1500,1700,1700,26-07-2024
741,Salem,Elampillai(Uzhavar Sandhai ),Coriander,1500,1800,1800,22-08-2024
742,Salem,Elampillai(Uzhavar Sandhai ),Coriander,1500,1800,1800,23-08-2024
743,Salem,Elampillai(Uzhavar Sandhai ),Coriander,1500,2000,2000,10-11-2024
744,Salem,Elampillai(Uzhavar Sandhai ),Coriander,1500,2000,2000,17-11-2024
745,Salem,Elampillai(Uzhavar Sandhai ),Coriander,1500,2000,2000,19-12-2024
746,Salem,Elampillai(Uzhavar Sandhai ),Coriander,1500,2000,2000,26-12-2024
747,Salem,Elampillai(Uzhavar Sandhai ),Coriander,1800,2000,2000,14-11-2024
748,Salem,Elampillai(Uzhavar Sandhai ),Coriander,1800,2000,2000,21-11-2024
749,Salem,Elampillai(Uzhavar Sandhai ),Coriander,1800,2000,2000,25-12-2024
750,Salem,Elampillai(Uzhavar Sandhai ),Coriander,2000,2200,2200,27-10-2024
751,Salem,Elampillai(Uzhavar Sandhai ),Coriander,2000,2400,2400,24-10-2024
752,Salem,Elampillai(Uzhavar Sandhai ),Coriander,2000,2500,2500,08-11-2024
753,Salem,Elampillai(Uzhavar Sandhai ),Coriander,2000,2500,2500,12-12-2024
754,Salem,Elampillai(Uzhavar Sandhai ),Coriander,2200,2500,2500,07-11-2024
755,Salem,Elampillai(Uzhavar Sandhai ),Coriander,2200,2500,2500,31-07-2024
756,Salem,Elampillai(Uzhavar Sandhai ),Coriander,2400,2600,2600,28-11-2024
757,Salem,Elampillai(Uzhavar Sandhai ),Coriander,2400,2600,2600,31-10-2024
758,Salem,Elampillai(Uzhavar Sandhai ),Coriander,2500,2800,2800,29-07-2024
759,Salem,Elampillai(Uzhavar Sandhai ),Coriander,2500,2800,2800,30-07-2024
760,Salem,Elampillai(Uzhavar Sandhai ),Coriander,2500,3000,3000,05-12-2024
761,Salem,Elampillai(Uzhavar Sandhai ),Coriander,2500,3000,3000,11-11-2024
762,Salem,Elampillai(Uzhavar Sandhai ),Coriander,2500,3000,3000,13-11-2024
763,Salem,Elampillai(Uzhavar Sandhai ),Coriander,2500,3000,3000,20-11-2024
764,Salem,Elampillai(Uzhavar Sandhai ),Coriander,2500,3000,3000,23-12-2024
765,Salem,Elampillai(Uzhavar Sandhai ),Coriander,2500,3000,3000,27-11-2024
766,Salem,Elampillai(Uzhavar Sandhai ),Coriander,2500,3000,3000,28-12-2024
767,Salem,Elampillai(Uzhavar Sandhai ),Coriander,2500,3000,3000,30-12-2024
768,Salem,Elampillai(Uzhavar Sandhai ),Coriander,2500,3000,3000,30-10-2024
769,Salem,Elampillai(Uzhavar Sandhai ),Coriander,2600,2800,2800,10-08-2024
770,Salem,Elampillai(Uzhavar Sandhai ),Coriander,2600,2800,2800,12-08-2024
771,Salem,Elampillai(Uzhavar Sandhai ),Coriander,2600,2800,2800,14-08-2024
772,Salem,Elampillai(Uzhavar Sandhai ),Coriander,2600,3000,3000,29-12-2024
773,Salem,Elampillai(Uzhavar Sandhai ),Coriander,2600,3000,3000,31-12-2024
774,Salem,Elampillai(Uzhavar Sandhai ),Coriander,2800,3000,3000,01-10-2024
775,Salem,Elampillai(Uzhavar Sandhai ),Coriander,2800,3000,3000,02-08-2024
776,Salem,Elampillai(Uzhavar Sandhai ),Coriander,2800,3000,3000,02-10-2024
777,Salem,Elampillai(Uzhavar Sandhai ),Coriander,2800,3000,3000,03-08-2024
778,Salem,Elampillai(Uzhavar Sandhai ),Coriander,2800,3000,3000,03-10-2024
779,Salem,Elampillai(Uzhavar Sandhai ),Coriander,2800,3000,3000,04-08-2024
780,Salem,Elampillai(Uzhavar Sandhai ),Coriander,2800,3000,3000,04-11-2024
781,Salem,Elampillai(Uzhavar Sandhai ),Coriander,2800,3000,3000,04-10-2024
782,Salem,Elampillai(Uzhavar Sandhai ),Coriander,2800,3000,3000,05-08-2024
783,Salem,Elampillai(Uzhavar Sandhai ),Coriander,2800,3000,3000,05-10-2024
784,Salem,Elampillai(Uzhavar Sandhai ),Coriander,2800,3000,3000,06-08-2024
785,Salem,Elampillai(Uzhavar Sandhai ),Coriander,2800,3000,3000,06-10-2024
786,Salem,Elampillai(Uzhavar Sandhai ),Coriander,2800,3000,3000,07-10-2024
787,Salem,Elampillai(Uzhavar Sandhai ),Coriander,2800,3000,3000,08-10-2024
788,Salem,Elampillai(Uzhavar Sandhai ),Coriander,2800,3000,3000,09-10-2024
789,Salem,Elampillai(Uzhavar Sandhai ),Coriander,2800,3000,3000,10-10-2024
790,Salem,Elampillai(Uzhavar Sandhai ),Coriander,2800,3000,3000,11-08-2024
791,Salem,Elampillai(Uzhavar Sandhai ),Coriander,2800,3000,3000,11-10-2024
792,Salem,Elampillai(Uzhavar Sandhai ),Coriander,2800,3000,3000,12-10-2024
793,Salem,Elampillai(Uzhavar Sandhai ),Coriander,2800,3000,3000,13-08-2024
794,Salem,Elampillai(Uzhavar Sandhai ),Coriander,2800,3000,3000,14-10-2024
795,Salem,Elampillai(Uzhavar Sandhai ),Coriander,2800,3000,3000,17-08-2024
796,Salem,Elampillai(Uzhavar Sandhai ),Coriander,2800,3000,3000,18-08-2024
797,Salem,Elampillai(Uzhavar Sandhai ),Coriander,2800,3000,3000,18-07-2024
798,Salem,Elampillai(Uzhavar Sandhai ),Coriander,2800,3000,3000,19-08-2024
799,Salem,Elampillai(Uzhavar Sandhai ),Coriander,2800,3000,3000,20-12-2024
800,Salem,Elampillai(Uzhavar Sandhai ),Coriander,2800,3000,3000,21-08-2024
801,Salem,Elampillai(Uzhavar Sandhai ),Coriander,2800,3000,3000,22-12-2024
802,Salem,Elampillai(Uzhavar Sandhai ),Coriander,2800,3000,3000,22-07-2024
803,Salem,Elampillai(Uzhavar Sandhai ),Coriander,2800,3000,3000,23-07-2024
804,Salem,Elampillai(Uzhavar Sandhai ),Coriander,2800,3000,3000,24-07-2024
805,Salem,Elampillai(Uzhavar Sandhai ),Coriander,2800,3000,3000,27-12-2024
806,Salem,Elampillai(Uzhavar Sandhai ),Coriander,2800,3000,3000,27-07-2024
807,Salem,Elampillai(Uzhavar Sandhai ),Coriander,2800,3000,3000,30-09-2024
808,Salem,Elampillai(Uzhavar Sandhai ),Coriander,3000,3200,3200,09-08-2024
809,Salem,Elampillai(Uzhavar Sandhai ),Coriander,3000,3200,3200,20-07-2024
810,Salem,Elampillai(Uzhavar Sandhai ),Coriander,3000,3400,3400,17-07-2024
811,Salem,Elampillai(Uzhavar Sandhai ),Coriander,3000,3500,3500,13-10-2024
812,Salem,Elampillai(Uzhavar Sandhai ),Coriander,3000,3500,3500,19-11-2024
813,Salem,Elampillai(Uzhavar Sandhai ),Coriander,3000,3500,3500,24-12-2024
814,Salem,Elampillai(Uzhavar Sandhai ),Coriander,3000,4000,4000,18-11-2024
815,Salem,Elampillai(Uzhavar Sandhai ),Coriander,3000,4000,4000,23-10-2024
816,Salem,Elampillai(Uzhavar Sandhai ),Coriander,3200,3500,3500,03-11-2024
817,Salem,Elampillai(Uzhavar Sandhai ),Coriander,3200,3500,3500,16-07-2024
818,Salem,Elampillai(Uzhavar Sandhai ),Coriander,3200,3500,3500,19-07-2024
819,Salem,Elampillai(Uzhavar Sandhai ),Coriander,3400,3600,3600,29-09-2024
820,Salem,Elampillai(Uzhavar Sandhai ),Coriander,3500,3800,3800,22-11-2024
821,Salem,Elampillai(Uzhavar Sandhai ),Coriander,3500,4000,4000,02-12-2024
822,Salem,Elampillai(Uzhavar Sandhai ),Coriander,3500,4000,4000,04-12-2024
823,Salem,Elampillai(Uzhavar Sandhai ),Coriander,3500,4000,4000,06-11-2024
824,Salem,Elampillai(Uzhavar Sandhai ),Coriander,3500,4000,4000,06-09-2024
825,Salem,Elampillai(Uzhavar Sandhai ),Coriander,3500,4000,4000,07-09-2024
826,Salem,Elampillai(Uzhavar Sandhai ),Coriander,3500,4000,4000,08-09-2024
827,Salem,Elampillai(Uzhavar Sandhai ),Coriander,3500,4000,4000,09-12-2024
828,Salem,Elampillai(Uzhavar Sandhai ),Coriander,3500,4000,4000,14-12-2024
829,Salem,Elampillai(Uzhavar Sandhai ),Coriander,3500,4000,4000,15-12-2024
830,Salem,Elampillai(Uzhavar Sandhai ),Coriander,3500,4000,4000,16-12-2024
831,Salem,Elampillai(Uzhavar Sandhai ),Coriander,3500,4000,4000,18-12-2024
832,Salem,Elampillai(Uzhavar Sandhai ),Coriander,3500,4000,4000,23-11-2024
833,Salem,Elampillai(Uzhavar Sandhai ),Coriander,3500,4000,4000,25-11-2024
834,Salem,Elampillai(Uzhavar Sandhai ),Coriander,3500,4000,4000,29-08-2024
835,Salem,Elampillai(Uzhavar Sandhai ),Coriander,3500,4000,4000,30-08-2024
836,Salem,Elampillai(Uzhavar Sandhai ),Coriander,3600,4000,4000,17-12-2024
837,Salem,Elampillai(Uzhavar Sandhai ),Coriander,3800,4000,4000,07-12-2024
838,Salem,Elampillai(Uzhavar Sandhai ),Coriander,3800,4000,4000,08-12-2024
839,Salem,Elampillai(Uzhavar Sandhai ),Coriander,3800,4000,4000,10-12-2024
840,Salem,Elampillai(Uzhavar Sandhai ),Coriander,3800,4000,4000,11-12-2024
841,Salem,Elampillai(Uzhavar Sandhai ),Coriander,3800,4000,4000,12-11-2024
842,Salem,Elampillai(Uzhavar Sandhai ),Coriander,3800,4000,4000,13-12-2024
843,Salem,Elampillai(Uzhavar Sandhai ),Coriander,3800,4000,4000,15-11-2024
844,Salem,Elampillai(Uzhavar Sandhai ),Coriander,3800,4000,4000,15-10-2024
845,Salem,Elampillai(Uzhavar Sandhai ),Coriander,3800,4000,4000,16-11-2024
846,Salem,Elampillai(Uzhavar Sandhai ),Coriander,3800,4000,4000,27-09-2024
847,Salem,Elampillai(Uzhavar Sandhai ),Coriander,3800,4000,4000,28-09-2024
848,Salem,Elampillai(Uzhavar Sandhai ),Coriander,4000,4000,4000,24-11-2024
849,Salem,Elampillai(Uzhavar Sandhai ),Coriander,4000,4200,4200,05-09-2024
850,Salem,Elampillai(Uzhavar Sandhai ),Coriander,4000,4500,4500,09-11-2024
851,Salem,Elampillai(Uzhavar Sandhai ),Coriander,4000,4500,4500,09-09-2024
852,Salem,Elampillai(Uzhavar Sandhai ),Coriander,4000,4500,4500,11-09-2024
853,Salem,Elampillai(Uzhavar Sandhai ),Coriander,4000,4500,4500,12-09-2024
854,Salem,Elampillai(Uzhavar Sandhai ),Coriander,4000,4500,4500,16-10-2024
855,Salem,Elampillai(Uzhavar Sandhai ),Coriander,4000,4500,4500,25-10-2024
856,Salem,Elampillai(Uzhavar Sandhai ),Coriander,4000,4500,4500,29-11-2024
857,Salem,Elampillai(Uzhavar Sandhai ),Coriander,4200,4500,4500,05-11-2024
858,Salem,Elampillai(Uzhavar Sandhai ),Coriander,4200,4500,4500,25-08-2024
859,Salem,Elampillai(Uzhavar Sandhai ),Coriander,4200,4500,4500,26-09-2024
860,Salem,Elampillai(Uzhavar Sandhai ),Coriander,4400,4600,4600,24-08-2024
861,Salem,Elampillai(Uzhavar Sandhai ),Coriander,4400,4800,4800,29-10-2024
862,Salem,Elampillai(Uzhavar Sandhai ),Coriander,4500,5000,5000,06-12-2024
863,Salem,Elampillai(Uzhavar Sandhai ),Coriander,4500,5000,5000,17-10-2024
864,Salem,Elampillai(Uzhavar Sandhai ),Coriander,4500,5000,5000,18-10-2024
865,Salem,Elampillai(Uzhavar Sandhai ),Coriander,4500,5000,5000,19-10-2024
866,Salem,Elampillai(Uzhavar Sandhai ),Coriander,4500,5000,5000,26-10-2024
867,Salem,Elampillai(Uzhavar Sandhai ),Coriander,4800,5000,5000,20-10-2024
868,Salem,Elampillai(Uzhavar Sandhai ),Coriander,4800,5000,5000,21-10-2024
869,Salem,Elampillai(Uzhavar Sandhai ),Coriander,4800,5000,5000,22-10-2024
870,Salem,Elampillai(Uzhavar Sandhai ),Coriander,4800,5000,5000,25-09-2024
871,Salem,Elampillai(Uzhavar Sandhai ),Coriander,4800,5000,5000,28-10-2024
872,Salem,Elampillai(Uzhavar Sandhai ),Coriander,5000,5500,5500,26-11-2024
873,Salem,Elampillai(Uzhavar Sandhai ),Coriander,5500,6000,6000,01-11-2024
874,Salem,Elampillai(Uzhavar Sandhai ),Coriander,5500,6000,6000,03-12-2024
875,Salem,Elampillai(Uzhavar Sandhai ),Coriander,6000,6500,6500,02-11-2024
876,Salem,Elampillai(Uzhavar Sandhai ),Coriander,6500,7000,7000,24-09-2024
877,Salem,Elampillai(Uzhavar Sandhai ),Coriander,6500,7000,7000,31-08-2024
878,Salem,Elampillai(Uzhavar Sandhai ),Coriander,6800,7000,7000,13-09-2024
879,Salem,Elampillai(Uzhavar Sandhai ),Coriander,7000,7600,7600,03-09-2024
880,Salem,Elampillai(Uzhavar Sandhai ),Coriander,7500,8000,8000,01-09-2024
881,Salem,Elampillai(Uzhavar Sandhai ),Coriander,7500,8000,8000,02-09-2024
882,Salem,Elampillai(Uzhavar Sandhai ),Coriander,7500,8000,8000,14-09-2024
883,Salem,Elampillai(Uzhavar Sandhai ),Coriander,7500,8000,8000,23-09-2024
884,Salem,Elampillai(Uzhavar Sandhai ),Coriander,7500,8000,8000,26-08-2024
885,Salem,Elampillai(Uzhavar Sandhai ),Coriander,7500,8000,8000,27-08-2024
886,Salem,Elampillai(Uzhavar Sandhai ),Coriander,7500,8000,8000,28-08-2024
887,Salem,Elampillai(Uzhavar Sandhai ),Coriander,7800,8000,8000,04-09-2024
888,Salem,Elampillai(Uzhavar Sandhai ),Coriander,8500,9000,9000,22-09-2024
889,Salem,Elampillai(Uzhavar Sandhai ),Coriander,9000,9600,9600,19-09-2024
890,Salem,Elampillai(Uzhavar Sandhai ),Coriander,9000,10000,10000,15-09-2024
891,Salem,Elampillai(Uzhavar Sandhai ),Coriander,9500,10000,10000,16-09-2024
892,Salem,Elampillai(Uzhavar Sandhai ),Coriander,9500,10000,10000,17-09-2024
893,Salem,Elampillai(Uzhavar Sandhai ),Coriander,9500,10000,10000,18-09-2024
894,Salem,Elampillai(Uzhavar Sandhai ),Coriander,9500,10000,10000,20-09-2024
895,Salem,Elampillai(Uzhavar Sandhai ),Coriander,9500,10000,10000,21-09-2024
896,Salem,Elampillai(Uzhavar Sandhai ),Coriander,10000,11000,11000,10-09-2024
897,Salem,Hasthampatti(Uzhavar Sandhai ),Coriander,1000,1500,1500,12-10-2024
898,Salem,Hasthampatti(Uzhavar Sandhai ),Coriander,2500,2800,2800,30-07-2024
899,Salem,Hasthampatti(Uzhavar Sandhai ),Coriander,2500,2800,2800,31-07-2024
900,Salem,Hasthampatti(Uzhavar Sandhai ),Coriander,2500,3000,3000,01-01-2025
901,Salem,Hasthampatti(Uzhavar Sandhai ),Coriander,2500,3000,3000,03-08-2024
902,Salem,Hasthampatti(Uzhavar Sandhai ),Coriander,2500,3000,3000,05-08-2024
903,Salem,Hasthampatti(Uzhavar Sandhai ),Coriander,2500,3000,3000,06-08-2024
904,Salem,Hasthampatti(Uzhavar Sandhai ),Coriander,2500,3000,3000,08-08-2024
905,Salem,Hasthampatti(Uzhavar Sandhai ),Coriander,2500,3000,3000,08-10-2024
906,Salem,Hasthampatti(Uzhavar Sandhai ),Coriander,2500,3000,3000,09-08-2024
907,Salem,Hasthampatti(Uzhavar Sandhai ),Coriander,2500,3000,3000,09-10-2024
908,Salem,Hasthampatti(Uzhavar Sandhai ),Coriander,2500,3000,3000,10-08-2024
909,Salem,Hasthampatti(Uzhavar Sandhai ),Coriander,2500,3000,3000,10-10-2024
910,Salem,Hasthampatti(Uzhavar Sandhai ),Coriander,2500,3000,3000,11-08-2024
911,Salem,Hasthampatti(Uzhavar Sandhai ),Coriander,2500,3000,3000,12-08-2024
912,Salem,Hasthampatti(Uzhavar Sandhai ),Coriander,2500,3000,3000,13-08-2024
913,Salem,Hasthampatti(Uzhavar Sandhai ),Coriander,2500,3000,3000,14-08-2024
914,Salem,Hasthampatti(Uzhavar Sandhai ),Coriander,2500,3000,3000,15-08-2024
915,Salem,Hasthampatti(Uzhavar Sandhai ),Coriander,2500,3000,3000,16-08-2024
916,Salem,Hasthampatti(Uzhavar Sandhai ),Coriander,2500,3000,3000,17-08-2024
917,Salem,Hasthampatti(Uzhavar Sandhai ),Coriander,2500,3000,3000,22-07-2024
918,Salem,Hasthampatti(Uzhavar Sandhai ),Coriander,2500,3000,3000,23-07-2024
919,Salem,Hasthampatti(Uzhavar Sandhai ),Coriander,2500,3000,3000,24-07-2024
920,Salem,Hasthampatti(Uzhavar Sandhai ),Coriander,2500,3000,3000,25-07-2024
921,Salem,Hasthampatti(Uzhavar Sandhai ),Coriander,2500,3000,3000,26-07-2024
922,Salem,Hasthampatti(Uzhavar Sandhai ),Coriander,2500,3000,3000,27-07-2024
923,Salem,Hasthampatti(Uzhavar Sandhai ),Coriander,2500,3000,3000,28-12-2024
924,Salem,Hasthampatti(Uzhavar Sandhai ),Coriander,2500,3000,3000,28-07-2024
925,Salem,Hasthampatti(Uzhavar Sandhai ),Coriander,2500,3000,3000,29-12-2024
926,Salem,Hasthampatti(Uzhavar Sandhai ),Coriander,2500,3000,3000,29-07-2024
927,Salem,Hasthampatti(Uzhavar Sandhai ),Coriander,2500,3000,3000,30-12-2024
928,Salem,Hasthampatti(Uzhavar Sandhai ),Coriander,2500,3000,3000,31-12-2024
929,Salem,Hasthampatti(Uzhavar Sandhai ),Coriander,2600,3000,3000,01-08-2024
930,Salem,Hasthampatti(Uzhavar Sandhai ),Coriander,2600,3000,3000,11-10-2024
931,Salem,Hasthampatti(Uzhavar Sandhai ),Coriander,3000,3200,3200,02-08-2024
932,Salem,Hasthampatti(Uzhavar Sandhai ),Coriander,3000,3200,3200,04-08-2024
933,Salem,Hasthampatti(Uzhavar Sandhai ),Coriander,3000,3200,3200,07-08-2024
934,Salem,Hasthampatti(Uzhavar Sandhai ),Coriander,3000,3200,3200,07-10-2024
935,Salem,Hasthampatti(Uzhavar Sandhai ),Coriander,3000,3200,3200,16-07-2024
936,Salem,Hasthampatti(Uzhavar Sandhai ),Coriander,3000,3200,3200,19-07-2024
937,Salem,Hasthampatti(Uzhavar Sandhai ),Coriander,3000,3200,3200,20-11-2024
938,Salem,Hasthampatti(Uzhavar Sandhai ),Coriander,3000,3400,3400,20-07-2024
939,Salem,Hasthampatti(Uzhavar Sandhai ),Coriander,3000,3400,3400,21-07-2024
940,Salem,Hasthampatti(Uzhavar Sandhai ),Coriander,3000,3500,3500,03-10-2024
941,Salem,Hasthampatti(Uzhavar Sandhai ),Coriander,3000,3600,3600,14-10-2024
942,Salem,Hasthampatti(Uzhavar Sandhai ),Coriander,3000,3600,3600,16-11-2024
943,Salem,Hasthampatti(Uzhavar Sandhai ),Coriander,3000,3600,3600,17-11-2024
944,Salem,Hasthampatti(Uzhavar Sandhai ),Coriander,3000,3600,3600,18-08-2024
945,Salem,Hasthampatti(Uzhavar Sandhai ),Coriander,3000,3600,3600,19-08-2024
946,Salem,Hasthampatti(Uzhavar Sandhai ),Coriander,3000,3600,3600,21-08-2024
947,Salem,Hasthampatti(Uzhavar Sandhai ),Coriander,3200,3600,3600,18-07-2024
948,Salem,Hasthampatti(Uzhavar Sandhai ),Coriander,3200,3600,3600,19-11-2024
949,Salem,Hasthampatti(Uzhavar Sandhai ),Coriander,3200,4000,4000,08-09-2024
950,Salem,Hasthampatti(Uzhavar Sandhai ),Coriander,3400,3600,3600,04-10-2024
951,Salem,Hasthampatti(Uzhavar Sandhai ),Coriander,3400,3600,3600,05-10-2024
952,Salem,Hasthampatti(Uzhavar Sandhai ),Coriander,3400,3600,3600,06-10-2024
953,Salem,Hasthampatti(Uzhavar Sandhai ),Coriander,3400,3600,3600,13-10-2024
954,Salem,Hasthampatti(Uzhavar Sandhai ),Coriander,3400,3600,3600,17-07-2024
955,Salem,Hasthampatti(Uzhavar Sandhai ),Coriander,3400,3600,3600,20-08-2024
956,Salem,Hasthampatti(Uzhavar Sandhai ),Coriander,3400,3600,3600,20-12-2024
957,Salem,Hasthampatti(Uzhavar Sandhai ),Coriander,3400,3600,3600,21-11-2024
958,Salem,Hasthampatti(Uzhavar Sandhai ),Coriander,3400,3600,3600,27-12-2024
959,Salem,Hasthampatti(Uzhavar Sandhai ),Coriander,3500,4000,4000,01-10-2024
960,Salem,Hasthampatti(Uzhavar Sandhai ),Coriander,3500,4000,4000,02-10-2024
961,Salem,Hasthampatti(Uzhavar Sandhai ),Coriander,3500,4000,4000,09-11-2024
962,Salem,Hasthampatti(Uzhavar Sandhai ),Coriander,3500,4000,4000,10-11-2024
963,Salem,Hasthampatti(Uzhavar Sandhai ),Coriander,3500,4000,4000,11-12-2024
964,Salem,Hasthampatti(Uzhavar Sandhai ),Coriander,3500,4000,4000,11-11-2024
965,Salem,Hasthampatti(Uzhavar Sandhai ),Coriander,3500,4000,4000,12-12-2024
966,Salem,Hasthampatti(Uzhavar Sandhai ),Coriander,3500,4000,4000,13-11-2024
967,Salem,Hasthampatti(Uzhavar Sandhai ),Coriander,3500,4000,4000,14-12-2024
968,Salem,Hasthampatti(Uzhavar Sandhai ),Coriander,3500,4000,4000,14-11-2024
969,Salem,Hasthampatti(Uzhavar Sandhai ),Coriander,3500,4000,4000,15-12-2024
970,Salem,Hasthampatti(Uzhavar Sandhai ),Coriander,3500,4000,4000,15-10-2024
971,Salem,Hasthampatti(Uzhavar Sandhai ),Coriander,3500,4000,4000,16-12-2024
972,Salem,Hasthampatti(Uzhavar Sandhai ),Coriander,3500,4000,4000,17-12-2024
973,Salem,Hasthampatti(Uzhavar Sandhai ),Coriander,3500,4000,4000,18-12-2024
974,Salem,Hasthampatti(Uzhavar Sandhai ),Coriander,3500,4000,4000,18-11-2024
975,Salem,Hasthampatti(Uzhavar Sandhai ),Coriander,3500,4000,4000,19-12-2024
976,Salem,Hasthampatti(Uzhavar Sandhai ),Coriander,3500,4000,4000,21-12-2024
977,Salem,Hasthampatti(Uzhavar Sandhai ),Coriander,3500,4000,4000,22-08-2024
978,Salem,Hasthampatti(Uzhavar Sandhai ),Coriander,3500,4000,4000,22-12-2024
979,Salem,Hasthampatti(Uzhavar Sandhai ),Coriander,3500,4000,4000,23-11-2024
980,Salem,Hasthampatti(Uzhavar Sandhai ),Coriander,3500,4000,4000,24-12-2024
981,Salem,Hasthampatti(Uzhavar Sandhai ),Coriander,3500,4000,4000,24-11-2024
982,Salem,Hasthampatti(Uzhavar Sandhai ),Coriander,3500,4000,4000,25-12-2024
983,Salem,Hasthampatti(Uzhavar Sandhai ),Coriander,3500,4000,4000,25-10-2024
984,Salem,Hasthampatti(Uzhavar Sandhai ),Coriander,3500,4000,4000,26-12-2024
985,Salem,Hasthampatti(Uzhavar Sandhai ),Coriander,3500,4000,4000,28-09-2024
986,Salem,Hasthampatti(Uzhavar Sandhai ),Coriander,3500,4000,4000,29-09-2024
987,Salem,Hasthampatti(Uzhavar Sandhai ),Coriander,3500,4000,4000,30-09-2024
988,Salem,Hasthampatti(Uzhavar Sandhai ),Coriander,3600,4000,4000,12-11-2024
989,Salem,Hasthampatti(Uzhavar Sandhai ),Coriander,3800,4000,4000,08-11-2024
990,Salem,Hasthampatti(Uzhavar Sandhai ),Coriander,3800,4000,4000,15-11-2024
991,Salem,Hasthampatti(Uzhavar Sandhai ),Coriander,3800,4000,4000,22-11-2024
992,Salem,Hasthampatti(Uzhavar Sandhai ),Coriander,4400,4800,4800,10-12-2024
993,Salem,Hasthampatti(Uzhavar Sandhai ),Coriander,4400,5000,5000,29-11-2024
994,Salem,Hasthampatti(Uzhavar Sandhai ),Coriander,4500,4800,4800,06-11-2024
995,Salem,Hasthampatti(Uzhavar Sandhai ),Coriander,4500,4800,4800,07-11-2024
996,Salem,Hasthampatti(Uzhavar Sandhai ),Coriander,4500,4800,4800,16-10-2024
997,Salem,Hasthampatti(Uzhavar Sandhai ),Coriander,4500,4800,4800,19-10-2024
998,Salem,Hasthampatti(Uzhavar Sandhai ),Coriander,4500,4800,4800,23-08-2024
999,Salem,Hasthampatti(Uzhavar Sandhai ),Coriander,4500,4800,4800,23-10-2024
1000,Salem,Hasthampatti(Uzhavar Sandhai ),Coriander,4500,4800,4800,26-10-2024
1001,Salem,Hasthampatti(Uzhavar Sandhai ),Coriander,4500,4800,4800,27-09-2024
1002,Salem,Hasthampatti(Uzhavar Sandhai ),Coriander,4500,5000,5000,02-12-2024
1003,Salem,Hasthampatti(Uzhavar Sandhai ),Coriander,4500,5000,5000,05-11-2024
1004,Salem,Hasthampatti(Uzhavar Sandhai ),Coriander,4500,5000,5000,07-12-2024
1005,Salem,Hasthampatti(Uzhavar Sandhai ),Coriander,4500,5000,5000,08-12-2024
1006,Salem,Hasthampatti(Uzhavar Sandhai ),Coriander,4500,5000,5000,09-12-2024
1007,Salem,Hasthampatti(Uzhavar Sandhai ),Coriander,4500,5000,5000,13-12-2024
1008,Salem,Hasthampatti(Uzhavar Sandhai ),Coriander,4500,5000,5000,17-10-2024
1009,Salem,Hasthampatti(Uzhavar Sandhai ),Coriander,4500,5000,5000,18-10-2024
1010,Salem,Hasthampatti(Uzhavar Sandhai ),Coriander,4500,5000,5000,20-10-2024
1011,Salem,Hasthampatti(Uzhavar Sandhai ),Coriander,4500,5000,5000,21-10-2024
1012,Salem,Hasthampatti(Uzhavar Sandhai ),Coriander,4500,5000,5000,22-10-2024
1013,Salem,Hasthampatti(Uzhavar Sandhai ),Coriander,4500,5000,5000,23-12-2024
1014,Salem,Hasthampatti(Uzhavar Sandhai ),Coriander,4500,5000,5000,24-10-2024
1015,Salem,Hasthampatti(Uzhavar Sandhai ),Coriander,4500,5000,5000,26-09-2024
1016,Salem,Hasthampatti(Uzhavar Sandhai ),Coriander,4500,5000,5000,27-10-2024
1017,Salem,Hasthampatti(Uzhavar Sandhai ),Coriander,4500,5000,5000,28-10-2024
1018,Salem,Hasthampatti(Uzhavar Sandhai ),Coriander,4500,5000,5000,29-10-2024
1019,Salem,Hasthampatti(Uzhavar Sandhai ),Coriander,5000,5400,5400,25-11-2024
1020,Salem,Hasthampatti(Uzhavar Sandhai ),Coriander,5000,5600,5600,04-11-2024
1021,Salem,Hasthampatti(Uzhavar Sandhai ),Coriander,5000,5600,5600,24-08-2024
1022,Salem,Hasthampatti(Uzhavar Sandhai ),Coriander,5000,6000,6000,01-11-2024
1023,Salem,Hasthampatti(Uzhavar Sandhai ),Coriander,5000,6000,6000,04-12-2024
1024,Salem,Hasthampatti(Uzhavar Sandhai ),Coriander,5000,6000,6000,25-09-2024
1025,Salem,Hasthampatti(Uzhavar Sandhai ),Coriander,5000,6000,6000,30-10-2024
1026,Salem,Hasthampatti(Uzhavar Sandhai ),Coriander,5500,6000,6000,03-11-2024
1027,Salem,Hasthampatti(Uzhavar Sandhai ),Coriander,5500,6000,6000,05-12-2024
1028,Salem,Hasthampatti(Uzhavar Sandhai ),Coriander,5500,6000,6000,06-12-2024
1029,Salem,Hasthampatti(Uzhavar Sandhai ),Coriander,5500,6000,6000,26-11-2024
1030,Salem,Hasthampatti(Uzhavar Sandhai ),Coriander,5500,6000,6000,27-11-2024
1031,Salem,Hasthampatti(Uzhavar Sandhai ),Coriander,5500,6000,6000,28-11-2024
1032,Salem,Hasthampatti(Uzhavar Sandhai ),Coriander,5500,6000,6000,31-10-2024
1033,Salem,Hasthampatti(Uzhavar Sandhai ),Coriander,6000,7000,7000,02-11-2024
1034,Salem,Hasthampatti(Uzhavar Sandhai ),Coriander,6000,7000,7000,03-12-2024
1035,Salem,Hasthampatti(Uzhavar Sandhai ),Coriander,6000,7000,7000,24-09-2024
1036,Salem,Hasthampatti(Uzhavar Sandhai ),Coriander,7000,8000,8000,31-08-2024
1037,Salem,Hasthampatti(Uzhavar Sandhai ),Coriander,7500,8000,8000,06-09-2024
1038,Salem,Hasthampatti(Uzhavar Sandhai ),Coriander,7500,8000,8000,13-09-2024
1039,Salem,Hasthampatti(Uzhavar Sandhai ),Coriander,8000,8400,8400,23-09-2024
1040,Salem,Hasthampatti(Uzhavar Sandhai ),Coriander,8000,8800,8800,01-09-2024
1041,Salem,Hasthampatti(Uzhavar Sandhai ),Coriander,8000,8800,8800,02-09-2024
1042,Salem,Hasthampatti(Uzhavar Sandhai ),Coriander,8000,8800,8800,03-09-2024
1043,Salem,Hasthampatti(Uzhavar Sandhai ),Coriander,8000,9000,9000,04-09-2024
1044,Salem,Hasthampatti(Uzhavar Sandhai ),Coriander,8000,9000,9000,14-09-2024
1045,Salem,Hasthampatti(Uzhavar Sandhai ),Coriander,8000,9000,9000,27-08-2024
1046,Salem,Hasthampatti(Uzhavar Sandhai ),Coriander,8000,9000,9000,28-08-2024
1047,Salem,Hasthampatti(Uzhavar Sandhai ),Coriander,8000,9000,9000,29-08-2024
1048,Salem,Hasthampatti(Uzhavar Sandhai ),Coriander,8000,9000,9000,30-08-2024
1049,Salem,Hasthampatti(Uzhavar Sandhai ),Coriander,8400,9000,9000,05-09-2024
1050,Salem,Hasthampatti(Uzhavar Sandhai ),Coriander,8500,9000,9000,07-09-2024
1051,Salem,Hasthampatti(Uzhavar Sandhai ),Coriander,8500,9000,9000,26-08-2024
1052,Salem,Hasthampatti(Uzhavar Sandhai ),Coriander,8500,9200,9200,12-09-2024
1053,Salem,Hasthampatti(Uzhavar Sandhai ),Coriander,8500,9200,9200,25-08-2024
1054,Salem,Hasthampatti(Uzhavar Sandhai ),Coriander,9000,10000,10000,09-09-2024
1055,Salem,Hasthampatti(Uzhavar Sandhai ),Coriander,9000,10000,10000,15-09-2024
1056,Salem,Hasthampatti(Uzhavar Sandhai ),Coriander,9000,10000,10000,16-09-2024
1057,Salem,Hasthampatti(Uzhavar Sandhai ),Coriander,9000,10000,10000,17-09-2024
1058,Salem,Hasthampatti(Uzhavar Sandhai ),Coriander,9000,10000,10000,18-09-2024
1059,Salem,Hasthampatti(Uzhavar Sandhai ),Coriander,9000,10000,10000,19-09-2024
1060,Salem,Hasthampatti(Uzhavar Sandhai ),Coriander,9000,10000,10000,21-09-2024
1061,Salem,Hasthampatti(Uzhavar Sandhai ),Coriander,9000,10000,10000,22-09-2024
1062,Salem,Hasthampatti(Uzhavar Sandhai ),Coriander,9500,10000,10000,20-09-2024
1063,Salem,Hasthampatti(Uzhavar Sandhai ),Coriander,10000,10800,10800,11-09-2024
1064,Salem,Hasthampatti(Uzhavar Sandhai ),Coriander,10000,11000,11000,10-09-2024
1065,Salem,Jalagandapuram(Uzhavar Sandhai ),Coriander,1000,1500,1500,21-12-2024
1066,Salem,Jalagandapuram(Uzhavar Sandhai ),Coriander,1000,1500,1500,23-12-2024
1067,Salem,Jalagandapuram(Uzhavar Sandhai ),Coriander,1000,1500,1500,27-12-2024
1068,Salem,Jalagandapuram(Uzhavar Sandhai ),Coriander,1000,1500,1500,28-12-2024
1069,Salem,Jalagandapuram(Uzhavar Sandhai ),Coriander,1000,1500,1500,29-12-2024
1070,Salem,Jalagandapuram(Uzhavar Sandhai ),Coriander,1000,1500,1500,30-12-2024
1071,Salem,Jalagandapuram(Uzhavar Sandhai ),Coriander,1000,1500,1500,31-12-2024
1072,Salem,Jalagandapuram(Uzhavar Sandhai ),Coriander,1200,1500,1500,20-12-2024
1073,Salem,Jalagandapuram(Uzhavar Sandhai ),Coriander,1200,1500,1500,22-12-2024
1074,Salem,Jalagandapuram(Uzhavar Sandhai ),Coriander,1400,1500,1500,01-01-2025
1075,Salem,Jalagandapuram(Uzhavar Sandhai ),Coriander,1400,1600,1600,19-11-2024
1076,Salem,Jalagandapuram(Uzhavar Sandhai ),Coriander,1400,1600,1600,20-11-2024
1077,Salem,Jalagandapuram(Uzhavar Sandhai ),Coriander,1400,1600,1600,21-11-2024
1078,Salem,Jalagandapuram(Uzhavar Sandhai ),Coriander,1500,1700,1700,13-10-2024
1079,Salem,Jalagandapuram(Uzhavar Sandhai ),Coriander,1500,1700,1700,19-12-2024
1080,Salem,Jalagandapuram(Uzhavar Sandhai ),Coriander,1500,1700,1700,26-12-2024
1081,Salem,Jalagandapuram(Uzhavar Sandhai ),Coriander,1500,1800,1800,11-11-2024
1082,Salem,Jalagandapuram(Uzhavar Sandhai ),Coriander,1500,1800,1800,12-11-2024
1083,Salem,Jalagandapuram(Uzhavar Sandhai ),Coriander,1500,1800,1800,17-12-2024
1084,Salem,Jalagandapuram(Uzhavar Sandhai ),Coriander,1500,1800,1800,17-11-2024
1085,Salem,Jalagandapuram(Uzhavar Sandhai ),Coriander,1500,1800,1800,18-11-2024
1086,Salem,Jalagandapuram(Uzhavar Sandhai ),Coriander,1500,1800,1800,23-11-2024
1087,Salem,Jalagandapuram(Uzhavar Sandhai ),Coriander,1500,1800,1800,24-12-2024
1088,Salem,Jalagandapuram(Uzhavar Sandhai ),Coriander,1500,2000,2000,01-10-2024
1089,Salem,Jalagandapuram(Uzhavar Sandhai ),Coriander,1500,2000,2000,02-10-2024
1090,Salem,Jalagandapuram(Uzhavar Sandhai ),Coriander,1500,2000,2000,03-10-2024
1091,Salem,Jalagandapuram(Uzhavar Sandhai ),Coriander,1500,2000,2000,04-10-2024
1092,Salem,Jalagandapuram(Uzhavar Sandhai ),Coriander,1500,2000,2000,05-10-2024
1093,Salem,Jalagandapuram(Uzhavar Sandhai ),Coriander,1500,2000,2000,06-10-2024
1094,Salem,Jalagandapuram(Uzhavar Sandhai ),Coriander,1500,2000,2000,07-10-2024
1095,Salem,Jalagandapuram(Uzhavar Sandhai ),Coriander,1500,2000,2000,08-10-2024
1096,Salem,Jalagandapuram(Uzhavar Sandhai ),Coriander,1500,2000,2000,09-12-2024
1097,Salem,Jalagandapuram(Uzhavar Sandhai ),Coriander,1500,2000,2000,09-11-2024
1098,Salem,Jalagandapuram(Uzhavar Sandhai ),Coriander,1500,2000,2000,09-10-2024
1099,Salem,Jalagandapuram(Uzhavar Sandhai ),Coriander,1500,2000,2000,10-10-2024
1100,Salem,Jalagandapuram(Uzhavar Sandhai ),Coriander,1500,2000,2000,11-10-2024
1101,Salem,Jalagandapuram(Uzhavar Sandhai ),Coriander,1500,2000,2000,12-12-2024
1102,Salem,Jalagandapuram(Uzhavar Sandhai ),Coriander,1500,2000,2000,12-10-2024
1103,Salem,Jalagandapuram(Uzhavar Sandhai ),Coriander,1500,2000,2000,13-12-2024
1104,Salem,Jalagandapuram(Uzhavar Sandhai ),Coriander,1500,2000,2000,14-12-2024
1105,Salem,Jalagandapuram(Uzhavar Sandhai ),Coriander,1500,2000,2000,14-10-2024
1106,Salem,Jalagandapuram(Uzhavar Sandhai ),Coriander,1500,2000,2000,15-11-2024
1107,Salem,Jalagandapuram(Uzhavar Sandhai ),Coriander,1500,2000,2000,15-10-2024
1108,Salem,Jalagandapuram(Uzhavar Sandhai ),Coriander,1500,2000,2000,16-12-2024
1109,Salem,Jalagandapuram(Uzhavar Sandhai ),Coriander,1500,2000,2000,24-11-2024
1110,Salem,Jalagandapuram(Uzhavar Sandhai ),Coriander,1500,2000,2000,25-11-2024
1111,Salem,Jalagandapuram(Uzhavar Sandhai ),Coriander,1600,1800,1800,22-11-2024
1112,Salem,Jalagandapuram(Uzhavar Sandhai ),Coriander,1600,2000,2000,07-12-2024
1113,Salem,Jalagandapuram(Uzhavar Sandhai ),Coriander,1600,2000,2000,07-11-2024
1114,Salem,Jalagandapuram(Uzhavar Sandhai ),Coriander,1600,2000,2000,08-11-2024
1115,Salem,Jalagandapuram(Uzhavar Sandhai ),Coriander,1600,2000,2000,10-12-2024
1116,Salem,Jalagandapuram(Uzhavar Sandhai ),Coriander,1600,2000,2000,10-11-2024
1117,Salem,Jalagandapuram(Uzhavar Sandhai ),Coriander,1600,2000,2000,14-11-2024
1118,Salem,Jalagandapuram(Uzhavar Sandhai ),Coriander,1600,2000,2000,15-12-2024
1119,Salem,Jalagandapuram(Uzhavar Sandhai ),Coriander,1600,2000,2000,16-11-2024
1120,Salem,Jalagandapuram(Uzhavar Sandhai ),Coriander,2000,2200,2200,05-11-2024
1121,Salem,Jalagandapuram(Uzhavar Sandhai ),Coriander,2000,2200,2200,29-11-2024
1122,Salem,Jalagandapuram(Uzhavar Sandhai ),Coriander,2000,2200,2200,29-10-2024
1123,Salem,Jalagandapuram(Uzhavar Sandhai ),Coriander,2000,2400,2400,02-12-2024
1124,Salem,Jalagandapuram(Uzhavar Sandhai ),Coriander,2000,2400,2400,19-10-2024
1125,Salem,Jalagandapuram(Uzhavar Sandhai ),Coriander,2000,2400,2400,27-10-2024
1126,Salem,Jalagandapuram(Uzhavar Sandhai ),Coriander,2000,2400,2400,28-10-2024
1127,Salem,Jalagandapuram(Uzhavar Sandhai ),Coriander,2000,2500,2500,01-11-2024
1128,Salem,Jalagandapuram(Uzhavar Sandhai ),Coriander,2000,2500,2500,04-11-2024
1129,Salem,Jalagandapuram(Uzhavar Sandhai ),Coriander,2000,2500,2500,06-12-2024
1130,Salem,Jalagandapuram(Uzhavar Sandhai ),Coriander,2000,2500,2500,08-12-2024
1131,Salem,Jalagandapuram(Uzhavar Sandhai ),Coriander,2000,2500,2500,16-10-2024
1132,Salem,Jalagandapuram(Uzhavar Sandhai ),Coriander,2000,2500,2500,17-10-2024
1133,Salem,Jalagandapuram(Uzhavar Sandhai ),Coriander,2000,2500,2500,18-12-2024
1134,Salem,Jalagandapuram(Uzhavar Sandhai ),Coriander,2000,2500,2500,18-10-2024
1135,Salem,Jalagandapuram(Uzhavar Sandhai ),Coriander,2000,2500,2500,20-10-2024
1136,Salem,Jalagandapuram(Uzhavar Sandhai ),Coriander,2000,2500,2500,21-10-2024
1137,Salem,Jalagandapuram(Uzhavar Sandhai ),Coriander,2000,2500,2500,22-10-2024
1138,Salem,Jalagandapuram(Uzhavar Sandhai ),Coriander,2000,2500,2500,24-10-2024
1139,Salem,Jalagandapuram(Uzhavar Sandhai ),Coriander,2000,2500,2500,25-10-2024
1140,Salem,Jalagandapuram(Uzhavar Sandhai ),Coriander,2000,2500,2500,26-10-2024
1141,Salem,Jalagandapuram(Uzhavar Sandhai ),Coriander,2000,2500,2500,26-09-2024
1142,Salem,Jalagandapuram(Uzhavar Sandhai ),Coriander,2000,2500,2500,27-09-2024
1143,Salem,Jalagandapuram(Uzhavar Sandhai ),Coriander,2000,2500,2500,28-11-2024
1144,Salem,Jalagandapuram(Uzhavar Sandhai ),Coriander,2000,2500,2500,28-09-2024
1145,Salem,Jalagandapuram(Uzhavar Sandhai ),Coriander,2000,2500,2500,29-09-2024
1146,Salem,Jalagandapuram(Uzhavar Sandhai ),Coriander,2000,2500,2500,30-09-2024
1147,Salem,Jalagandapuram(Uzhavar Sandhai ),Coriander,2000,2600,2600,26-11-2024
1148,Salem,Jalagandapuram(Uzhavar Sandhai ),Coriander,2000,2600,2600,31-10-2024
1149,Salem,Jalagandapuram(Uzhavar Sandhai ),Coriander,2200,2500,2500,12-08-2024
1150,Salem,Jalagandapuram(Uzhavar Sandhai ),Coriander,2200,2500,2500,14-08-2024
1151,Salem,Jalagandapuram(Uzhavar Sandhai ),Coriander,2200,2500,2500,16-08-2024
1152,Salem,Jalagandapuram(Uzhavar Sandhai ),Coriander,2200,2500,2500,19-08-2024
1153,Salem,Jalagandapuram(Uzhavar Sandhai ),Coriander,2200,2500,2500,19-07-2024
1154,Salem,Jalagandapuram(Uzhavar Sandhai ),Coriander,2200,2500,2500,21-08-2024
1155,Salem,Jalagandapuram(Uzhavar Sandhai ),Coriander,2200,2500,2500,23-10-2024
1156,Salem,Jalagandapuram(Uzhavar Sandhai ),Coriander,2300,2500,2500,25-12-2024
1157,Salem,Jalagandapuram(Uzhavar Sandhai ),Coriander,2500,2800,2800,05-12-2024
1158,Salem,Jalagandapuram(Uzhavar Sandhai ),Coriander,2500,3000,3000,02-11-2024
1159,Salem,Jalagandapuram(Uzhavar Sandhai ),Coriander,2500,3000,3000,03-12-2024
1160,Salem,Jalagandapuram(Uzhavar Sandhai ),Coriander,2500,3000,3000,03-11-2024
1161,Salem,Jalagandapuram(Uzhavar Sandhai ),Coriander,2500,3000,3000,07-08-2024
1162,Salem,Jalagandapuram(Uzhavar Sandhai ),Coriander,2500,3000,3000,11-12-2024
1163,Salem,Jalagandapuram(Uzhavar Sandhai ),Coriander,2500,3000,3000,13-11-2024
1164,Salem,Jalagandapuram(Uzhavar Sandhai ),Coriander,2500,3000,3000,20-08-2024
1165,Salem,Jalagandapuram(Uzhavar Sandhai ),Coriander,2500,3000,3000,22-08-2024
1166,Salem,Jalagandapuram(Uzhavar Sandhai ),Coriander,2500,3000,3000,23-08-2024
1167,Salem,Jalagandapuram(Uzhavar Sandhai ),Coriander,2500,3000,3000,25-09-2024
1168,Salem,Jalagandapuram(Uzhavar Sandhai ),Coriander,2500,3000,3000,26-07-2024
1169,Salem,Jalagandapuram(Uzhavar Sandhai ),Coriander,2500,3000,3000,27-11-2024
1170,Salem,Jalagandapuram(Uzhavar Sandhai ),Coriander,2600,3000,3000,09-08-2024
1171,Salem,Jalagandapuram(Uzhavar Sandhai ),Coriander,2800,3000,3000,04-12-2024
1172,Salem,Jalagandapuram(Uzhavar Sandhai ),Coriander,2800,3000,3000,06-11-2024
1173,Salem,Jalagandapuram(Uzhavar Sandhai ),Coriander,3000,3500,3500,01-08-2024
1174,Salem,Jalagandapuram(Uzhavar Sandhai ),Coriander,3000,3500,3500,02-08-2024
1175,Salem,Jalagandapuram(Uzhavar Sandhai ),Coriander,3000,3500,3500,03-08-2024
1176,Salem,Jalagandapuram(Uzhavar Sandhai ),Coriander,3000,3500,3500,04-08-2024
1177,Salem,Jalagandapuram(Uzhavar Sandhai ),Coriander,3000,3500,3500,05-08-2024
1178,Salem,Jalagandapuram(Uzhavar Sandhai ),Coriander,3000,3500,3500,06-08-2024
1179,Salem,Jalagandapuram(Uzhavar Sandhai ),Coriander,3000,3500,3500,08-08-2024
1180,Salem,Jalagandapuram(Uzhavar Sandhai ),Coriander,3000,3500,3500,10-08-2024
1181,Salem,Jalagandapuram(Uzhavar Sandhai ),Coriander,3000,3500,3500,11-08-2024
1182,Salem,Jalagandapuram(Uzhavar Sandhai ),Coriander,3000,3500,3500,13-08-2024
1183,Salem,Jalagandapuram(Uzhavar Sandhai ),Coriander,3000,3500,3500,15-08-2024
1184,Salem,Jalagandapuram(Uzhavar Sandhai ),Coriander,3000,3500,3500,17-08-2024
1185,Salem,Jalagandapuram(Uzhavar Sandhai ),Coriander,3000,3500,3500,18-08-2024
1186,Salem,Jalagandapuram(Uzhavar Sandhai ),Coriander,3000,3500,3500,24-08-2024
1187,Salem,Jalagandapuram(Uzhavar Sandhai ),Coriander,3000,3500,3500,24-09-2024
1188,Salem,Jalagandapuram(Uzhavar Sandhai ),Coriander,3000,3500,3500,29-07-2024
1189,Salem,Jalagandapuram(Uzhavar Sandhai ),Coriander,3000,3500,3500,30-07-2024
1190,Salem,Jalagandapuram(Uzhavar Sandhai ),Coriander,3000,3500,3500,31-07-2024
1191,Salem,Jalagandapuram(Uzhavar Sandhai ),Coriander,3000,4000,4000,27-08-2024
1192,Salem,Jalagandapuram(Uzhavar Sandhai ),Coriander,3500,4000,4000,01-09-2024
1193,Salem,Jalagandapuram(Uzhavar Sandhai ),Coriander,3500,4000,4000,02-09-2024
1194,Salem,Jalagandapuram(Uzhavar Sandhai ),Coriander,3500,4000,4000,03-09-2024
1195,Salem,Jalagandapuram(Uzhavar Sandhai ),Coriander,3500,4000,4000,12-09-2024
1196,Salem,Jalagandapuram(Uzhavar Sandhai ),Coriander,3500,4000,4000,13-09-2024
1197,Salem,Jalagandapuram(Uzhavar Sandhai ),Coriander,3500,4000,4000,16-07-2024
1198,Salem,Jalagandapuram(Uzhavar Sandhai ),Coriander,3500,4000,4000,17-07-2024
1199,Salem,Jalagandapuram(Uzhavar Sandhai ),Coriander,3500,4000,4000,18-07-2024
1200,Salem,Jalagandapuram(Uzhavar Sandhai ),Coriander,3500,4000,4000,20-07-2024
1201,Salem,Jalagandapuram(Uzhavar Sandhai ),Coriander,3500,4000,4000,21-07-2024
1202,Salem,Jalagandapuram(Uzhavar Sandhai ),Coriander,3500,4000,4000,22-07-2024
1203,Salem,Jalagandapuram(Uzhavar Sandhai ),Coriander,3500,4000,4000,23-07-2024
1204,Salem,Jalagandapuram(Uzhavar Sandhai ),Coriander,3500,4000,4000,24-07-2024
1205,Salem,Jalagandapuram(Uzhavar Sandhai ),Coriander,3500,4000,4000,25-07-2024
1206,Salem,Jalagandapuram(Uzhavar Sandhai ),Coriander,3500,4000,4000,26-08-2024
1207,Salem,Jalagandapuram(Uzhavar Sandhai ),Coriander,3500,4000,4000,27-07-2024
1208,Salem,Jalagandapuram(Uzhavar Sandhai ),Coriander,3500,4000,4000,28-08-2024
1209,Salem,Jalagandapuram(Uzhavar Sandhai ),Coriander,3500,4000,4000,28-07-2024
1210,Salem,Jalagandapuram(Uzhavar Sandhai ),Coriander,3500,4000,4000,29-08-2024
1211,Salem,Jalagandapuram(Uzhavar Sandhai ),Coriander,3500,4000,4000,30-08-2024
1212,Salem,Jalagandapuram(Uzhavar Sandhai ),Coriander,3500,4000,4000,30-10-2024
1213,Salem,Jalagandapuram(Uzhavar Sandhai ),Coriander,3500,4000,4000,31-08-2024
1214,Salem,Jalagandapuram(Uzhavar Sandhai ),Coriander,3600,4000,4000,04-09-2024
1215,Salem,Jalagandapuram(Uzhavar Sandhai ),Coriander,4000,4500,4500,05-09-2024
1216,Salem,Jalagandapuram(Uzhavar Sandhai ),Coriander,4000,4500,4500,14-09-2024
1217,Salem,Jalagandapuram(Uzhavar Sandhai ),Coriander,4000,5000,5000,07-09-2024
1218,Salem,Jalagandapuram(Uzhavar Sandhai ),Coriander,4000,5000,5000,11-09-2024
1219,Salem,Jalagandapuram(Uzhavar Sandhai ),Coriander,4000,5000,5000,19-09-2024
1220,Salem,Jalagandapuram(Uzhavar Sandhai ),Coriander,4000,5000,5000,23-09-2024
1221,Salem,Jalagandapuram(Uzhavar Sandhai ),Coriander,4000,5000,5000,25-08-2024
1222,Salem,Jalagandapuram(Uzhavar Sandhai ),Coriander,4500,5000,5000,06-09-2024
1223,Salem,Jalagandapuram(Uzhavar Sandhai ),Coriander,4500,5000,5000,08-09-2024
1224,Salem,Jalagandapuram(Uzhavar Sandhai ),Coriander,4500,5000,5000,15-09-2024
1225,Salem,Jalagandapuram(Uzhavar Sandhai ),Coriander,4500,5000,5000,16-09-2024
1226,Salem,Jalagandapuram(Uzhavar Sandhai ),Coriander,4500,5000,5000,17-09-2024
1227,Salem,Jalagandapuram(Uzhavar Sandhai ),Coriander,4500,5000,5000,18-09-2024
1228,Salem,Jalagandapuram(Uzhavar Sandhai ),Coriander,4500,5000,5000,20-09-2024
1229,Salem,Jalagandapuram(Uzhavar Sandhai ),Coriander,4500,5000,5000,21-09-2024
1230,Salem,Jalagandapuram(Uzhavar Sandhai ),Coriander,4500,5000,5000,22-09-2024
1231,Salem,Jalagandapuram(Uzhavar Sandhai ),Coriander,5000,5500,5500,09-09-2024
1232,Salem,Jalagandapuram(Uzhavar Sandhai ),Coriander,8000,8000,8000,10-09-2024
1233,Salem,Mettur(Uzhavar Sandhai ),Coriander,1000,2000,2000,26-12-2024
1234,Salem,Mettur(Uzhavar Sandhai ),Coriander,1000,2500,2500,01-11-2024
1235,Salem,Mettur(Uzhavar Sandhai ),Coriander,1000,2500,2500,24-12-2024
1236,Salem,Mettur(Uzhavar Sandhai ),Coriander,1500,2000,2000,16-12-2024
1237,Salem,Mettur(Uzhavar Sandhai ),Coriander,1500,2000,2000,18-11-2024
1238,Salem,Mettur(Uzhavar Sandhai ),Coriander,1500,2000,2000,25-11-2024
1239,Salem,Mettur(Uzhavar Sandhai ),Coriander,1500,2500,2500,28-12-2024
1240,Salem,Mettur(Uzhavar Sandhai ),Coriander,2000,2000,2000,16-10-2024
1241,Salem,Mettur(Uzhavar Sandhai ),Coriander,2000,2500,2500,02-12-2024
1242,Salem,Mettur(Uzhavar Sandhai ),Coriander,2000,2500,2500,09-12-2024
1243,Salem,Mettur(Uzhavar Sandhai ),Coriander,2000,2500,2500,12-10-2024
1244,Salem,Mettur(Uzhavar Sandhai ),Coriander,2000,2500,2500,13-10-2024
1245,Salem,Mettur(Uzhavar Sandhai ),Coriander,2000,2500,2500,14-08-2024
1246,Salem,Mettur(Uzhavar Sandhai ),Coriander,2000,2500,2500,14-10-2024
1247,Salem,Mettur(Uzhavar Sandhai ),Coriander,2000,2500,2500,15-10-2024
1248,Salem,Mettur(Uzhavar Sandhai ),Coriander,2000,2500,2500,17-10-2024
1249,Salem,Mettur(Uzhavar Sandhai ),Coriander,2000,2500,2500,23-12-2024
1250,Salem,Mettur(Uzhavar Sandhai ),Coriander,2000,2500,2500,28-10-2024
1251,Salem,Mettur(Uzhavar Sandhai ),Coriander,2000,2500,2500,30-12-2024
1252,Salem,Mettur(Uzhavar Sandhai ),Coriander,2000,3000,3000,16-07-2024
1253,Salem,Mettur(Uzhavar Sandhai ),Coriander,2000,3000,3000,18-07-2024
1254,Salem,Mettur(Uzhavar Sandhai ),Coriander,2500,2500,2500,01-01-2025
1255,Salem,Mettur(Uzhavar Sandhai ),Coriander,2500,2500,2500,02-11-2024
1256,Salem,Mettur(Uzhavar Sandhai ),Coriander,2500,2500,2500,03-12-2024
1257,Salem,Mettur(Uzhavar Sandhai ),Coriander,2500,2500,2500,04-12-2024
1258,Salem,Mettur(Uzhavar Sandhai ),Coriander,2500,2500,2500,05-12-2024
1259,Salem,Mettur(Uzhavar Sandhai ),Coriander,2500,2500,2500,06-12-2024
1260,Salem,Mettur(Uzhavar Sandhai ),Coriander,2500,2500,2500,07-12-2024
1261,Salem,Mettur(Uzhavar Sandhai ),Coriander,2500,2500,2500,08-12-2024
1262,Salem,Mettur(Uzhavar Sandhai ),Coriander,2500,2500,2500,08-11-2024
1263,Salem,Mettur(Uzhavar Sandhai ),Coriander,2500,2500,2500,10-12-2024
1264,Salem,Mettur(Uzhavar Sandhai ),Coriander,2500,2500,2500,11-12-2024
1265,Salem,Mettur(Uzhavar Sandhai ),Coriander,2500,2500,2500,11-10-2024
1266,Salem,Mettur(Uzhavar Sandhai ),Coriander,2500,2500,2500,12-12-2024
1267,Salem,Mettur(Uzhavar Sandhai ),Coriander,2500,2500,2500,13-12-2024
1268,Salem,Mettur(Uzhavar Sandhai ),Coriander,2500,2500,2500,13-11-2024
1269,Salem,Mettur(Uzhavar Sandhai ),Coriander,2500,2500,2500,14-12-2024
1270,Salem,Mettur(Uzhavar Sandhai ),Coriander,2500,2500,2500,15-12-2024
1271,Salem,Mettur(Uzhavar Sandhai ),Coriander,2500,2500,2500,16-11-2024
1272,Salem,Mettur(Uzhavar Sandhai ),Coriander,2500,2500,2500,17-12-2024
1273,Salem,Mettur(Uzhavar Sandhai ),Coriander,2500,2500,2500,18-12-2024
1274,Salem,Mettur(Uzhavar Sandhai ),Coriander,2500,2500,2500,18-10-2024
1275,Salem,Mettur(Uzhavar Sandhai ),Coriander,2500,2500,2500,19-12-2024
1276,Salem,Mettur(Uzhavar Sandhai ),Coriander,2500,2500,2500,19-11-2024
1277,Salem,Mettur(Uzhavar Sandhai ),Coriander,2500,2500,2500,19-10-2024
1278,Salem,Mettur(Uzhavar Sandhai ),Coriander,2500,2500,2500,20-12-2024
1279,Salem,Mettur(Uzhavar Sandhai ),Coriander,2500,2500,2500,20-11-2024
1280,Salem,Mettur(Uzhavar Sandhai ),Coriander,2500,2500,2500,20-10-2024
1281,Salem,Mettur(Uzhavar Sandhai ),Coriander,2500,2500,2500,21-12-2024
1282,Salem,Mettur(Uzhavar Sandhai ),Coriander,2500,2500,2500,21-11-2024
1283,Salem,Mettur(Uzhavar Sandhai ),Coriander,2500,2500,2500,21-10-2024
1284,Salem,Mettur(Uzhavar Sandhai ),Coriander,2500,2500,2500,22-12-2024
1285,Salem,Mettur(Uzhavar Sandhai ),Coriander,2500,2500,2500,22-11-2024
1286,Salem,Mettur(Uzhavar Sandhai ),Coriander,2500,2500,2500,22-10-2024
1287,Salem,Mettur(Uzhavar Sandhai ),Coriander,2500,2500,2500,23-11-2024
1288,Salem,Mettur(Uzhavar Sandhai ),Coriander,2500,2500,2500,23-10-2024
1289,Salem,Mettur(Uzhavar Sandhai ),Coriander,2500,2500,2500,24-11-2024
1290,Salem,Mettur(Uzhavar Sandhai ),Coriander,2500,2500,2500,24-10-2024
1291,Salem,Mettur(Uzhavar Sandhai ),Coriander,2500,2500,2500,25-12-2024
1292,Salem,Mettur(Uzhavar Sandhai ),Coriander,2500,2500,2500,25-10-2024
1293,Salem,Mettur(Uzhavar Sandhai ),Coriander,2500,2500,2500,26-11-2024
1294,Salem,Mettur(Uzhavar Sandhai ),Coriander,2500,2500,2500,26-10-2024
1295,Salem,Mettur(Uzhavar Sandhai ),Coriander,2500,2500,2500,27-12-2024
1296,Salem,Mettur(Uzhavar Sandhai ),Coriander,2500,2500,2500,27-11-2024
1297,Salem,Mettur(Uzhavar Sandhai ),Coriander,2500,2500,2500,27-10-2024
1298,Salem,Mettur(Uzhavar Sandhai ),Coriander,2500,2500,2500,28-11-2024
1299,Salem,Mettur(Uzhavar Sandhai ),Coriander,2500,2500,2500,29-12-2024
1300,Salem,Mettur(Uzhavar Sandhai ),Coriander,2500,2500,2500,29-11-2024
1301,Salem,Mettur(Uzhavar Sandhai ),Coriander,2500,2500,2500,29-10-2024
1302,Salem,Mettur(Uzhavar Sandhai ),Coriander,2500,2500,2500,30-10-2024
1303,Salem,Mettur(Uzhavar Sandhai ),Coriander,2500,2500,2500,31-12-2024
1304,Salem,Mettur(Uzhavar Sandhai ),Coriander,2500,2500,2500,31-10-2024
1305,Salem,Mettur(Uzhavar Sandhai ),Coriander,2500,3000,3000,01-08-2024
1306,Salem,Mettur(Uzhavar Sandhai ),Coriander,2500,3000,3000,02-08-2024
1307,Salem,Mettur(Uzhavar Sandhai ),Coriander,2500,3000,3000,03-08-2024
1308,Salem,Mettur(Uzhavar Sandhai ),Coriander,2500,3000,3000,04-08-2024
1309,Salem,Mettur(Uzhavar Sandhai ),Coriander,2500,3000,3000,05-08-2024
1310,Salem,Mettur(Uzhavar Sandhai ),Coriander,2500,3000,3000,06-08-2024
1311,Salem,Mettur(Uzhavar Sandhai ),Coriander,2500,3000,3000,07-08-2024
1312,Salem,Mettur(Uzhavar Sandhai ),Coriander,2500,3000,3000,08-08-2024
1313,Salem,Mettur(Uzhavar Sandhai ),Coriander,2500,3000,3000,09-08-2024
1314,Salem,Mettur(Uzhavar Sandhai ),Coriander,2500,3000,3000,10-08-2024
1315,Salem,Mettur(Uzhavar Sandhai ),Coriander,2500,3000,3000,11-08-2024
1316,Salem,Mettur(Uzhavar Sandhai ),Coriander,2500,3000,3000,12-08-2024
1317,Salem,Mettur(Uzhavar Sandhai ),Coriander,2500,3000,3000,12-11-2024
1318,Salem,Mettur(Uzhavar Sandhai ),Coriander,2500,3000,3000,13-08-2024
1319,Salem,Mettur(Uzhavar Sandhai ),Coriander,2500,3000,3000,15-08-2024
1320,Salem,Mettur(Uzhavar Sandhai ),Coriander,2500,3000,3000,16-08-2024
1321,Salem,Mettur(Uzhavar Sandhai ),Coriander,2500,3000,3000,17-08-2024
1322,Salem,Mettur(Uzhavar Sandhai ),Coriander,2500,3000,3000,18-08-2024
1323,Salem,Mettur(Uzhavar Sandhai ),Coriander,2500,3000,3000,19-08-2024
1324,Salem,Mettur(Uzhavar Sandhai ),Coriander,2500,3000,3000,20-08-2024
1325,Salem,Mettur(Uzhavar Sandhai ),Coriander,2500,3000,3000,20-07-2024
1326,Salem,Mettur(Uzhavar Sandhai ),Coriander,2500,3000,3000,21-08-2024
1327,Salem,Mettur(Uzhavar Sandhai ),Coriander,2500,3000,3000,21-07-2024
1328,Salem,Mettur(Uzhavar Sandhai ),Coriander,2500,3000,3000,22-08-2024
1329,Salem,Mettur(Uzhavar Sandhai ),Coriander,2500,3000,3000,22-07-2024
1330,Salem,Mettur(Uzhavar Sandhai ),Coriander,2500,3000,3000,23-08-2024
1331,Salem,Mettur(Uzhavar Sandhai ),Coriander,2500,3000,3000,23-07-2024
1332,Salem,Mettur(Uzhavar Sandhai ),Coriander,2500,3000,3000,24-08-2024
1333,Salem,Mettur(Uzhavar Sandhai ),Coriander,2500,3000,3000,24-07-2024
1334,Salem,Mettur(Uzhavar Sandhai ),Coriander,2500,3000,3000,25-08-2024
1335,Salem,Mettur(Uzhavar Sandhai ),Coriander,2500,3000,3000,25-07-2024
1336,Salem,Mettur(Uzhavar Sandhai ),Coriander,2500,3000,3000,26-07-2024
1337,Salem,Mettur(Uzhavar Sandhai ),Coriander,2500,3000,3000,27-07-2024
1338,Salem,Mettur(Uzhavar Sandhai ),Coriander,2500,3000,3000,28-07-2024
1339,Salem,Mettur(Uzhavar Sandhai ),Coriander,2500,3000,3000,29-07-2024
1340,Salem,Mettur(Uzhavar Sandhai ),Coriander,2500,3000,3000,30-07-2024
1341,Salem,Mettur(Uzhavar Sandhai ),Coriander,2500,3000,3000,31-07-2024
1342,Salem,Mettur(Uzhavar Sandhai ),Coriander,2500,4000,4000,03-11-2024
1343,Salem,Mettur(Uzhavar Sandhai ),Coriander,2500,4000,4000,05-11-2024
1344,Salem,Mettur(Uzhavar Sandhai ),Coriander,2500,4000,4000,06-11-2024
1345,Salem,Mettur(Uzhavar Sandhai ),Coriander,2500,4000,4000,07-11-2024
1346,Salem,Mettur(Uzhavar Sandhai ),Coriander,2500,4000,4000,09-11-2024
1347,Salem,Mettur(Uzhavar Sandhai ),Coriander,2500,4000,4000,10-11-2024
1348,Salem,Mettur(Uzhavar Sandhai ),Coriander,2500,4000,4000,11-11-2024
1349,Salem,Mettur(Uzhavar Sandhai ),Coriander,2500,4000,4000,15-11-2024
1350,Salem,Mettur(Uzhavar Sandhai ),Coriander,2500,4000,4000,17-11-2024
1351,Salem,Mettur(Uzhavar Sandhai ),Coriander,2500,4000,4000,27-08-2024
1352,Salem,Mettur(Uzhavar Sandhai ),Coriander,3000,4000,4000,01-09-2024
1353,Salem,Mettur(Uzhavar Sandhai ),Coriander,3000,4000,4000,04-11-2024
1354,Salem,Mettur(Uzhavar Sandhai ),Coriander,3000,4000,4000,19-07-2024
1355,Salem,Mettur(Uzhavar Sandhai ),Coriander,3000,4000,4000,26-08-2024
1356,Salem,Mettur(Uzhavar Sandhai ),Coriander,3000,4000,4000,29-08-2024
1357,Salem,Mettur(Uzhavar Sandhai ),Coriander,3000,4000,4000,31-08-2024
1358,Salem,Mettur(Uzhavar Sandhai ),Coriander,3500,4000,4000,10-09-2024
1359,Salem,Mettur(Uzhavar Sandhai ),Coriander,3500,4000,4000,14-11-2024
1360,Salem,Mettur(Uzhavar Sandhai ),Coriander,3500,4000,4000,17-07-2024
1361,Salem,Mettur(Uzhavar Sandhai ),Coriander,4000,4000,4000,04-09-2024
1362,Salem,Mettur(Uzhavar Sandhai ),Coriander,4000,4000,4000,05-09-2024
1363,Salem,Mettur(Uzhavar Sandhai ),Coriander,4000,4000,4000,07-09-2024
1364,Salem,Mettur(Uzhavar Sandhai ),Coriander,4000,4000,4000,08-10-2024
1365,Salem,Mettur(Uzhavar Sandhai ),Coriander,4000,4000,4000,08-09-2024
1366,Salem,Mettur(Uzhavar Sandhai ),Coriander,4000,4000,4000,09-09-2024
1367,Salem,Mettur(Uzhavar Sandhai ),Coriander,4000,4000,4000,30-08-2024
1368,Salem,Mettur(Uzhavar Sandhai ),Coriander,4000,6000,6000,02-09-2024
1369,Salem,Mettur(Uzhavar Sandhai ),Coriander,4000,6000,6000,03-09-2024
1370,Salem,Mettur(Uzhavar Sandhai ),Coriander,4000,6000,6000,06-09-2024
1371,Salem,Mettur(Uzhavar Sandhai ),Coriander,4000,6000,6000,13-09-2024
1372,Salem,Mettur(Uzhavar Sandhai ),Coriander,4000,6000,6000,14-09-2024
1373,Salem,Mettur(Uzhavar Sandhai ),Coriander,4000,6000,6000,15-09-2024
1374,Salem,Mettur(Uzhavar Sandhai ),Coriander,4000,6000,6000,16-09-2024
1375,Salem,Mettur(Uzhavar Sandhai ),Coriander,4000,6000,6000,28-08-2024
1376,Salem,Mettur(Uzhavar Sandhai ),Coriander,4500,5000,5000,12-09-2024
1377,Salem,Mettur(Uzhavar Sandhai ),Coriander,5000,5000,5000,01-10-2024
1378,Salem,Mettur(Uzhavar Sandhai ),Coriander,5000,5000,5000,02-10-2024
1379,Salem,Mettur(Uzhavar Sandhai ),Coriander,5000,5000,5000,03-10-2024
1380,Salem,Mettur(Uzhavar Sandhai ),Coriander,5000,5000,5000,04-10-2024
1381,Salem,Mettur(Uzhavar Sandhai ),Coriander,5000,5000,5000,05-10-2024
1382,Salem,Mettur(Uzhavar Sandhai ),Coriander,5000,5000,5000,06-10-2024
1383,Salem,Mettur(Uzhavar Sandhai ),Coriander,5000,5000,5000,07-10-2024
1384,Salem,Mettur(Uzhavar Sandhai ),Coriander,5000,5000,5000,09-10-2024
1385,Salem,Mettur(Uzhavar Sandhai ),Coriander,5000,5000,5000,10-10-2024
1386,Salem,Mettur(Uzhavar Sandhai ),Coriander,5000,5000,5000,19-09-2024
1387,Salem,Mettur(Uzhavar Sandhai ),Coriander,5000,5000,5000,23-09-2024
1388,Salem,Mettur(Uzhavar Sandhai ),Coriander,5000,5000,5000,24-09-2024
1389,Salem,Mettur(Uzhavar Sandhai ),Coriander,5000,5000,5000,25-09-2024
1390,Salem,Mettur(Uzhavar Sandhai ),Coriander,5000,5000,5000,26-09-2024
1391,Salem,Mettur(Uzhavar Sandhai ),Coriander,5000,5000,5000,27-09-2024
1392,Salem,Mettur(Uzhavar Sandhai ),Coriander,5000,5000,5000,28-09-2024
1393,Salem,Mettur(Uzhavar Sandhai ),Coriander,5000,5000,5000,29-09-2024
1394,Salem,Mettur(Uzhavar Sandhai ),Coriander,5000,5000,5000,30-09-2024
1395,Salem,Mettur(Uzhavar Sandhai ),Coriander,5000,8000,8000,17-09-2024
1396,Salem,Mettur(Uzhavar Sandhai ),Coriander,5000,8000,8000,18-09-2024
1397,Salem,Mettur(Uzhavar Sandhai ),Coriander,5000,8000,8000,20-09-2024
1398,Salem,Mettur(Uzhavar Sandhai ),Coriander,5000,8000,8000,21-09-2024
1399,Salem,Mettur(Uzhavar Sandhai ),Coriander,5000,8000,8000,22-09-2024
1400,Salem,Mettur(Uzhavar Sandhai ),Coriander,8000,8000,8000,11-09-2024
1401,Salem,Sooramangalam(Uzhavar Sandhai ),Coriander,1600,1800,1800,29-09-2024
1402,Salem,Sooramangalam(Uzhavar Sandhai ),Coriander,1800,2000,2000,28-09-2024
1403,Salem,Sooramangalam(Uzhavar Sandhai ),Coriander,2000,2000,2000,27-09-2024
1404,Salem,Sooramangalam(Uzhavar Sandhai ),Coriander,2000,2200,2200,26-09-2024
1405,Salem,Sooramangalam(Uzhavar Sandhai ),Coriander,2000,2500,2500,25-09-2024
1406,Salem,Sooramangalam(Uzhavar Sandhai ),Coriander,2200,2400,2400,30-07-2024
1407,Salem,Sooramangalam(Uzhavar Sandhai ),Coriander,2200,2400,2400,31-07-2024
1408,Salem,Sooramangalam(Uzhavar Sandhai ),Coriander,2200,2600,2600,01-01-2025
1409,Salem,Sooramangalam(Uzhavar Sandhai ),Coriander,2200,2600,2600,29-07-2024
1410,Salem,Sooramangalam(Uzhavar Sandhai ),Coriander,2400,2600,2600,28-12-2024
1411,Salem,Sooramangalam(Uzhavar Sandhai ),Coriander,2400,2600,2600,29-12-2024
1412,Salem,Sooramangalam(Uzhavar Sandhai ),Coriander,2400,2600,2600,30-12-2024
1413,Salem,Sooramangalam(Uzhavar Sandhai ),Coriander,2400,2600,2600,31-12-2024
1414,Salem,Sooramangalam(Uzhavar Sandhai ),Coriander,2400,2800,2800,04-10-2024
1415,Salem,Sooramangalam(Uzhavar Sandhai ),Coriander,2500,2800,2800,10-08-2024
1416,Salem,Sooramangalam(Uzhavar Sandhai ),Coriander,2500,2800,2800,27-07-2024
1417,Salem,Sooramangalam(Uzhavar Sandhai ),Coriander,2500,3000,3000,02-10-2024
1418,Salem,Sooramangalam(Uzhavar Sandhai ),Coriander,2500,3000,3000,03-08-2024
1419,Salem,Sooramangalam(Uzhavar Sandhai ),Coriander,2500,3000,3000,04-08-2024
1420,Salem,Sooramangalam(Uzhavar Sandhai ),Coriander,2500,3000,3000,05-08-2024
1421,Salem,Sooramangalam(Uzhavar Sandhai ),Coriander,2500,3000,3000,17-08-2024
1422,Salem,Sooramangalam(Uzhavar Sandhai ),Coriander,2500,3000,3000,19-08-2024
1423,Salem,Sooramangalam(Uzhavar Sandhai ),Coriander,2500,3000,3000,21-08-2024
1424,Salem,Sooramangalam(Uzhavar Sandhai ),Coriander,2500,3000,3000,30-09-2024
1425,Salem,Sooramangalam(Uzhavar Sandhai ),Coriander,2600,2800,2800,01-08-2024
1426,Salem,Sooramangalam(Uzhavar Sandhai ),Coriander,2600,2800,2800,03-10-2024
1427,Salem,Sooramangalam(Uzhavar Sandhai ),Coriander,2600,2800,2800,12-08-2024
1428,Salem,Sooramangalam(Uzhavar Sandhai ),Coriander,2600,2800,2800,13-08-2024
1429,Salem,Sooramangalam(Uzhavar Sandhai ),Coriander,2600,2800,2800,14-08-2024
1430,Salem,Sooramangalam(Uzhavar Sandhai ),Coriander,2600,2800,2800,26-07-2024
1431,Salem,Sooramangalam(Uzhavar Sandhai ),Coriander,2600,2800,2800,28-07-2024
1432,Salem,Sooramangalam(Uzhavar Sandhai ),Coriander,2600,3000,3000,07-10-2024
1433,Salem,Sooramangalam(Uzhavar Sandhai ),Coriander,2600,3000,3000,11-08-2024
1434,Salem,Sooramangalam(Uzhavar Sandhai ),Coriander,2600,3000,3000,14-10-2024
1435,Salem,Sooramangalam(Uzhavar Sandhai ),Coriander,2600,3000,3000,25-07-2024
1436,Salem,Sooramangalam(Uzhavar Sandhai ),Coriander,2800,3000,3000,02-08-2024
1437,Salem,Sooramangalam(Uzhavar Sandhai ),Coriander,2800,3000,3000,05-10-2024
1438,Salem,Sooramangalam(Uzhavar Sandhai ),Coriander,2800,3000,3000,06-08-2024
1439,Salem,Sooramangalam(Uzhavar Sandhai ),Coriander,2800,3000,3000,06-10-2024
1440,Salem,Sooramangalam(Uzhavar Sandhai ),Coriander,2800,3000,3000,08-10-2024
1441,Salem,Sooramangalam(Uzhavar Sandhai ),Coriander,2800,3000,3000,09-10-2024
1442,Salem,Sooramangalam(Uzhavar Sandhai ),Coriander,2800,3000,3000,10-10-2024
1443,Salem,Sooramangalam(Uzhavar Sandhai ),Coriander,2800,3000,3000,11-10-2024
1444,Salem,Sooramangalam(Uzhavar Sandhai ),Coriander,2800,3000,3000,12-10-2024
1445,Salem,Sooramangalam(Uzhavar Sandhai ),Coriander,2800,3000,3000,13-10-2024
1446,Salem,Sooramangalam(Uzhavar Sandhai ),Coriander,2800,3000,3000,15-08-2024
1447,Salem,Sooramangalam(Uzhavar Sandhai ),Coriander,2800,3000,3000,16-08-2024
1448,Salem,Sooramangalam(Uzhavar Sandhai ),Coriander,2800,3000,3000,18-08-2024
1449,Salem,Sooramangalam(Uzhavar Sandhai ),Coriander,2800,3000,3000,18-07-2024
1450,Salem,Sooramangalam(Uzhavar Sandhai ),Coriander,2800,3000,3000,20-08-2024
1451,Salem,Sooramangalam(Uzhavar Sandhai ),Coriander,2800,3000,3000,20-12-2024
1452,Salem,Sooramangalam(Uzhavar Sandhai ),Coriander,2800,3000,3000,21-12-2024
1453,Salem,Sooramangalam(Uzhavar Sandhai ),Coriander,2800,3000,3000,21-07-2024
1454,Salem,Sooramangalam(Uzhavar Sandhai ),Coriander,2800,3000,3000,22-12-2024
1455,Salem,Sooramangalam(Uzhavar Sandhai ),Coriander,2800,3000,3000,22-07-2024
1456,Salem,Sooramangalam(Uzhavar Sandhai ),Coriander,2800,3000,3000,23-12-2024
1457,Salem,Sooramangalam(Uzhavar Sandhai ),Coriander,2800,3000,3000,23-07-2024
1458,Salem,Sooramangalam(Uzhavar Sandhai ),Coriander,2800,3000,3000,24-07-2024
1459,Salem,Sooramangalam(Uzhavar Sandhai ),Coriander,2800,3000,3000,27-12-2024
1460,Salem,Sooramangalam(Uzhavar Sandhai ),Coriander,3000,3000,3000,01-10-2024
1461,Salem,Sooramangalam(Uzhavar Sandhai ),Coriander,3000,3200,3200,07-08-2024
1462,Salem,Sooramangalam(Uzhavar Sandhai ),Coriander,3000,3200,3200,08-08-2024
1463,Salem,Sooramangalam(Uzhavar Sandhai ),Coriander,3000,3200,3200,09-08-2024
1464,Salem,Sooramangalam(Uzhavar Sandhai ),Coriander,3000,3200,3200,16-07-2024
1465,Salem,Sooramangalam(Uzhavar Sandhai ),Coriander,3000,3200,3200,18-11-2024
1466,Salem,Sooramangalam(Uzhavar Sandhai ),Coriander,3000,3200,3200,19-07-2024
1467,Salem,Sooramangalam(Uzhavar Sandhai ),Coriander,3000,3200,3200,19-11-2024
1468,Salem,Sooramangalam(Uzhavar Sandhai ),Coriander,3000,3200,3200,20-07-2024
1469,Salem,Sooramangalam(Uzhavar Sandhai ),Coriander,3000,3200,3200,20-11-2024
1470,Salem,Sooramangalam(Uzhavar Sandhai ),Coriander,3000,3200,3200,21-11-2024
1471,Salem,Sooramangalam(Uzhavar Sandhai ),Coriander,3000,3400,3400,26-12-2024
1472,Salem,Sooramangalam(Uzhavar Sandhai ),Coriander,3000,3500,3500,18-12-2024
1473,Salem,Sooramangalam(Uzhavar Sandhai ),Coriander,3000,3500,3500,24-09-2024
1474,Salem,Sooramangalam(Uzhavar Sandhai ),Coriander,3200,3400,3400,17-07-2024
1475,Salem,Sooramangalam(Uzhavar Sandhai ),Coriander,3200,3400,3400,19-12-2024
1476,Salem,Sooramangalam(Uzhavar Sandhai ),Coriander,3200,3600,3600,23-11-2024
1477,Salem,Sooramangalam(Uzhavar Sandhai ),Coriander,3400,3600,3600,12-11-2024
1478,Salem,Sooramangalam(Uzhavar Sandhai ),Coriander,3400,3600,3600,17-12-2024
1479,Salem,Sooramangalam(Uzhavar Sandhai ),Coriander,3400,3600,3600,21-09-2024
1480,Salem,Sooramangalam(Uzhavar Sandhai ),Coriander,3400,3600,3600,22-08-2024
1481,Salem,Sooramangalam(Uzhavar Sandhai ),Coriander,3400,3600,3600,22-11-2024
1482,Salem,Sooramangalam(Uzhavar Sandhai ),Coriander,3400,3600,3600,23-08-2024
1483,Salem,Sooramangalam(Uzhavar Sandhai ),Coriander,3400,3600,3600,24-12-2024
1484,Salem,Sooramangalam(Uzhavar Sandhai ),Coriander,3500,4000,4000,07-12-2024
1485,Salem,Sooramangalam(Uzhavar Sandhai ),Coriander,3500,4000,4000,08-12-2024
1486,Salem,Sooramangalam(Uzhavar Sandhai ),Coriander,3500,4000,4000,09-12-2024
1487,Salem,Sooramangalam(Uzhavar Sandhai ),Coriander,3500,4000,4000,09-11-2024
1488,Salem,Sooramangalam(Uzhavar Sandhai ),Coriander,3500,4000,4000,11-12-2024
1489,Salem,Sooramangalam(Uzhavar Sandhai ),Coriander,3500,4000,4000,13-11-2024
1490,Salem,Sooramangalam(Uzhavar Sandhai ),Coriander,3500,4000,4000,14-12-2024
1491,Salem,Sooramangalam(Uzhavar Sandhai ),Coriander,3500,4000,4000,15-10-2024
1492,Salem,Sooramangalam(Uzhavar Sandhai ),Coriander,3500,4000,4000,16-12-2024
1493,Salem,Sooramangalam(Uzhavar Sandhai ),Coriander,3500,4000,4000,16-11-2024
1494,Salem,Sooramangalam(Uzhavar Sandhai ),Coriander,3500,4000,4000,23-10-2024
1495,Salem,Sooramangalam(Uzhavar Sandhai ),Coriander,3500,4000,4000,24-11-2024
1496,Salem,Sooramangalam(Uzhavar Sandhai ),Coriander,3500,4000,4000,25-12-2024
1497,Salem,Sooramangalam(Uzhavar Sandhai ),Coriander,3500,4000,4000,25-11-2024
1498,Salem,Sooramangalam(Uzhavar Sandhai ),Coriander,3600,4000,4000,08-11-2024
1499,Salem,Sooramangalam(Uzhavar Sandhai ),Coriander,3600,4000,4000,10-11-2024
1500,Salem,Sooramangalam(Uzhavar Sandhai ),Coriander,3600,4000,4000,11-11-2024
1501,Salem,Sooramangalam(Uzhavar Sandhai ),Coriander,3600,4000,4000,12-12-2024
1502,Salem,Sooramangalam(Uzhavar Sandhai ),Coriander,3600,4000,4000,13-12-2024
1503,Salem,Sooramangalam(Uzhavar Sandhai ),Coriander,3600,4000,4000,15-12-2024
1504,Salem,Sooramangalam(Uzhavar Sandhai ),Coriander,3600,4000,4000,17-11-2024
1505,Salem,Sooramangalam(Uzhavar Sandhai ),Coriander,3800,4000,4000,07-11-2024
1506,Salem,Sooramangalam(Uzhavar Sandhai ),Coriander,3800,4000,4000,10-12-2024
1507,Salem,Sooramangalam(Uzhavar Sandhai ),Coriander,3800,4000,4000,14-11-2024
1508,Salem,Sooramangalam(Uzhavar Sandhai ),Coriander,3800,4000,4000,15-11-2024
1509,Salem,Sooramangalam(Uzhavar Sandhai ),Coriander,4000,4400,4400,05-11-2024
1510,Salem,Sooramangalam(Uzhavar Sandhai ),Coriander,4000,4400,4400,06-11-2024
1511,Salem,Sooramangalam(Uzhavar Sandhai ),Coriander,4000,4400,4400,22-10-2024
1512,Salem,Sooramangalam(Uzhavar Sandhai ),Coriander,4000,4400,4400,25-10-2024
1513,Salem,Sooramangalam(Uzhavar Sandhai ),Coriander,4000,4400,4400,29-11-2024
1514,Salem,Sooramangalam(Uzhavar Sandhai ),Coriander,4000,4400,4400,29-10-2024
1515,Salem,Sooramangalam(Uzhavar Sandhai ),Coriander,4000,4500,4500,11-09-2024
1516,Salem,Sooramangalam(Uzhavar Sandhai ),Coriander,4000,4500,4500,22-09-2024
1517,Salem,Sooramangalam(Uzhavar Sandhai ),Coriander,4000,4800,4800,20-10-2024
1518,Salem,Sooramangalam(Uzhavar Sandhai ),Coriander,4000,5000,5000,04-11-2024
1519,Salem,Sooramangalam(Uzhavar Sandhai ),Coriander,4200,4500,4500,26-10-2024
1520,Salem,Sooramangalam(Uzhavar Sandhai ),Coriander,4200,4600,4600,24-08-2024
1521,Salem,Sooramangalam(Uzhavar Sandhai ),Coriander,4500,4800,4800,02-12-2024
1522,Salem,Sooramangalam(Uzhavar Sandhai ),Coriander,4500,4800,4800,16-10-2024
1523,Salem,Sooramangalam(Uzhavar Sandhai ),Coriander,4500,4800,4800,21-10-2024
1524,Salem,Sooramangalam(Uzhavar Sandhai ),Coriander,4500,4800,4800,24-10-2024
1525,Salem,Sooramangalam(Uzhavar Sandhai ),Coriander,4500,4800,4800,27-10-2024
1526,Salem,Sooramangalam(Uzhavar Sandhai ),Coriander,4500,4800,4800,28-10-2024
1527,Salem,Sooramangalam(Uzhavar Sandhai ),Coriander,4500,5000,5000,17-10-2024
1528,Salem,Sooramangalam(Uzhavar Sandhai ),Coriander,4500,5000,5000,17-09-2024
1529,Salem,Sooramangalam(Uzhavar Sandhai ),Coriander,4500,5000,5000,18-10-2024
1530,Salem,Sooramangalam(Uzhavar Sandhai ),Coriander,4600,4800,4800,19-10-2024
1531,Salem,Sooramangalam(Uzhavar Sandhai ),Coriander,4800,5000,5000,06-12-2024
1532,Salem,Sooramangalam(Uzhavar Sandhai ),Coriander,4800,5200,5200,28-11-2024
1533,Salem,Sooramangalam(Uzhavar Sandhai ),Coriander,5000,5200,5200,26-11-2024
1534,Salem,Sooramangalam(Uzhavar Sandhai ),Coriander,5000,5200,5200,31-10-2024
1535,Salem,Sooramangalam(Uzhavar Sandhai ),Coriander,5000,5400,5400,05-12-2024
1536,Salem,Sooramangalam(Uzhavar Sandhai ),Coriander,5000,5400,5400,27-11-2024
1537,Salem,Sooramangalam(Uzhavar Sandhai ),Coriander,5000,5500,5500,30-10-2024
1538,Salem,Sooramangalam(Uzhavar Sandhai ),Coriander,5000,6000,6000,01-11-2024
1539,Salem,Sooramangalam(Uzhavar Sandhai ),Coriander,5500,6000,6000,03-12-2024
1540,Salem,Sooramangalam(Uzhavar Sandhai ),Coriander,5500,6000,6000,03-11-2024
1541,Salem,Sooramangalam(Uzhavar Sandhai ),Coriander,5500,6000,6000,04-12-2024
1542,Salem,Sooramangalam(Uzhavar Sandhai ),Coriander,6000,6400,6400,02-11-2024
1543,Salem,Sooramangalam(Uzhavar Sandhai ),Coriander,6000,8000,8000,27-08-2024
1544,Salem,Sooramangalam(Uzhavar Sandhai ),Coriander,6500,7000,7000,31-08-2024
1545,Salem,Sooramangalam(Uzhavar Sandhai ),Coriander,7000,7200,7200,13-09-2024
1546,Salem,Sooramangalam(Uzhavar Sandhai ),Coriander,7000,7600,7600,03-09-2024
1547,Salem,Sooramangalam(Uzhavar Sandhai ),Coriander,7000,8000,8000,23-09-2024
1548,Salem,Sooramangalam(Uzhavar Sandhai ),Coriander,7400,8000,8000,14-09-2024
1549,Salem,Sooramangalam(Uzhavar Sandhai ),Coriander,7500,8000,8000,01-09-2024
1550,Salem,Sooramangalam(Uzhavar Sandhai ),Coriander,7500,8000,8000,02-09-2024
1551,Salem,Sooramangalam(Uzhavar Sandhai ),Coriander,7500,8000,8000,04-09-2024
1552,Salem,Sooramangalam(Uzhavar Sandhai ),Coriander,7500,8000,8000,12-09-2024
1553,Salem,Sooramangalam(Uzhavar Sandhai ),Coriander,7500,8000,8000,26-08-2024
1554,Salem,Sooramangalam(Uzhavar Sandhai ),Coriander,7500,8000,8000,28-08-2024
1555,Salem,Sooramangalam(Uzhavar Sandhai ),Coriander,7500,8000,8000,29-08-2024
1556,Salem,Sooramangalam(Uzhavar Sandhai ),Coriander,7500,8000,8000,30-08-2024
1557,Salem,Sooramangalam(Uzhavar Sandhai ),Coriander,8000,8400,8400,05-09-2024
1558,Salem,Sooramangalam(Uzhavar Sandhai ),Coriander,8000,8400,8400,06-09-2024
1559,Salem,Sooramangalam(Uzhavar Sandhai ),Coriander,8000,8400,8400,07-09-2024
1560,Salem,Sooramangalam(Uzhavar Sandhai ),Coriander,8000,9000,9000,25-08-2024
1561,Salem,Sooramangalam(Uzhavar Sandhai ),Coriander,8000,10000,10000,20-09-2024
1562,Salem,Sooramangalam(Uzhavar Sandhai ),Coriander,8500,9200,9200,08-09-2024
1563,Salem,Sooramangalam(Uzhavar Sandhai ),Coriander,9000,9600,9600,09-09-2024
1564,Salem,Sooramangalam(Uzhavar Sandhai ),Coriander,9000,9600,9600,19-09-2024
1565,Salem,Sooramangalam(Uzhavar Sandhai ),Coriander,9000,10000,10000,16-09-2024
1566,Salem,Sooramangalam(Uzhavar Sandhai ),Coriander,9000,10000,10000,18-09-2024
1567,Salem,Sooramangalam(Uzhavar Sandhai ),Coriander,9500,10000,10000,15-09-2024
1568,Salem,Sooramangalam(Uzhavar Sandhai ),Coriander,10500,11000,11000,10-09-2024
1569,Salem,Thammampati,Coriander,40,50,50,01-07-2024
1570,Salem,Thammampati,Coriander,40,50,50,02-07-2024
1571,Salem,Thammampati,Coriander,40,50,50,03-07-2024
1572,Salem,Thammampati,Coriander,40,50,50,04-07-2024
1573,Salem,Thammampati,Coriander,40,50,50,05-07-2024
1574,Salem,Thammampati,Coriander,40,50,50,06-07-2024
1575,Salem,Thammampati,Coriander,40,50,50,07-07-2024
1576,Salem,Thammampati,Coriander,40,50,50,26-06-2024
1577,Salem,Thammampati,Coriander,40,50,50,27-06-2024
1578,Salem,Thammampati,Coriander,40,50,50,28-06-2024
1579,Salem,Thammampati,Coriander,40,50,50,29-06-2024
1580,Salem,Thammampati,Coriander,40,50,50,30-06-2024
1581,Salem,Thammampati,Coriander,40,60,60,22-06-2024
1582,Salem,Thammampati,Coriander,55,65,65,25-06-2024
1583,Salem,Thammampati,Coriander,65,75,75,24-06-2024
1584,Salem,Thammampati,Coriander,80,90,90,23-06-2024
1585,Salem,Thammampati,Coriander,90,100,100,21-06-2024
1586,Salem,Thammampati,Coriander,100,110,110,20-06-2024
1587,Salem,Thammampati,Coriander,110,120,120,19-06-2024
1588,Salem,Thammampati,Coriander,120,130,130,18-06-2024
1589,Salem,Thammampati,Coriander,1500,4000,4000,08-07-2024
1590,Salem,Thammampati,Coriander,3000,3800,3800,15-07-2024
1591,Salem,Thammampati,Coriander,3500,4000,4000,11-07-2024
1592,Salem,Thammampati,Coriander,3500,4000,4000,12-07-2024
1593,Salem,Thammampati,Coriander,3500,4000,4000,13-07-2024
1594,Salem,Thammampati,Coriander,3500,4000,4000,14-07-2024
1595,Salem,Thammampati,Coriander,3500,4000,4000,16-07-2024
1596,Salem,Thammampati,Coriander,3500,4500,4500,09-07-2024
1597,Salem,Thammampati,Coriander,3500,4500,4500,10-07-2024
1598,Salem,Thammampatti (Uzhavar Sandhai ),Coriander,1500,2000,2000,21-11-2024
1599,Salem,Thammampatti (Uzhavar Sandhai ),Coriander,1600,4500,4500,20-11-2024
1600,Salem,Thammampatti (Uzhavar Sandhai ),Coriander,2000,2500,2500,09-12-2024
1601,Salem,Thammampatti (Uzhavar Sandhai ),Coriander,2000,3000,3000,19-08-2024
1602,Salem,Thammampatti (Uzhavar Sandhai ),Coriander,2000,5000,5000,06-11-2024
1603,Salem,Thammampatti (Uzhavar Sandhai ),Coriander,2000,5000,5000,22-10-2024
1604,Salem,Thammampatti (Uzhavar Sandhai ),Coriander,2500,3000,3000,01-01-2025
1605,Salem,Thammampatti (Uzhavar Sandhai ),Coriander,2500,3000,3000,12-08-2024
1606,Salem,Thammampatti (Uzhavar Sandhai ),Coriander,2500,3000,3000,17-12-2024
1607,Salem,Thammampatti (Uzhavar Sandhai ),Coriander,2500,3000,3000,18-12-2024
1608,Salem,Thammampatti (Uzhavar Sandhai ),Coriander,2500,3000,3000,23-12-2024
1609,Salem,Thammampatti (Uzhavar Sandhai ),Coriander,2500,3000,3000,24-12-2024
1610,Salem,Thammampatti (Uzhavar Sandhai ),Coriander,2500,3000,3000,25-12-2024
1611,Salem,Thammampatti (Uzhavar Sandhai ),Coriander,2500,3000,3000,26-12-2024
1612,Salem,Thammampatti (Uzhavar Sandhai ),Coriander,2500,3000,3000,27-12-2024
1613,Salem,Thammampatti (Uzhavar Sandhai ),Coriander,2500,3000,3000,30-12-2024
1614,Salem,Thammampatti (Uzhavar Sandhai ),Coriander,2500,3000,3000,31-12-2024
1615,Salem,Thammampatti (Uzhavar Sandhai ),Coriander,2500,6000,6000,01-11-2024
1616,Salem,Thammampatti (Uzhavar Sandhai ),Coriander,2500,6000,6000,04-11-2024
1617,Salem,Thammampatti (Uzhavar Sandhai ),Coriander,2500,6000,6000,28-10-2024
1618,Salem,Thammampatti (Uzhavar Sandhai ),Coriander,2500,6000,6000,30-10-2024
1619,Salem,Thammampatti (Uzhavar Sandhai ),Coriander,2600,3000,3000,12-12-2024
1620,Salem,Thammampatti (Uzhavar Sandhai ),Coriander,2600,3200,3200,14-12-2024
1621,Salem,Thammampatti (Uzhavar Sandhai ),Coriander,2800,3000,3000,08-12-2024
1622,Salem,Thammampatti (Uzhavar Sandhai ),Coriander,2800,3000,3000,10-12-2024
1623,Salem,Thammampatti (Uzhavar Sandhai ),Coriander,2800,3000,3000,11-12-2024
1624,Salem,Thammampatti (Uzhavar Sandhai ),Coriander,2800,3000,3000,28-12-2024
1625,Salem,Thammampatti (Uzhavar Sandhai ),Coriander,2800,3200,3200,19-12-2024
1626,Salem,Thammampatti (Uzhavar Sandhai ),Coriander,3000,3500,3500,01-08-2024
1627,Salem,Thammampatti (Uzhavar Sandhai ),Coriander,3000,3500,3500,02-08-2024
1628,Salem,Thammampatti (Uzhavar Sandhai ),Coriander,3000,3500,3500,03-08-2024
1629,Salem,Thammampatti (Uzhavar Sandhai ),Coriander,3000,3500,3500,04-08-2024
1630,Salem,Thammampatti (Uzhavar Sandhai ),Coriander,3000,3500,3500,06-08-2024
1631,Salem,Thammampatti (Uzhavar Sandhai ),Coriander,3000,3500,3500,07-08-2024
1632,Salem,Thammampatti (Uzhavar Sandhai ),Coriander,3000,3500,3500,07-12-2024
1633,Salem,Thammampatti (Uzhavar Sandhai ),Coriander,3000,3500,3500,08-08-2024
1634,Salem,Thammampatti (Uzhavar Sandhai ),Coriander,3000,3500,3500,09-08-2024
1635,Salem,Thammampatti (Uzhavar Sandhai ),Coriander,3000,3500,3500,10-08-2024
1636,Salem,Thammampatti (Uzhavar Sandhai ),Coriander,3000,3500,3500,11-08-2024
1637,Salem,Thammampatti (Uzhavar Sandhai ),Coriander,3000,3500,3500,13-08-2024
1638,Salem,Thammampatti (Uzhavar Sandhai ),Coriander,3000,3500,3500,14-08-2024
1639,Salem,Thammampatti (Uzhavar Sandhai ),Coriander,3000,3500,3500,15-08-2024
1640,Salem,Thammampatti (Uzhavar Sandhai ),Coriander,3000,3500,3500,16-08-2024
1641,Salem,Thammampatti (Uzhavar Sandhai ),Coriander,3000,3500,3500,17-08-2024
1642,Salem,Thammampatti (Uzhavar Sandhai ),Coriander,3000,3500,3500,18-08-2024
1643,Salem,Thammampatti (Uzhavar Sandhai ),Coriander,3000,3500,3500,20-08-2024
1644,Salem,Thammampatti (Uzhavar Sandhai ),Coriander,3000,3500,3500,21-08-2024
1645,Salem,Thammampatti (Uzhavar Sandhai ),Coriander,3000,3500,3500,22-08-2024
1646,Salem,Thammampatti (Uzhavar Sandhai ),Coriander,3000,3500,3500,23-08-2024
1647,Salem,Thammampatti (Uzhavar Sandhai ),Coriander,3000,3500,3500,24-08-2024
1648,Salem,Thammampatti (Uzhavar Sandhai ),Coriander,3000,3500,3500,25-08-2024
1649,Salem,Thammampatti (Uzhavar Sandhai ),Coriander,3000,3500,3500,28-08-2024
1650,Salem,Thammampatti (Uzhavar Sandhai ),Coriander,3000,3500,3500,29-08-2024
1651,Salem,Thammampatti (Uzhavar Sandhai ),Coriander,3000,3500,3500,29-07-2024
1652,Salem,Thammampatti (Uzhavar Sandhai ),Coriander,3000,3500,3500,30-07-2024
1653,Salem,Thammampatti (Uzhavar Sandhai ),Coriander,3000,3500,3500,31-07-2024
1654,Salem,Thammampatti (Uzhavar Sandhai ),Coriander,3000,3600,3600,03-09-2024
1655,Salem,Thammampatti (Uzhavar Sandhai ),Coriander,3000,3600,3600,04-09-2024
1656,Salem,Thammampatti (Uzhavar Sandhai ),Coriander,3000,3600,3600,29-12-2024
1657,Salem,Thammampatti (Uzhavar Sandhai ),Coriander,3000,4000,4000,16-12-2024
1658,Salem,Thammampatti (Uzhavar Sandhai ),Coriander,3000,4000,4000,26-08-2024
1659,Salem,Thammampatti (Uzhavar Sandhai ),Coriander,3000,4000,4000,30-08-2024
1660,Salem,Thammampatti (Uzhavar Sandhai ),Coriander,3000,4500,4500,02-11-2024
1661,Salem,Thammampatti (Uzhavar Sandhai ),Coriander,3000,4500,4500,18-11-2024
1662,Salem,Thammampatti (Uzhavar Sandhai ),Coriander,3200,3600,3600,05-09-2024
1663,Salem,Thammampatti (Uzhavar Sandhai ),Coriander,3200,4000,4000,06-09-2024
1664,Salem,Thammampatti (Uzhavar Sandhai ),Coriander,3500,4000,4000,01-09-2024
1665,Salem,Thammampatti (Uzhavar Sandhai ),Coriander,3500,4000,4000,04-12-2024
1666,Salem,Thammampatti (Uzhavar Sandhai ),Coriander,3500,4000,4000,07-09-2024
1667,Salem,Thammampatti (Uzhavar Sandhai ),Coriander,3500,4000,4000,08-09-2024
1668,Salem,Thammampatti (Uzhavar Sandhai ),Coriander,3500,4000,4000,10-11-2024
1669,Salem,Thammampatti (Uzhavar Sandhai ),Coriander,3500,4000,4000,15-12-2024
1670,Salem,Thammampatti (Uzhavar Sandhai ),Coriander,3500,4000,4000,16-07-2024
1671,Salem,Thammampatti (Uzhavar Sandhai ),Coriander,3500,4000,4000,17-07-2024
1672,Salem,Thammampatti (Uzhavar Sandhai ),Coriander,3500,4000,4000,17-11-2024
1673,Salem,Thammampatti (Uzhavar Sandhai ),Coriander,3500,4000,4000,18-07-2024
1674,Salem,Thammampatti (Uzhavar Sandhai ),Coriander,3500,4000,4000,19-07-2024
1675,Salem,Thammampatti (Uzhavar Sandhai ),Coriander,3500,4000,4000,20-07-2024
1676,Salem,Thammampatti (Uzhavar Sandhai ),Coriander,3500,4000,4000,21-07-2024
1677,Salem,Thammampatti (Uzhavar Sandhai ),Coriander,3500,4000,4000,22-12-2024
1678,Salem,Thammampatti (Uzhavar Sandhai ),Coriander,3500,4000,4000,22-07-2024
1679,Salem,Thammampatti (Uzhavar Sandhai ),Coriander,3500,4000,4000,22-11-2024
1680,Salem,Thammampatti (Uzhavar Sandhai ),Coriander,3500,4000,4000,23-07-2024
1681,Salem,Thammampatti (Uzhavar Sandhai ),Coriander,3500,4000,4000,24-07-2024
1682,Salem,Thammampatti (Uzhavar Sandhai ),Coriander,3500,4000,4000,25-07-2024
1683,Salem,Thammampatti (Uzhavar Sandhai ),Coriander,3500,4000,4000,25-11-2024
1684,Salem,Thammampatti (Uzhavar Sandhai ),Coriander,3500,4000,4000,26-07-2024
1685,Salem,Thammampatti (Uzhavar Sandhai ),Coriander,3500,4000,4000,27-08-2024
1686,Salem,Thammampatti (Uzhavar Sandhai ),Coriander,3500,4000,4000,27-07-2024
1687,Salem,Thammampatti (Uzhavar Sandhai ),Coriander,3500,4000,4000,28-07-2024
1688,Salem,Thammampatti (Uzhavar Sandhai ),Coriander,3500,4000,4000,29-11-2024
1689,Salem,Thammampatti (Uzhavar Sandhai ),Coriander,3500,4000,4000,31-08-2024
1690,Salem,Thammampatti (Uzhavar Sandhai ),Coriander,3500,4500,4500,05-08-2024
1691,Salem,Thammampatti (Uzhavar Sandhai ),Coriander,3500,4500,4500,23-11-2024
1692,Salem,Thammampatti (Uzhavar Sandhai ),Coriander,3600,4000,4000,13-12-2024
1693,Salem,Thammampatti (Uzhavar Sandhai ),Coriander,3600,4000,4000,20-12-2024
1694,Salem,Thammampatti (Uzhavar Sandhai ),Coriander,3600,4000,4000,21-12-2024
1695,Salem,Thammampatti (Uzhavar Sandhai ),Coriander,3600,4200,4200,28-11-2024
1696,Salem,Thammampatti (Uzhavar Sandhai ),Coriander,4000,4500,4500,05-12-2024
1697,Salem,Thammampatti (Uzhavar Sandhai ),Coriander,4000,4500,4500,06-12-2024
1698,Salem,Thammampatti (Uzhavar Sandhai ),Coriander,4000,4500,4500,19-11-2024
1699,Salem,Thammampatti (Uzhavar Sandhai ),Coriander,4000,4500,4500,24-11-2024
1700,Salem,Thammampatti (Uzhavar Sandhai ),Coriander,4000,5000,5000,08-11-2024
1701,Salem,Thammampatti (Uzhavar Sandhai ),Coriander,4000,5000,5000,11-11-2024
1702,Salem,Thammampatti (Uzhavar Sandhai ),Coriander,4000,5000,5000,13-11-2024
1703,Salem,Thammampatti (Uzhavar Sandhai ),Coriander,4000,5000,5000,21-09-2024
1704,Salem,Thammampatti (Uzhavar Sandhai ),Coriander,4000,5000,5000,27-11-2024
1705,Salem,Thammampatti (Uzhavar Sandhai ),Coriander,4200,4600,4600,26-11-2024
1706,Salem,Thammampatti (Uzhavar Sandhai ),Coriander,4200,5000,5000,09-11-2024
1707,Salem,Thammampatti (Uzhavar Sandhai ),Coriander,4500,5000,5000,02-12-2024
1708,Salem,Thammampatti (Uzhavar Sandhai ),Coriander,4500,5000,5000,03-11-2024
1709,Salem,Thammampatti (Uzhavar Sandhai ),Coriander,4500,5000,5000,05-11-2024
1710,Salem,Thammampatti (Uzhavar Sandhai ),Coriander,4500,5000,5000,07-11-2024
1711,Salem,Thammampatti (Uzhavar Sandhai ),Coriander,4500,5000,5000,12-11-2024
1712,Salem,Thammampatti (Uzhavar Sandhai ),Coriander,4500,5000,5000,14-11-2024
1713,Salem,Thammampatti (Uzhavar Sandhai ),Coriander,4500,5000,5000,15-11-2024
1714,Salem,Thammampatti (Uzhavar Sandhai ),Coriander,4500,5000,5000,16-11-2024
1715,Salem,Thammampatti (Uzhavar Sandhai ),Coriander,5000,5400,5400,03-12-2024
1716,Salem,Thammampatti (Uzhavar Sandhai ),Coriander,5000,5500,5500,22-09-2024
1717,Salem,Thammampatti (Uzhavar Sandhai ),Coriander,5000,6000,6000,01-10-2024
1718,Salem,Thammampatti (Uzhavar Sandhai ),Coriander,5000,6000,6000,03-10-2024
1719,Salem,Thammampatti (Uzhavar Sandhai ),Coriander,5000,6000,6000,04-10-2024
1720,Salem,Thammampatti (Uzhavar Sandhai ),Coriander,5000,6000,6000,05-10-2024
1721,Salem,Thammampatti (Uzhavar Sandhai ),Coriander,5000,6000,6000,06-10-2024
1722,Salem,Thammampatti (Uzhavar Sandhai ),Coriander,5000,6000,6000,07-10-2024
1723,Salem,Thammampatti (Uzhavar Sandhai ),Coriander,5000,6000,6000,08-10-2024
1724,Salem,Thammampatti (Uzhavar Sandhai ),Coriander,5000,6000,6000,09-10-2024
1725,Salem,Thammampatti (Uzhavar Sandhai ),Coriander,5000,6000,6000,10-10-2024
1726,Salem,Thammampatti (Uzhavar Sandhai ),Coriander,5000,6000,6000,11-10-2024
1727,Salem,Thammampatti (Uzhavar Sandhai ),Coriander,5000,6000,6000,12-10-2024
1728,Salem,Thammampatti (Uzhavar Sandhai ),Coriander,5000,6000,6000,13-10-2024
1729,Salem,Thammampatti (Uzhavar Sandhai ),Coriander,5000,6000,6000,14-10-2024
1730,Salem,Thammampatti (Uzhavar Sandhai ),Coriander,5000,6000,6000,15-10-2024
1731,Salem,Thammampatti (Uzhavar Sandhai ),Coriander,5000,6000,6000,16-10-2024
1732,Salem,Thammampatti (Uzhavar Sandhai ),Coriander,5000,6000,6000,17-10-2024
1733,Salem,Thammampatti (Uzhavar Sandhai ),Coriander,5000,6000,6000,18-10-2024
1734,Salem,Thammampatti (Uzhavar Sandhai ),Coriander,5000,6000,6000,19-10-2024
1735,Salem,Thammampatti (Uzhavar Sandhai ),Coriander,5000,6000,6000,20-09-2024
1736,Salem,Thammampatti (Uzhavar Sandhai ),Coriander,5000,6000,6000,23-10-2024
1737,Salem,Thammampatti (Uzhavar Sandhai ),Coriander,5000,6000,6000,24-10-2024
1738,Salem,Thammampatti (Uzhavar Sandhai ),Coriander,5000,6000,6000,25-10-2024
1739,Salem,Thammampatti (Uzhavar Sandhai ),Coriander,5000,6000,6000,26-10-2024
1740,Salem,Thammampatti (Uzhavar Sandhai ),Coriander,5000,6000,6000,27-10-2024
1741,Salem,Thammampatti (Uzhavar Sandhai ),Coriander,5000,6000,6000,29-10-2024
1742,Salem,Thammampatti (Uzhavar Sandhai ),Coriander,5000,6000,6000,29-09-2024
1743,Salem,Thammampatti (Uzhavar Sandhai ),Coriander,5000,6000,6000,30-09-2024
1744,Salem,Thammampatti (Uzhavar Sandhai ),Coriander,5000,6000,6000,31-10-2024
1745,Salem,Thammampatti (Uzhavar Sandhai ),Coriander,5500,6000,6000,27-09-2024
1746,Salem,Thammampatti (Uzhavar Sandhai ),Coriander,5500,6000,6000,28-09-2024
1747,Salem,Thammampatti (Uzhavar Sandhai ),Coriander,5500,6500,6500,20-10-2024
1748,Salem,Thammampatti (Uzhavar Sandhai ),Coriander,5500,6500,6500,21-10-2024
1749,Salem,Thammampatti (Uzhavar Sandhai ),Coriander,5500,6500,6500,24-09-2024
1750,Salem,Thammampatti (Uzhavar Sandhai ),Coriander,5500,6500,6500,25-09-2024
1751,Salem,Thammampatti (Uzhavar Sandhai ),Coriander,6000,6500,6500,02-10-2024
1752,Salem,Thammampatti (Uzhavar Sandhai ),Coriander,6000,6500,6500,23-09-2024
1753,Salem,Thammampatti (Uzhavar Sandhai ),Coriander,6000,6500,6500,26-09-2024
1754,Salem,Thammampatti (Uzhavar Sandhai ),Coriander,6000,7000,7000,19-09-2024
1755,Salem,Thammampatti (Uzhavar Sandhai ),Coriander,6000,8000,8000,02-09-2024
1756,Salem,Thammampatti (Uzhavar Sandhai ),Coriander,7000,8000,8000,13-09-2024
1757,Salem,Thammampatti (Uzhavar Sandhai ),Coriander,7000,8000,8000,14-09-2024
1758,Salem,Thammampatti (Uzhavar Sandhai ),Coriander,7000,8000,8000,15-09-2024
1759,Salem,Thammampatti (Uzhavar Sandhai ),Coriander,7000,8000,8000,16-09-2024
1760,Salem,Thammampatti (Uzhavar Sandhai ),Coriander,7000,8000,8000,17-09-2024
1761,Salem,Thammampatti (Uzhavar Sandhai ),Coriander,7000,8000,8000,18-09-2024
1762,Salem,Thammampatti (Uzhavar Sandhai ),Coriander,8000,9000,9000,09-09-2024
1763,Salem,Thammampatti (Uzhavar Sandhai ),Coriander,8000,9000,9000,10-09-2024
1764,Salem,Thammampatti (Uzhavar Sandhai ),Coriander,8000,9000,9000,11-09-2024
1765,Salem,Thammampatti (Uzhavar Sandhai ),Coriander,8000,9000,9000,12-09-2024
1766,Salem,Thathakapatti(Uzhavar Sandhai ),Coriander,2000,2500,2500,25-09-2024
1767,Salem,Thathakapatti(Uzhavar Sandhai ),Coriander,2000,2500,2500,29-07-2024
1768,Salem,Thathakapatti(Uzhavar Sandhai ),Coriander,2400,2800,2800,02-08-2024
1769,Salem,Thathakapatti(Uzhavar Sandhai ),Coriander,2400,2800,2800,16-08-2024
1770,Salem,Thathakapatti(Uzhavar Sandhai ),Coriander,2500,2800,2800,01-08-2024
1771,Salem,Thathakapatti(Uzhavar Sandhai ),Coriander,2500,2800,2800,31-07-2024
1772,Salem,Thathakapatti(Uzhavar Sandhai ),Coriander,2500,3000,3000,01-01-2025
1773,Salem,Thathakapatti(Uzhavar Sandhai ),Coriander,2500,3000,3000,05-08-2024
1774,Salem,Thathakapatti(Uzhavar Sandhai ),Coriander,2500,3000,3000,09-08-2024
1775,Salem,Thathakapatti(Uzhavar Sandhai ),Coriander,2500,3000,3000,10-08-2024
1776,Salem,Thathakapatti(Uzhavar Sandhai ),Coriander,2500,3000,3000,15-08-2024
1777,Salem,Thathakapatti(Uzhavar Sandhai ),Coriander,2500,3000,3000,19-07-2024
1778,Salem,Thathakapatti(Uzhavar Sandhai ),Coriander,2500,3000,3000,25-07-2024
1779,Salem,Thathakapatti(Uzhavar Sandhai ),Coriander,2500,3000,3000,26-07-2024
1780,Salem,Thathakapatti(Uzhavar Sandhai ),Coriander,2500,3000,3000,29-12-2024
1781,Salem,Thathakapatti(Uzhavar Sandhai ),Coriander,2500,3000,3000,30-07-2024
1782,Salem,Thathakapatti(Uzhavar Sandhai ),Coriander,2500,3000,3000,31-12-2024
1783,Salem,Thathakapatti(Uzhavar Sandhai ),Coriander,2600,3000,3000,11-08-2024
1784,Salem,Thathakapatti(Uzhavar Sandhai ),Coriander,2600,3000,3000,12-08-2024
1785,Salem,Thathakapatti(Uzhavar Sandhai ),Coriander,2600,3000,3000,13-08-2024
1786,Salem,Thathakapatti(Uzhavar Sandhai ),Coriander,2600,3000,3000,14-08-2024
1787,Salem,Thathakapatti(Uzhavar Sandhai ),Coriander,2600,3000,3000,18-07-2024
1788,Salem,Thathakapatti(Uzhavar Sandhai ),Coriander,2600,3000,3000,19-08-2024
1789,Salem,Thathakapatti(Uzhavar Sandhai ),Coriander,2600,3000,3000,21-08-2024
1790,Salem,Thathakapatti(Uzhavar Sandhai ),Coriander,2600,3000,3000,30-12-2024
1791,Salem,Thathakapatti(Uzhavar Sandhai ),Coriander,2800,3000,3000,28-12-2024
1792,Salem,Thathakapatti(Uzhavar Sandhai ),Coriander,2800,3200,3200,24-07-2024
1793,Salem,Thathakapatti(Uzhavar Sandhai ),Coriander,2800,3200,3200,27-07-2024
1794,Salem,Thathakapatti(Uzhavar Sandhai ),Coriander,3000,3200,3200,04-10-2024
1795,Salem,Thathakapatti(Uzhavar Sandhai ),Coriander,3000,3200,3200,06-08-2024
1796,Salem,Thathakapatti(Uzhavar Sandhai ),Coriander,3000,3200,3200,07-08-2024
1797,Salem,Thathakapatti(Uzhavar Sandhai ),Coriander,3000,3200,3200,17-08-2024
1798,Salem,Thathakapatti(Uzhavar Sandhai ),Coriander,3000,3200,3200,18-08-2024
1799,Salem,Thathakapatti(Uzhavar Sandhai ),Coriander,3000,3200,3200,20-08-2024
1800,Salem,Thathakapatti(Uzhavar Sandhai ),Coriander,3000,3200,3200,28-07-2024
1801,Salem,Thathakapatti(Uzhavar Sandhai ),Coriander,3000,3400,3400,03-08-2024
1802,Salem,Thathakapatti(Uzhavar Sandhai ),Coriander,3000,3400,3400,04-08-2024
1803,Salem,Thathakapatti(Uzhavar Sandhai ),Coriander,3000,3500,3500,03-10-2024
1804,Salem,Thathakapatti(Uzhavar Sandhai ),Coriander,3000,3500,3500,05-10-2024
1805,Salem,Thathakapatti(Uzhavar Sandhai ),Coriander,3000,3500,3500,06-10-2024
1806,Salem,Thathakapatti(Uzhavar Sandhai ),Coriander,3000,3500,3500,07-10-2024
1807,Salem,Thathakapatti(Uzhavar Sandhai ),Coriander,3000,3500,3500,08-10-2024
1808,Salem,Thathakapatti(Uzhavar Sandhai ),Coriander,3000,3500,3500,09-10-2024
1809,Salem,Thathakapatti(Uzhavar Sandhai ),Coriander,3000,3500,3500,10-10-2024
1810,Salem,Thathakapatti(Uzhavar Sandhai ),Coriander,3000,3500,3500,11-10-2024
1811,Salem,Thathakapatti(Uzhavar Sandhai ),Coriander,3000,3500,3500,12-10-2024
1812,Salem,Thathakapatti(Uzhavar Sandhai ),Coriander,3000,3500,3500,19-11-2024
1813,Salem,Thathakapatti(Uzhavar Sandhai ),Coriander,3000,3500,3500,21-12-2024
1814,Salem,Thathakapatti(Uzhavar Sandhai ),Coriander,3000,3500,3500,22-07-2024
1815,Salem,Thathakapatti(Uzhavar Sandhai ),Coriander,3000,3600,3600,16-07-2024
1816,Salem,Thathakapatti(Uzhavar Sandhai ),Coriander,3000,3600,3600,20-07-2024
1817,Salem,Thathakapatti(Uzhavar Sandhai ),Coriander,3000,3600,3600,21-07-2024
1818,Salem,Thathakapatti(Uzhavar Sandhai ),Coriander,3000,4000,4000,02-10-2024
1819,Salem,Thathakapatti(Uzhavar Sandhai ),Coriander,3000,4000,4000,13-10-2024
1820,Salem,Thathakapatti(Uzhavar Sandhai ),Coriander,3200,3600,3600,08-08-2024
1821,Salem,Thathakapatti(Uzhavar Sandhai ),Coriander,3200,3600,3600,23-07-2024
1822,Salem,Thathakapatti(Uzhavar Sandhai ),Coriander,3400,3600,3600,18-11-2024
1823,Salem,Thathakapatti(Uzhavar Sandhai ),Coriander,3400,3600,3600,23-11-2024
1824,Salem,Thathakapatti(Uzhavar Sandhai ),Coriander,3500,3800,3800,22-08-2024
1825,Salem,Thathakapatti(Uzhavar Sandhai ),Coriander,3500,4000,4000,01-10-2024
1826,Salem,Thathakapatti(Uzhavar Sandhai ),Coriander,3500,4000,4000,11-09-2024
1827,Salem,Thathakapatti(Uzhavar Sandhai ),Coriander,3500,4000,4000,12-11-2024
1828,Salem,Thathakapatti(Uzhavar Sandhai ),Coriander,3500,4000,4000,14-10-2024
1829,Salem,Thathakapatti(Uzhavar Sandhai ),Coriander,3500,4000,4000,15-10-2024
1830,Salem,Thathakapatti(Uzhavar Sandhai ),Coriander,3500,4000,4000,16-11-2024
1831,Salem,Thathakapatti(Uzhavar Sandhai ),Coriander,3500,4000,4000,17-11-2024
1832,Salem,Thathakapatti(Uzhavar Sandhai ),Coriander,3500,4000,4000,20-12-2024
1833,Salem,Thathakapatti(Uzhavar Sandhai ),Coriander,3500,4000,4000,20-11-2024
1834,Salem,Thathakapatti(Uzhavar Sandhai ),Coriander,3500,4000,4000,21-11-2024
1835,Salem,Thathakapatti(Uzhavar Sandhai ),Coriander,3500,4000,4000,22-12-2024
1836,Salem,Thathakapatti(Uzhavar Sandhai ),Coriander,3500,4000,4000,23-08-2024
1837,Salem,Thathakapatti(Uzhavar Sandhai ),Coriander,3500,4000,4000,23-12-2024
1838,Salem,Thathakapatti(Uzhavar Sandhai ),Coriander,3500,4000,4000,24-12-2024
1839,Salem,Thathakapatti(Uzhavar Sandhai ),Coriander,3500,4000,4000,27-12-2024
1840,Salem,Thathakapatti(Uzhavar Sandhai ),Coriander,3500,4000,4000,30-09-2024
1841,Salem,Thathakapatti(Uzhavar Sandhai ),Coriander,3800,4000,4000,11-11-2024
1842,Salem,Thathakapatti(Uzhavar Sandhai ),Coriander,3800,4200,4200,17-07-2024
1843,Salem,Thathakapatti(Uzhavar Sandhai ),Coriander,4000,4500,4500,18-12-2024
1844,Salem,Thathakapatti(Uzhavar Sandhai ),Coriander,4000,4500,4500,19-12-2024
1845,Salem,Thathakapatti(Uzhavar Sandhai ),Coriander,4000,4500,4500,22-11-2024
1846,Salem,Thathakapatti(Uzhavar Sandhai ),Coriander,4000,4500,4500,26-12-2024
1847,Salem,Thathakapatti(Uzhavar Sandhai ),Coriander,4000,4500,4500,29-09-2024
1848,Salem,Thathakapatti(Uzhavar Sandhai ),Coriander,4000,5000,5000,05-11-2024
1849,Salem,Thathakapatti(Uzhavar Sandhai ),Coriander,4000,5000,5000,08-11-2024
1850,Salem,Thathakapatti(Uzhavar Sandhai ),Coriander,4000,5000,5000,10-12-2024
1851,Salem,Thathakapatti(Uzhavar Sandhai ),Coriander,4000,5000,5000,10-11-2024
1852,Salem,Thathakapatti(Uzhavar Sandhai ),Coriander,4000,5000,5000,16-10-2024
1853,Salem,Thathakapatti(Uzhavar Sandhai ),Coriander,4000,5000,5000,22-10-2024
1854,Salem,Thathakapatti(Uzhavar Sandhai ),Coriander,4000,5000,5000,23-10-2024
1855,Salem,Thathakapatti(Uzhavar Sandhai ),Coriander,4000,5000,5000,26-11-2024
1856,Salem,Thathakapatti(Uzhavar Sandhai ),Coriander,4000,5000,5000,26-09-2024
1857,Salem,Thathakapatti(Uzhavar Sandhai ),Coriander,4000,5000,5000,27-09-2024
1858,Salem,Thathakapatti(Uzhavar Sandhai ),Coriander,4000,5000,5000,28-09-2024
1859,Salem,Thathakapatti(Uzhavar Sandhai ),Coriander,4000,5000,5000,29-10-2024
1860,Salem,Thathakapatti(Uzhavar Sandhai ),Coriander,4400,5000,5000,09-11-2024
1861,Salem,Thathakapatti(Uzhavar Sandhai ),Coriander,4500,4800,4800,26-10-2024
1862,Salem,Thathakapatti(Uzhavar Sandhai ),Coriander,4500,4800,4800,28-10-2024
1863,Salem,Thathakapatti(Uzhavar Sandhai ),Coriander,4500,5000,5000,04-11-2024
1864,Salem,Thathakapatti(Uzhavar Sandhai ),Coriander,4500,5000,5000,06-11-2024
1865,Salem,Thathakapatti(Uzhavar Sandhai ),Coriander,4500,5000,5000,07-11-2024
1866,Salem,Thathakapatti(Uzhavar Sandhai ),Coriander,4500,5000,5000,08-12-2024
1867,Salem,Thathakapatti(Uzhavar Sandhai ),Coriander,4500,5000,5000,11-12-2024
1868,Salem,Thathakapatti(Uzhavar Sandhai ),Coriander,4500,5000,5000,12-12-2024
1869,Salem,Thathakapatti(Uzhavar Sandhai ),Coriander,4500,5000,5000,13-12-2024
1870,Salem,Thathakapatti(Uzhavar Sandhai ),Coriander,4500,5000,5000,13-11-2024
1871,Salem,Thathakapatti(Uzhavar Sandhai ),Coriander,4500,5000,5000,14-11-2024
1872,Salem,Thathakapatti(Uzhavar Sandhai ),Coriander,4500,5000,5000,15-12-2024
1873,Salem,Thathakapatti(Uzhavar Sandhai ),Coriander,4500,5000,5000,15-11-2024
1874,Salem,Thathakapatti(Uzhavar Sandhai ),Coriander,4500,5000,5000,17-12-2024
1875,Salem,Thathakapatti(Uzhavar Sandhai ),Coriander,4500,5000,5000,24-11-2024
1876,Salem,Thathakapatti(Uzhavar Sandhai ),Coriander,4500,5000,5000,25-12-2024
1877,Salem,Thathakapatti(Uzhavar Sandhai ),Coriander,4500,5000,5000,25-10-2024
1878,Salem,Thathakapatti(Uzhavar Sandhai ),Coriander,4600,5000,5000,02-12-2024
1879,Salem,Thathakapatti(Uzhavar Sandhai ),Coriander,4600,5000,5000,14-12-2024
1880,Salem,Thathakapatti(Uzhavar Sandhai ),Coriander,4600,5000,5000,16-12-2024
1881,Salem,Thathakapatti(Uzhavar Sandhai ),Coriander,4600,5000,5000,25-11-2024
1882,Salem,Thathakapatti(Uzhavar Sandhai ),Coriander,4800,5000,5000,07-12-2024
1883,Salem,Thathakapatti(Uzhavar Sandhai ),Coriander,4800,5000,5000,09-12-2024
1884,Salem,Thathakapatti(Uzhavar Sandhai ),Coriander,5000,5400,5400,24-08-2024
1885,Salem,Thathakapatti(Uzhavar Sandhai ),Coriander,5000,6000,6000,17-10-2024
1886,Salem,Thathakapatti(Uzhavar Sandhai ),Coriander,5000,6000,6000,18-10-2024
1887,Salem,Thathakapatti(Uzhavar Sandhai ),Coriander,5000,6000,6000,19-10-2024
1888,Salem,Thathakapatti(Uzhavar Sandhai ),Coriander,5000,6000,6000,20-10-2024
1889,Salem,Thathakapatti(Uzhavar Sandhai ),Coriander,5000,6000,6000,21-10-2024
1890,Salem,Thathakapatti(Uzhavar Sandhai ),Coriander,5000,6000,6000,24-10-2024
1891,Salem,Thathakapatti(Uzhavar Sandhai ),Coriander,5000,6000,6000,27-11-2024
1892,Salem,Thathakapatti(Uzhavar Sandhai ),Coriander,5000,6000,6000,27-10-2024
1893,Salem,Thathakapatti(Uzhavar Sandhai ),Coriander,5000,6000,6000,28-11-2024
1894,Salem,Thathakapatti(Uzhavar Sandhai ),Coriander,5000,6000,6000,31-10-2024
1895,Salem,Thathakapatti(Uzhavar Sandhai ),Coriander,6000,6500,6500,02-11-2024
1896,Salem,Thathakapatti(Uzhavar Sandhai ),Coriander,6000,6500,6500,06-12-2024
1897,Salem,Thathakapatti(Uzhavar Sandhai ),Coriander,6000,6500,6500,30-08-2024
1898,Salem,Thathakapatti(Uzhavar Sandhai ),Coriander,6000,7000,7000,01-11-2024
1899,Salem,Thathakapatti(Uzhavar Sandhai ),Coriander,6000,7000,7000,03-11-2024
1900,Salem,Thathakapatti(Uzhavar Sandhai ),Coriander,6000,7500,7500,04-12-2024
1901,Salem,Thathakapatti(Uzhavar Sandhai ),Coriander,6500,7000,7000,05-12-2024
1902,Salem,Thathakapatti(Uzhavar Sandhai ),Coriander,7000,7500,7500,03-12-2024
1903,Salem,Thathakapatti(Uzhavar Sandhai ),Coriander,7000,7500,7500,30-10-2024
1904,Salem,Thathakapatti(Uzhavar Sandhai ),Coriander,7000,8000,8000,24-09-2024
1905,Salem,Thathakapatti(Uzhavar Sandhai ),Coriander,7000,8000,8000,26-08-2024
1906,Salem,Thathakapatti(Uzhavar Sandhai ),Coriander,7500,8000,8000,03-09-2024
1907,Salem,Thathakapatti(Uzhavar Sandhai ),Coriander,7600,8000,8000,04-09-2024
1908,Salem,Thathakapatti(Uzhavar Sandhai ),Coriander,8000,8500,8500,31-08-2024
1909,Salem,Thathakapatti(Uzhavar Sandhai ),Coriander,8000,9000,9000,12-09-2024
1910,Salem,Thathakapatti(Uzhavar Sandhai ),Coriander,8000,9000,9000,13-09-2024
1911,Salem,Thathakapatti(Uzhavar Sandhai ),Coriander,8000,9000,9000,14-09-2024
1912,Salem,Thathakapatti(Uzhavar Sandhai ),Coriander,8000,9000,9000,23-09-2024
1913,Salem,Thathakapatti(Uzhavar Sandhai ),Coriander,8000,9000,9000,27-08-2024
1914,Salem,Thathakapatti(Uzhavar Sandhai ),Coriander,8000,9000,9000,29-08-2024
1915,Salem,Thathakapatti(Uzhavar Sandhai ),Coriander,8500,9000,9000,28-08-2024
1916,Salem,Thathakapatti(Uzhavar Sandhai ),Coriander,9000,9500,9500,01-09-2024
1917,Salem,Thathakapatti(Uzhavar Sandhai ),Coriander,9000,9500,9500,05-09-2024
1918,Salem,Thathakapatti(Uzhavar Sandhai ),Coriander,9000,9500,9500,06-09-2024
1919,Salem,Thathakapatti(Uzhavar Sandhai ),Coriander,9000,9500,9500,07-09-2024
1920,Salem,Thathakapatti(Uzhavar Sandhai ),Coriander,9000,9800,9800,09-09-2024
1921,Salem,Thathakapatti(Uzhavar Sandhai ),Coriander,9000,10000,10000,02-09-2024
1922,Salem,Thathakapatti(Uzhavar Sandhai ),Coriander,9000,10000,10000,08-09-2024
1923,Salem,Thathakapatti(Uzhavar Sandhai ),Coriander,9000,10000,10000,19-09-2024
1924,Salem,Thathakapatti(Uzhavar Sandhai ),Coriander,9000,10000,10000,22-09-2024
1925,Salem,Thathakapatti(Uzhavar Sandhai ),Coriander,9000,10000,10000,25-08-2024
1926,Salem,Thathakapatti(Uzhavar Sandhai ),Coriander,10000,12000,12000,15-09-2024
1927,Salem,Thathakapatti(Uzhavar Sandhai ),Coriander,10000,12000,12000,16-09-2024
1928,Salem,Thathakapatti(Uzhavar Sandhai ),Coriander,10000,12000,12000,17-09-2024
1929,Salem,Thathakapatti(Uzhavar Sandhai ),Coriander,10000,12000,12000,18-09-2024
1930,Salem,Thathakapatti(Uzhavar Sandhai ),Coriander,10000,12000,12000,20-09-2024
1931,Salem,Thathakapatti(Uzhavar Sandhai ),Coriander,10000,12000,12000,21-09-2024
1932,Salem,Thathakapatti(Uzhavar Sandhai ),Coriander,11000,12500,12500,10-09-2024
