Sl no.,District Name,Commodity,Min Price (Rs./Quintal),Max Price (Rs./Quintal),Modal Price (Rs./Quintal),Price Date
1,Nashik,Onion,400,2046,1500,11-05-2024
2,Nashik,Onion,501,5600,3161,18-11-2024
3,Nashik,Onion,510,1476,1350,19-03-2024
4,Nashik,Onion,520,1830,1250,29-04-2024
5,Nashik,Onion,551,1790,1250,27-04-2024
6,Nashik,Onion,562,1700,1450,14-03-2024
7,Nashik,Onion,591,2103,1650,07-05-2024
8,Nashik,Onion,600,1523,1330,18-03-2024
9,Nashik,Onion,603,2016,1500,16-05-2024
10,Nashik,Onion,635,2035,1550,22-05-2024
11,Nashik,Onion,640,1751,1450,23-05-2024
12,Nashik,Onion,640,2080,1510,25-05-2024
13,Nashik,Onion,650,1900,1480,21-05-2024
14,Nashik,Onion,692,1851,1420,13-05-2024
15,Nashik,Onion,697,2302,1730,06-05-2024
16,Nashik,Onion,700,1675,1250,25-04-2024
17,Nashik,Onion,700,1836,1200,26-04-2024
18,Nashik,Onion,700,1901,1480,14-05-2024
19,Nashik,Onion,700,1970,1540,18-05-2024
20,Nashik,Onion,700,1974,1500,24-05-2024
21,Nashik,Onion,700,1981,1470,15-05-2024
22,Nashik,Onion,700,2002,1580,10-05-2024
23,Nashik,Onion,700,2291,2000,04-06-2024
24,Nashik,Onion,701,3380,2950,03-07-2024
25,Nashik,Onion,740,2026,1560,17-05-2024
26,Nashik,Onion,740,2300,2000,30-05-2024
27,Nashik,Onion,745,2290,1860,03-06-2024
28,Nashik,Onion,750,1799,1650,11-03-2024
29,Nashik,Onion,781,1671,1330,24-04-2024
30,Nashik,Onion,800,1725,1460,15-03-2024
31,Nashik,Onion,800,1951,1500,09-05-2024
32,Nashik,Onion,805,1684,1370,22-04-2024
33,Nashik,Onion,812,1909,1450,02-05-2024
34,Nashik,Onion,812,2151,1700,27-05-2024
35,Nashik,Onion,853,3281,2680,27-06-2024
36,Nashik,Onion,899,1515,1370,21-03-2024
37,Nashik,Onion,900,1519,1390,26-03-2024
38,Nashik,Onion,900,2246,1880,01-06-2024
39,Nashik,Onion,911,2912,2650,27-07-2024
40,Nashik,Onion,911,2912,2650,29-07-2024
41,Nashik,Onion,916,2221,1800,28-05-2024
42,Nashik,Onion,926,1625,1440,29-03-2024
43,Nashik,Onion,956,1677,1450,16-03-2024
44,Nashik,Onion,1000,1500,1350,22-03-2024
45,Nashik,Onion,1000,1750,1530,13-03-2024
46,Nashik,Onion,1000,2571,2000,04-05-2024
47,Nashik,Onion,1000,2780,2380,11-06-2024
48,Nashik,Onion,1000,2780,2380,12-06-2024
49,Nashik,Onion,1000,3199,2800,10-07-2024
50,Nashik,Onion,1000,3399,2800,22-06-2024
51,Nashik,Onion,1000,3699,3400,30-08-2024
52,Nashik,Onion,1000,4296,4100,10-10-2024
53,Nashik,Onion,1000,4401,4050,19-10-2024
54,Nashik,Onion,1000,5500,5230,05-11-2024
55,Nashik,Onion,1001,2981,2700,19-07-2024
56,Nashik,Onion,1011,4375,4180,28-09-2024
57,Nashik,Onion,1012,2816,2680,01-08-2024
58,Nashik,Onion,1012,2816,2680,02-08-2024
59,Nashik,Onion,1050,2799,2480,15-06-2024
60,Nashik,Onion,1052,2270,1980,29-05-2024
61,Nashik,Onion,1053,2676,2300,14-06-2024
62,Nashik,Onion,1070,1536,1200,20-03-2024
63,Nashik,Onion,1070,2610,2450,08-06-2024
64,Nashik,Onion,1080,2775,2400,10-06-2024
65,Nashik,Onion,1100,1750,1600,01-03-2024
66,Nashik,Onion,1100,2375,2070,05-06-2024
67,Nashik,Onion,1100,4021,3780,07-09-2024
68,Nashik,Onion,1117,2941,2670,22-07-2024
69,Nashik,Onion,1140,1526,1380,23-03-2024
70,Nashik,Onion,1152,4375,3950,01-10-2024
71,Nashik,Onion,1152,4375,3980,02-10-2024
72,Nashik,Onion,1176,4150,3710,30-09-2024
73,Nashik,Onion,1180,2321,1950,31-05-2024
74,Nashik,Onion,1181,4101,3700,09-09-2024
75,Nashik,Onion,1200,2854,2700,25-07-2024
76,Nashik,Onion,1200,4292,3950,12-09-2024
77,Nashik,Onion,1200,4751,4330,21-10-2024
78,Nashik,Onion,1200,4926,4380,25-10-2024
79,Nashik,Onion,1200,5695,4710,11-11-2024
80,Nashik,Onion,1201,3337,2980,06-07-2024
81,Nashik,Onion,1201,3753,2850,25-06-2024
82,Nashik,Onion,1204,1680,1550,27-03-2024
83,Nashik,Onion,1211,3476,3200,17-08-2024
84,Nashik,Onion,1212,1625,1550,28-03-2024
85,Nashik,Onion,1225,3336,2900,04-07-2024
86,Nashik,Onion,1260,4845,4600,16-09-2024
87,Nashik,Onion,1300,2880,2700,26-07-2024
88,Nashik,Onion,1300,2990,2700,16-07-2024
89,Nashik,Onion,1300,2990,2700,18-07-2024
90,Nashik,Onion,1300,3154,2750,12-07-2024
91,Nashik,Onion,1300,4576,3800,17-10-2024
92,Nashik,Onion,1301,3070,2680,13-07-2024
93,Nashik,Onion,1302,2625,2300,13-06-2024
94,Nashik,Onion,1313,3796,3600,31-08-2024
95,Nashik,Onion,1314,2890,2780,05-08-2024
96,Nashik,Onion,1331,3470,3300,16-08-2024
97,Nashik,Onion,1340,3399,2750,24-06-2024
98,Nashik,Onion,1352,3950,3780,23-08-2024
99,Nashik,Onion,1353,5670,5000,26-11-2024
100,Nashik,Onion,1403,1870,1650,04-03-2024
101,Nashik,Onion,1425,3575,2870,19-06-2024
102,Nashik,Onion,1425,4451,4150,09-10-2024
103,Nashik,Onion,1440,2870,2700,24-07-2024
104,Nashik,Onion,1446,1750,1600,29-02-2024
105,Nashik,Onion,1451,2886,2700,31-07-2024
106,Nashik,Onion,1451,3558,3380,20-08-2024
107,Nashik,Onion,1460,3000,2670,20-07-2024
108,Nashik,Onion,1500,1969,1750,09-03-2024
109,Nashik,Onion,1500,2565,2280,07-06-2024
110,Nashik,Onion,1500,3151,2700,26-06-2024
111,Nashik,Onion,1500,3291,2800,08-07-2024
112,Nashik,Onion,1500,3595,3400,10-08-2024
113,Nashik,Onion,1500,4399,3900,04-09-2024
114,Nashik,Onion,1500,4450,3980,16-10-2024
115,Nashik,Onion,1500,4590,4330,18-09-2024
116,Nashik,Onion,1500,4699,4400,14-09-2024
117,Nashik,Onion,1500,4700,4480,26-09-2024
118,Nashik,Onion,1501,4251,3930,11-09-2024
119,Nashik,Onion,1501,4900,4250,28-10-2024
120,Nashik,Onion,1502,4700,4550,21-09-2024
121,Nashik,Onion,1503,6300,6000,08-11-2024
122,Nashik,Onion,1520,3380,2900,28-06-2024
123,Nashik,Onion,1530,3213,2780,11-07-2024
124,Nashik,Onion,1530,4350,4050,13-09-2024
125,Nashik,Onion,1547,1825,1825,23-02-2024
126,Nashik,Onion,1550,2963,2890,06-08-2024
127,Nashik,Onion,1550,3190,3030,07-08-2024
128,Nashik,Onion,1551,1780,1700,05-03-2024
129,Nashik,Onion,1570,3190,3050,09-08-2024
130,Nashik,Onion,1575,4200,3900,27-08-2024
131,Nashik,Onion,1611,3975,3700,29-08-2024
132,Nashik,Onion,1651,4151,3800,06-09-2024
133,Nashik,Onion,1652,3411,3150,14-08-2024
134,Nashik,Onion,1661,5301,4800,22-11-2024
135,Nashik,Onion,1675,3870,3650,22-08-2024
136,Nashik,Onion,1681,1950,1800,06-03-2024
137,Nashik,Onion,1690,4101,3880,28-08-2024
138,Nashik,Onion,1697,3000,2470,18-06-2024
139,Nashik,Onion,1700,2801,2700,03-08-2024
140,Nashik,Onion,1700,3180,2780,09-07-2024
141,Nashik,Onion,1700,4699,4230,14-10-2024
142,Nashik,Onion,1700,5859,5400,13-11-2024
143,Nashik,Onion,1701,3400,3000,01-07-2024
144,Nashik,Onion,1725,5556,5000,21-11-2024
145,Nashik,Onion,1751,3291,2980,29-06-2024
146,Nashik,Onion,1787,4041,3810,10-09-2024
147,Nashik,Onion,1800,3200,3140,08-08-2024
148,Nashik,Onion,1800,3861,2930,20-06-2024
149,Nashik,Onion,1901,4638,4320,27-09-2024
150,Nashik,Onion,1970,4799,4550,23-09-2024
151,Nashik,Onion,2000,4450,4030,15-10-2024
152,Nashik,Onion,2000,4570,4330,05-10-2024
153,Nashik,Onion,2000,4790,4570,20-09-2024
154,Nashik,Onion,2000,5555,5200,16-11-2024
155,Nashik,Onion,2000,6001,5680,07-11-2024
156,Nashik,Onion,2001,3418,3050,02-07-2024
157,Nashik,Onion,2001,4725,4550,04-10-2024
158,Nashik,Onion,2001,5950,4880,09-11-2024
159,Nashik,Onion,2014,4880,4700,24-09-2024
160,Nashik,Onion,2054,3620,3450,12-08-2024
161,Nashik,Onion,2100,4550,4250,18-10-2024
162,Nashik,Onion,2101,3836,3750,24-08-2024
163,Nashik,Onion,2151,5700,5300,06-11-2024
164,Nashik,Onion,2201,3885,3750,26-08-2024
165,Nashik,Onion,2201,4175,3820,05-09-2024
166,Nashik,Onion,2203,4400,4160,11-10-2024
167,Nashik,Onion,2301,4940,4100,26-10-2024
168,Nashik,Onion,2305,4770,4530,03-10-2024
169,Nashik,Onion,2500,4900,4470,23-10-2024
170,Nashik,Onion,2502,4502,4280,03-09-2024
171,Nashik,Onion,2525,4551,4000,27-11-2024
172,Nashik,Onion,2670,4951,4400,24-10-2024
173,Nashik,Onion,2800,5515,5200,12-11-2024
174,Nashik,Onion,3200,4949,4630,22-10-2024
175,Nashik,Onion,4000,5380,4800,23-11-2024
176,Nashik,Onion,200,5801,3050,18-11-2024
177,Nashik,Onion,300,1481,1130,08-02-2024
178,Nashik,Onion,400,1337,1150,10-02-2024
179,Nashik,Onion,400,1400,1030,25-01-2024
180,Nashik,Onion,408,1350,1050,27-01-2024
181,Nashik,Onion,456,1420,1200,22-03-2024
182,Nashik,Onion,491,1475,1225,27-03-2024
183,Nashik,Onion,500,1370,1130,07-02-2024
184,Nashik,Onion,500,1376,1200,23-01-2024
185,Nashik,Onion,500,1381,1150,12-02-2024
186,Nashik,Onion,500,1446,1180,21-03-2024
187,Nashik,Onion,500,1452,1150,29-03-2024
188,Nashik,Onion,500,1545,1350,19-01-2024
189,Nashik,Onion,500,3250,2250,28-10-2024
190,Nashik,Onion,500,4650,3400,07-12-2024
191,Nashik,Onion,501,1667,1430,01-03-2024
192,Nashik,Onion,501,2601,2000,24-10-2024
193,Nashik,Onion,501,2601,2000,25-10-2024
194,Nashik,Onion,502,1510,1250,02-02-2024
195,Nashik,Onion,511,1419,1200,19-03-2024
196,Nashik,Onion,516,1450,1450,28-03-2024
197,Nashik,Onion,561,1500,1280,31-01-2024
198,Nashik,Onion,571,1411,1180,05-02-2024
199,Nashik,Onion,581,1430,1230,18-03-2024
200,Nashik,Onion,591,1405,1120,29-01-2024
201,Nashik,Onion,600,1360,1200,13-02-2024
202,Nashik,Onion,600,1406,1200,26-03-2024
203,Nashik,Onion,600,1418,1180,30-01-2024
204,Nashik,Onion,600,1483,1320,20-01-2024
205,Nashik,Onion,600,1499,1150,24-01-2024
206,Nashik,Onion,600,1691,1460,17-01-2024
207,Nashik,Onion,625,3401,3401,26-10-2024
208,Nashik,Onion,626,1949,1680,02-03-2024
209,Nashik,Onion,650,1611,1430,18-01-2024
210,Nashik,Onion,651,1453,1260,03-02-2024
211,Nashik,Onion,651,1462,1280,14-02-2024
212,Nashik,Onion,651,2322,1550,24-12-2024
213,Nashik,Onion,660,1477,1260,15-02-2024
214,Nashik,Onion,700,1570,1380,22-02-2024
215,Nashik,Onion,700,1620,1350,15-03-2024
216,Nashik,Onion,700,1625,1470,14-03-2024
217,Nashik,Onion,700,1901,1660,04-03-2024
218,Nashik,Onion,700,2160,1450,23-12-2024
219,Nashik,Onion,760,1552,1350,16-03-2024
220,Nashik,Onion,780,1850,1680,23-02-2024
221,Nashik,Onion,785,1650,1450,21-02-2024
222,Nashik,Onion,800,1765,1550,13-03-2024
223,Nashik,Onion,800,2501,1850,26-12-2024
224,Nashik,Onion,801,1952,1780,05-01-2024
225,Nashik,Onion,801,2461,1730,20-12-2024
226,Nashik,Onion,807,1439,1320,17-02-2024
227,Nashik,Onion,811,1952,1800,09-01-2024
228,Nashik,Onion,826,1971,1680,28-02-2024
229,Nashik,Onion,826,2036,1680,04-01-2024
230,Nashik,Onion,850,1391,1280,16-02-2024
231,Nashik,Onion,852,1953,1750,08-01-2024
232,Nashik,Onion,852,2899,1780,21-12-2024
233,Nashik,Onion,880,1976,1700,12-03-2024
234,Nashik,Onion,900,1961,1730,13-01-2024
235,Nashik,Onion,900,1999,1830,06-03-2024
236,Nashik,Onion,900,2059,1880,10-01-2024
237,Nashik,Onion,900,5801,3800,28-11-2024
238,Nashik,Onion,941,1992,1670,11-03-2024
239,Nashik,Onion,950,1951,1780,09-03-2024
240,Nashik,Onion,952,3400,1900,18-12-2024
241,Nashik,Onion,991,2556,2080,27-12-2024
242,Nashik,Onion,1000,1895,1630,29-02-2024
243,Nashik,Onion,1000,1941,1720,20-02-2024
244,Nashik,Onion,1000,1975,1770,12-01-2024
245,Nashik,Onion,1000,2121,1780,06-01-2024
246,Nashik,Onion,1000,2165,2050,01-01-2024
247,Nashik,Onion,1000,2901,1680,19-12-2024
248,Nashik,Onion,1000,3000,2080,16-12-2024
249,Nashik,Onion,1000,3552,2350,14-12-2024
250,Nashik,Onion,1000,4326,3050,13-12-2024
251,Nashik,Onion,1000,4520,3200,12-12-2024
252,Nashik,Onion,1000,4600,3480,10-12-2024
253,Nashik,Onion,1000,5051,3080,03-12-2024
254,Nashik,Onion,1000,5076,3550,22-11-2024
255,Nashik,Onion,1000,5360,3350,02-12-2024
256,Nashik,Onion,1000,5401,3500,25-11-2024
257,Nashik,Onion,1000,5800,3250,14-11-2024
258,Nashik,Onion,1001,2168,1900,03-01-2024
259,Nashik,Onion,1001,2619,2220,28-12-2024
260,Nashik,Onion,1001,4511,3300,06-11-2024
261,Nashik,Onion,1001,5641,3050,16-11-2024
262,Nashik,Onion,1011,5600,3550,12-11-2024
263,Nashik,Onion,1012,2501,2010,02-01-2024
264,Nashik,Onion,1012,3100,2050,17-12-2024
265,Nashik,Onion,1039,1575,1360,19-04-2024
266,Nashik,Onion,1041,4570,3310,05-11-2024
267,Nashik,Onion,1051,5900,3400,13-11-2024
268,Nashik,Onion,1070,1972,1700,27-02-2024
269,Nashik,Onion,1080,1939,1730,05-03-2024
270,Nashik,Onion,1100,3000,2500,23-10-2024
271,Nashik,Onion,1100,4322,3200,05-12-2024
272,Nashik,Onion,1100,5000,3400,11-11-2024
273,Nashik,Onion,1101,4875,3100,09-11-2024
274,Nashik,Onion,1200,2712,2200,01-01-2025
275,Nashik,Onion,1200,2800,2400,31-12-2024
276,Nashik,Onion,1200,5000,3350,06-12-2024
277,Nashik,Onion,1200,5500,3600,08-11-2024
278,Nashik,Onion,1201,4999,3500,07-11-2024
279,Nashik,Onion,1300,1881,1700,24-02-2024
280,Nashik,Onion,1325,4650,3380,09-12-2024
281,Nashik,Onion,1500,4400,3250,04-12-2024
282,Nashik,Onion,1500,4551,3360,11-12-2024
283,Nashik,Onion,1502,5601,3300,21-11-2024
284,Nashik,Onion,1600,1931,1800,07-03-2024
285,Nashik,Onion,1801,4801,3700,23-11-2024
286,Nashik,Onion,1851,5371,3450,26-11-2024
287,Nashik,Onion,2525,5325,3460,27-11-2024
288,Nashik,Onion,200,1685,1350,30-04-2024
289,Nashik,Onion,200,1945,1580,08-05-2024
290,Nashik,Onion,260,1925,1500,17-05-2024
291,Nashik,Onion,300,1955,1525,13-05-2024
292,Nashik,Onion,300,2000,1650,07-05-2024
293,Nashik,Onion,300,2150,1750,27-05-2024
294,Nashik,Onion,300,2200,1825,30-05-2024
295,Nashik,Onion,350,1840,1500,16-05-2024
296,Nashik,Onion,350,1860,1500,21-05-2024
297,Nashik,Onion,350,2175,1880,31-05-2024
298,Nashik,Onion,400,2000,1580,22-05-2024
299,Nashik,Onion,400,2020,1600,09-05-2024
300,Nashik,Onion,400,2100,1800,28-05-2024
301,Nashik,Onion,425,2080,1750,06-05-2024
302,Nashik,Onion,430,2300,1975,03-06-2024
303,Nashik,Onion,450,1800,1400,22-04-2024
304,Nashik,Onion,450,2230,1850,29-05-2024
305,Nashik,Onion,500,1335,1250,18-03-2024
306,Nashik,Onion,500,1400,1325,22-03-2024
307,Nashik,Onion,500,1485,1375,15-03-2024
308,Nashik,Onion,500,1500,1425,26-03-2024
309,Nashik,Onion,500,1550,1400,04-03-2024
310,Nashik,Onion,500,1930,1650,01-01-2024
311,Nashik,Onion,500,2000,1650,24-05-2024
312,Nashik,Onion,600,1405,1280,19-03-2024
313,Nashik,Onion,600,1550,1375,21-03-2024
314,Nashik,Onion,600,1555,1450,27-03-2024
315,Nashik,Onion,600,1600,1475,14-03-2024
316,Nashik,Onion,600,1610,1525,28-03-2024
317,Nashik,Onion,600,1850,1675,06-03-2024
318,Nashik,Onion,700,2505,2325,07-06-2024
319,Nashik,Onion,750,3280,3050,25-06-2024
320,Nashik,Onion,800,1500,1350,20-03-2024
321,Nashik,Onion,800,1605,1500,13-03-2024
322,Nashik,Onion,800,2405,2225,05-06-2024
323,Nashik,Onion,800,2415,2200,06-06-2024
324,Nashik,Onion,800,3035,2875,27-06-2024
325,Nashik,Onion,800,3040,2900,28-06-2024
326,Nashik,Onion,800,3250,3000,26-06-2024
327,Nashik,Onion,850,2355,2025,04-06-2024
328,Nashik,Onion,900,1700,1575,11-03-2024
329,Nashik,Onion,900,1700,1575,12-03-2024
330,Nashik,Onion,900,1800,1700,07-03-2024
331,Nashik,Onion,900,2870,2700,30-07-2024
332,Nashik,Onion,900,3100,2850,16-07-2024
333,Nashik,Onion,900,3170,2975,09-07-2024
334,Nashik,Onion,925,2900,2750,24-07-2024
335,Nashik,Onion,925,2930,2775,23-07-2024
336,Nashik,Onion,925,3205,3025,01-07-2024
337,Nashik,Onion,1000,1600,1500,05-03-2024
338,Nashik,Onion,1000,2885,2700,29-07-2024
339,Nashik,Onion,1000,2950,2700,31-07-2024
340,Nashik,Onion,1000,2980,2850,06-08-2024
341,Nashik,Onion,1000,3170,2900,15-07-2024
342,Nashik,Onion,1000,3185,3025,08-07-2024
343,Nashik,Onion,1000,3220,2975,02-07-2024
344,Nashik,Onion,1000,3615,3450,29-08-2024
345,Nashik,Onion,1000,3800,3500,30-08-2024
346,Nashik,Onion,1000,3865,3650,09-09-2024
347,Nashik,Onion,1000,4375,4180,01-10-2024
348,Nashik,Onion,1000,4500,4225,09-10-2024
349,Nashik,Onion,1000,4500,4280,03-10-2024
350,Nashik,Onion,1050,2885,2750,02-08-2024
351,Nashik,Onion,1050,3000,2800,18-06-2024
352,Nashik,Onion,1100,3155,2980,07-08-2024
353,Nashik,Onion,1100,3430,3225,14-08-2024
354,Nashik,Onion,1100,4075,3875,10-09-2024
355,Nashik,Onion,1100,4450,4250,11-10-2024
356,Nashik,Onion,1150,3105,2950,03-07-2024
357,Nashik,Onion,1155,3205,2850,18-07-2024
358,Nashik,Onion,1200,2900,2750,01-08-2024
359,Nashik,Onion,1200,3170,3000,04-07-2024
360,Nashik,Onion,1200,3300,3050,21-06-2024
361,Nashik,Onion,1200,3415,3200,09-08-2024
362,Nashik,Onion,1200,4085,3800,06-09-2024
363,Nashik,Onion,1200,4105,3825,05-09-2024
364,Nashik,Onion,1200,4135,3775,04-09-2024
365,Nashik,Onion,1200,4205,3980,30-09-2024
366,Nashik,Onion,1200,4475,4180,10-10-2024
367,Nashik,Onion,1250,3165,2975,08-08-2024
368,Nashik,Onion,1250,3195,2950,11-07-2024
369,Nashik,Onion,1300,3300,2950,12-07-2024
370,Nashik,Onion,1300,4600,4350,27-09-2024
371,Nashik,Onion,1350,3030,2850,19-06-2024
372,Nashik,Onion,1350,3505,3350,20-08-2024
373,Nashik,Onion,1350,3930,3750,23-08-2024
374,Nashik,Onion,1350,4465,4250,14-10-2024
375,Nashik,Onion,1400,4000,3825,26-08-2024
376,Nashik,Onion,1400,4250,4100,13-09-2024
377,Nashik,Onion,1400,4350,4200,18-10-2024
378,Nashik,Onion,1500,3170,2950,10-07-2024
379,Nashik,Onion,1500,3225,3000,20-06-2024
380,Nashik,Onion,1500,3350,3050,05-07-2024
381,Nashik,Onion,1500,3950,3725,27-08-2024
382,Nashik,Onion,1500,3950,3750,28-08-2024
383,Nashik,Onion,1500,4000,3650,22-08-2024
384,Nashik,Onion,1500,4300,4000,11-09-2024
385,Nashik,Onion,1500,4300,4050,12-09-2024
386,Nashik,Onion,1500,4425,4225,03-09-2024
387,Nashik,Onion,1500,4500,4250,17-10-2024
388,Nashik,Onion,1500,4795,4550,18-09-2024
389,Nashik,Onion,1500,4900,4675,19-09-2024
390,Nashik,Onion,1500,4905,4600,23-10-2024
391,Nashik,Onion,1500,4930,4725,23-09-2024
392,Nashik,Onion,1500,5000,4600,24-10-2024
393,Nashik,Onion,1500,5000,4750,20-09-2024
394,Nashik,Onion,1500,5010,4780,24-09-2024
395,Nashik,Onion,1500,5410,5000,13-11-2024
396,Nashik,Onion,1500,5500,5000,12-11-2024
397,Nashik,Onion,1500,5800,5000,14-11-2024
398,Nashik,Onion,1500,6000,5700,08-11-2024
399,Nashik,Onion,1550,5000,4675,04-10-2024
400,Nashik,Onion,1600,4501,4150,15-10-2024
401,Nashik,Onion,1600,4550,4350,21-10-2024
402,Nashik,Onion,1600,4700,4550,26-09-2024
403,Nashik,Onion,1600,4900,4550,25-10-2024
404,Nashik,Onion,1600,5800,5000,22-11-2024
405,Nashik,Onion,1700,3850,3725,21-08-2024
406,Nashik,Onion,1700,4400,4150,16-10-2024
407,Nashik,Onion,1700,5000,4650,22-10-2024
408,Nashik,Onion,1700,5405,5000,11-11-2024
409,Nashik,Onion,1700,5605,5000,18-11-2024
410,Nashik,Onion,1700,5650,5000,19-11-2024
411,Nashik,Onion,1700,6100,5800,07-11-2024
412,Nashik,Onion,1800,5525,5000,21-11-2024
413,Nashik,Onion,2000,6400,6000,25-11-2024
414,Nashik,Onion,2000,6450,5800,28-11-2024
415,Nashik,Onion,2000,6500,5500,26-11-2024
416,Nashik,Onion,2500,4805,3500,02-12-2024
417,Nashik,Onion,2500,6550,6000,27-11-2024
418,Nashik,Onion,100,1165,1050,12-02-2024
419,Nashik,Onion,150,1250,1175,13-02-2024
420,Nashik,Onion,200,1900,1700,17-01-2024
421,Nashik,Onion,200,1965,1825,09-01-2024
422,Nashik,Onion,200,2360,2150,03-01-2024
423,Nashik,Onion,205,1500,1280,16-02-2024
424,Nashik,Onion,205,2210,2000,02-01-2024
425,Nashik,Onion,210,1185,1075,09-02-2024
426,Nashik,Onion,210,1215,1100,07-02-2024
427,Nashik,Onion,230,1475,1350,15-03-2024
428,Nashik,Onion,250,1200,1025,29-01-2024
429,Nashik,Onion,250,1230,1100,30-01-2024
430,Nashik,Onion,250,1380,1200,25-01-2024
431,Nashik,Onion,250,1440,1275,24-01-2024
432,Nashik,Onion,250,1635,1525,01-03-2024
433,Nashik,Onion,250,1700,1550,18-01-2024
434,Nashik,Onion,250,1945,1825,08-01-2024
435,Nashik,Onion,300,1175,1075,08-02-2024
436,Nashik,Onion,300,1210,1100,06-02-2024
437,Nashik,Onion,300,1260,1150,31-01-2024
438,Nashik,Onion,300,1320,1200,01-02-2024
439,Nashik,Onion,300,1360,1200,14-02-2024
440,Nashik,Onion,300,1370,1225,02-02-2024
441,Nashik,Onion,300,1490,1350,21-02-2024
442,Nashik,Onion,300,1500,1300,23-01-2024
443,Nashik,Onion,300,1625,1350,15-02-2024
444,Nashik,Onion,300,1635,1500,14-03-2024
445,Nashik,Onion,300,1665,1550,29-02-2024
446,Nashik,Onion,300,1700,1550,19-01-2024
447,Nashik,Onion,300,1800,1650,11-03-2024
448,Nashik,Onion,300,1800,1650,12-03-2024
449,Nashik,Onion,300,2070,1850,04-01-2024
450,Nashik,Onion,300,2380,2000,19-12-2024
451,Nashik,Onion,300,2400,2000,20-12-2024
452,Nashik,Onion,300,4100,3650,08-11-2024
453,Nashik,Onion,305,2040,1850,10-01-2024
454,Nashik,Onion,350,1275,1150,05-02-2024
455,Nashik,Onion,350,1325,1200,19-03-2024
456,Nashik,Onion,350,1325,1225,18-03-2024
457,Nashik,Onion,350,1665,1550,13-03-2024
458,Nashik,Onion,350,1730,1625,28-02-2024
459,Nashik,Onion,350,2170,1950,01-01-2024
460,Nashik,Onion,350,2600,2200,16-12-2024
461,Nashik,Onion,355,1800,1680,23-02-2024
462,Nashik,Onion,370,1800,1650,05-03-2024
463,Nashik,Onion,400,1350,1275,21-03-2024
464,Nashik,Onion,400,1350,1275,22-03-2024
465,Nashik,Onion,400,1365,1300,26-03-2024
466,Nashik,Onion,400,1450,1350,22-02-2024
467,Nashik,Onion,400,1695,1580,04-03-2024
468,Nashik,Onion,400,2010,1800,06-03-2024
469,Nashik,Onion,400,2065,1875,12-01-2024
470,Nashik,Onion,400,2300,1800,24-12-2024
471,Nashik,Onion,400,3895,3400,06-12-2024
472,Nashik,Onion,405,3905,3400,05-12-2024
473,Nashik,Onion,405,4210,3400,04-12-2024
474,Nashik,Onion,450,2060,1875,11-01-2024
475,Nashik,Onion,500,1375,1300,27-03-2024
476,Nashik,Onion,500,1400,1325,20-03-2024
477,Nashik,Onion,500,1875,1630,27-02-2024
478,Nashik,Onion,500,2000,1850,07-03-2024
479,Nashik,Onion,500,2100,1800,20-02-2024
480,Nashik,Onion,500,2200,1900,23-12-2024
481,Nashik,Onion,500,2350,1850,26-12-2024
482,Nashik,Onion,500,2500,2100,18-12-2024
483,Nashik,Onion,500,2585,2100,17-12-2024
484,Nashik,Onion,500,4005,3600,07-11-2024
485,Nashik,Onion,500,4280,3800,10-12-2024
486,Nashik,Onion,525,4255,3600,03-12-2024
487,Nashik,Onion,560,4310,3700,09-12-2024
488,Nashik,Onion,650,4375,3500,13-12-2024
489,Nashik,Onion,700,2630,2350,01-01-2025
490,Nashik,Onion,700,4250,3800,11-12-2024
491,Nashik,Onion,700,4300,3500,12-12-2024
492,Nashik,Onion,750,2405,2100,27-12-2024
493,Nashik,Onion,900,2805,2550,30-12-2024
494,Nashik,Onion,1000,2840,2575,31-12-2024
495,Nashik,Onion,1000,4240,3300,13-11-2024
496,Nashik,Onion,1100,4075,3000,11-11-2024
497,Nashik,Onion,1100,4260,3500,12-11-2024
498,Nashik,Onion,1200,3800,3500,02-12-2024
499,Nashik,Onion,1200,4020,3500,22-11-2024
500,Nashik,Onion,1200,4400,3600,14-11-2024
501,Nashik,Onion,1300,4265,3700,19-11-2024
502,Nashik,Onion,1300,4295,3650,26-11-2024
503,Nashik,Onion,1300,4500,3700,25-11-2024
504,Nashik,Onion,1300,4550,3700,18-11-2024
505,Nashik,Onion,1400,4250,3800,28-11-2024
506,Nashik,Onion,1400,4350,3700,21-11-2024
507,Nashik,Onion,1400,4400,4000,27-11-2024
508,Nashik,Onion,2000,2900,2701,30-07-2024
509,Nashik,Onion,2405,2980,2771,05-08-2024
510,Nashik,Onion,2422,2856,2600,03-08-2024
511,Nashik,Onion,2461,2790,2530,29-07-2024
512,Nashik,Onion,2500,2727,2650,01-08-2024
513,Nashik,Onion,2500,2776,2700,25-07-2024
514,Nashik,Onion,2500,2785,2601,20-07-2024
515,Nashik,Onion,2500,2801,2725,23-07-2024
516,Nashik,Onion,2500,2801,2750,18-07-2024
517,Nashik,Onion,2500,2860,2750,19-07-2024
518,Nashik,Onion,2500,3100,2800,27-06-2024
519,Nashik,Onion,2500,3160,2900,01-07-2024
520,Nashik,Onion,2531,2951,2750,31-07-2024
521,Nashik,Onion,2550,3200,2930,02-07-2024
522,Nashik,Onion,2600,2900,2800,06-08-2024
523,Nashik,Onion,2600,2995,2850,04-07-2024
524,Nashik,Onion,2600,3000,2850,15-07-2024
525,Nashik,Onion,2600,3240,3000,09-08-2024
526,Nashik,Onion,2612,3075,2815,22-07-2024
527,Nashik,Onion,2640,3275,2860,29-06-2024
528,Nashik,Onion,2645,3190,3000,03-07-2024
529,Nashik,Onion,2650,3261,2700,05-07-2024
530,Nashik,Onion,2677,3122,2955,08-08-2024
531,Nashik,Onion,2700,3141,2950,09-07-2024
532,Nashik,Onion,2700,3174,3075,11-07-2024
533,Nashik,Onion,2700,3200,3000,08-07-2024
534,Nashik,Onion,2700,3201,3000,06-07-2024
535,Nashik,Onion,2800,3500,3050,10-07-2024
536,Nashik,Onion,3000,3460,3270,10-08-2024
537,Nashik,Onion,3000,4030,3690,22-08-2024
538,Nashik,Onion,3150,3340,3150,16-08-2024
539,Nashik,Onion,1000,1635,1351,16-03-2024
540,Nashik,Onion,1100,1720,1435,18-03-2024
541,Nashik,Onion,1150,1601,1350,21-03-2024
542,Nashik,Onion,1200,1600,1230,20-03-2024
543,Nashik,Onion,1200,2078,1475,12-03-2024
544,Nashik,Onion,1200,2078,1550,11-03-2024
545,Nashik,Onion,1200,2131,1611,13-03-2024
546,Nashik,Onion,1251,1700,1485,19-03-2024
547,Nashik,Onion,1301,2000,1551,15-03-2024
548,Nashik,Onion,1601,3152,2905,10-07-2024
549,Nashik,Onion,2100,3000,2801,30-07-2024
550,Nashik,Onion,2400,2975,2750,25-07-2024
551,Nashik,Onion,2400,3051,2745,09-07-2024
552,Nashik,Onion,2401,3155,2895,11-07-2024
553,Nashik,Onion,2500,2950,2700,23-07-2024
554,Nashik,Onion,2500,3101,2845,08-07-2024
555,Nashik,Onion,2501,3050,2801,20-07-2024
556,Nashik,Onion,2505,3080,2871,05-08-2024
557,Nashik,Onion,2534,3076,2861,03-08-2024
558,Nashik,Onion,2550,3100,2855,06-07-2024
559,Nashik,Onion,2550,3141,2893,19-07-2024
560,Nashik,Onion,2556,3236,2889,27-06-2024
561,Nashik,Onion,2561,2920,2699,29-07-2024
562,Nashik,Onion,2600,3131,2901,06-08-2024
563,Nashik,Onion,2601,3175,2905,18-07-2024
564,Nashik,Onion,2601,3280,3001,04-07-2024
565,Nashik,Onion,2612,3075,2815,22-07-2024
566,Nashik,Onion,2620,3092,2905,15-07-2024
567,Nashik,Onion,2631,3051,2895,31-07-2024
568,Nashik,Onion,2650,3082,2901,01-08-2024
569,Nashik,Onion,2650,3300,2955,29-06-2024
570,Nashik,Onion,2700,3232,2900,05-07-2024
571,Nashik,Onion,2700,3450,3065,01-07-2024
572,Nashik,Onion,2745,3316,3035,03-07-2024
573,Nashik,Onion,2775,3311,3075,08-08-2024
574,Nashik,Onion,2790,4912,4661,27-09-2024
575,Nashik,Onion,2821,3550,3301,09-08-2024
576,Nashik,Onion,2831,3350,3101,02-07-2024
577,Nashik,Onion,2836,3800,3501,29-08-2024
578,Nashik,Onion,3000,3875,3650,27-08-2024
579,Nashik,Onion,3000,4500,3920,10-10-2024
580,Nashik,Onion,3000,4931,4651,20-09-2024
581,Nashik,Onion,3005,4100,3701,22-08-2024
582,Nashik,Onion,3011,4500,3851,09-10-2024
583,Nashik,Onion,3060,4400,4001,05-09-2024
584,Nashik,Onion,3100,4150,3500,12-11-2024
585,Nashik,Onion,3150,3955,3760,28-08-2024
586,Nashik,Onion,3191,4752,4290,14-10-2024
587,Nashik,Onion,3200,4832,4516,15-10-2024
588,Nashik,Onion,3200,5081,4770,21-09-2024
589,Nashik,Onion,3300,5180,4855,26-09-2024
590,Nashik,Onion,3500,4523,4250,21-10-2024
591,Nashik,Onion,3500,4601,4231,30-09-2024
592,Nashik,Onion,3500,4740,4391,16-10-2024
593,Nashik,Onion,3500,5050,4600,23-11-2024
594,Nashik,Onion,3500,5651,5300,24-09-2024
595,Nashik,Onion,3501,4690,4211,17-10-2024
596,Nashik,Onion,3601,6460,5701,07-11-2024
597,Nashik,Onion,3650,4900,4506,12-10-2024
598,Nashik,Onion,3700,4552,4201,12-09-2024
599,Nashik,Onion,3700,4676,4275,11-10-2024
600,Nashik,Onion,3700,4901,4101,05-11-2024
601,Nashik,Onion,3800,4100,4000,14-11-2024
602,Nashik,Onion,3800,4546,4131,18-10-2024
603,Nashik,Onion,3800,4655,4335,19-10-2024
604,Nashik,Onion,3801,4871,4225,26-10-2024
605,Nashik,Onion,3900,4800,4350,05-10-2024
606,Nashik,Onion,3901,5022,4751,25-10-2024
607,Nashik,Onion,4000,4900,4450,04-10-2024
608,Nashik,Onion,4000,5152,4751,24-10-2024
609,Nashik,Onion,4000,5731,5421,13-11-2024
610,Nashik,Onion,4200,5400,5000,18-11-2024
611,Nashik,Onion,4200,5500,5000,15-11-2024
612,Nashik,Onion,4300,5000,4701,16-11-2024
613,Nashik,Onion,4400,5005,4651,23-10-2024
614,Nashik,Onion,4500,6272,5701,08-11-2024
615,Nashik,Onion,850,1611,1100,30-01-2024
616,Nashik,Onion,851,1701,1250,10-02-2024
617,Nashik,Onion,900,1577,1285,14-02-2024
618,Nashik,Onion,900,1600,1281,15-02-2024
619,Nashik,Onion,900,1602,1221,13-02-2024
620,Nashik,Onion,900,1631,1250,16-02-2024
621,Nashik,Onion,900,1685,1250,20-02-2024
622,Nashik,Onion,900,1735,1301,12-02-2024
623,Nashik,Onion,901,1585,1241,06-02-2024
624,Nashik,Onion,901,1611,1212,31-01-2024
625,Nashik,Onion,901,1686,1275,08-02-2024
626,Nashik,Onion,901,1730,1251,07-02-2024
627,Nashik,Onion,901,1736,1221,29-01-2024
628,Nashik,Onion,990,1799,1360,24-01-2024
629,Nashik,Onion,1001,1751,1231,03-02-2024
630,Nashik,Onion,1001,1751,1231,05-02-2024
631,Nashik,Onion,1001,2100,1451,22-02-2024
632,Nashik,Onion,1051,1520,1300,26-03-2024
633,Nashik,Onion,1051,1606,1271,01-02-2024
634,Nashik,Onion,1051,1606,1275,02-02-2024
635,Nashik,Onion,1051,1801,1450,25-01-2024
636,Nashik,Onion,1051,2081,1521,23-02-2024
637,Nashik,Onion,1051,2160,1425,23-01-2024
638,Nashik,Onion,1051,2168,1761,24-02-2024
639,Nashik,Onion,1100,2102,1681,05-03-2024
640,Nashik,Onion,1100,2102,1681,06-03-2024
641,Nashik,Onion,1291,1942,1621,01-01-2024
642,Nashik,Onion,1300,2100,1650,14-03-2024
643,Nashik,Onion,1300,2811,1850,27-12-2024
644,Nashik,Onion,1301,2236,1775,02-03-2024
645,Nashik,Onion,1301,2236,1775,04-03-2024
646,Nashik,Onion,1350,2831,2000,24-12-2024
647,Nashik,Onion,1400,2170,1751,11-03-2024
648,Nashik,Onion,1400,2323,1851,27-02-2024
649,Nashik,Onion,1400,2800,1801,23-12-2024
650,Nashik,Onion,1401,2071,1675,19-01-2024
651,Nashik,Onion,1401,2100,1575,20-01-2024
652,Nashik,Onion,1401,2270,1875,07-03-2024
653,Nashik,Onion,1401,2280,1775,05-01-2024
654,Nashik,Onion,1401,2280,1775,06-01-2024
655,Nashik,Onion,1425,2240,1772,17-01-2024
656,Nashik,Onion,1451,2201,1775,29-02-2024
657,Nashik,Onion,1451,2280,1675,13-01-2024
658,Nashik,Onion,1451,2291,1825,18-01-2024
659,Nashik,Onion,1451,3300,2601,01-01-2025
660,Nashik,Onion,1500,2336,1711,28-02-2024
661,Nashik,Onion,1500,2350,1851,21-02-2024
662,Nashik,Onion,1501,2100,1801,10-01-2024
663,Nashik,Onion,1501,2222,1725,12-01-2024
664,Nashik,Onion,1501,2391,1951,02-01-2024
665,Nashik,Onion,1501,3400,2651,31-12-2024
666,Nashik,Onion,1611,2801,2075,04-01-2024
667,Nashik,Onion,1700,3170,2101,17-12-2024
668,Nashik,Onion,1801,2903,2221,03-01-2024
669,Nashik,Onion,1850,3551,2478,28-12-2024
670,Nashik,Onion,2001,3411,2570,16-12-2024
671,Nashik,Onion,2201,3670,2651,14-12-2024
672,Nashik,Onion,2511,4551,3941,26-11-2024
673,Nashik,Onion,2701,4300,3251,13-12-2024
674,Nashik,Onion,2800,4161,3640,06-12-2024
675,Nashik,Onion,2800,4444,3551,05-12-2024
676,Nashik,Onion,2801,4081,3601,02-12-2024
677,Nashik,Onion,2826,4280,3671,07-12-2024
678,Nashik,Onion,2826,4280,3671,09-12-2024
679,Nashik,Onion,3000,4500,3551,12-12-2024
680,Nashik,Onion,3001,4200,3651,03-12-2024
681,Nashik,Onion,3001,4200,3651,04-12-2024
682,Nashik,Onion,3200,4730,4250,10-12-2024
683,Nashik,Onion,3501,4511,4100,28-11-2024
684,Nashik,Onion,3536,5100,4750,21-11-2024
685,Nashik,Onion,3610,4850,4300,25-11-2024
686,Nashik,Onion,3875,4501,4001,27-11-2024
687,Nashik,Onion,100,2951,2250,10-06-2024
688,Nashik,Onion,300,1355,850,29-01-2024
689,Nashik,Onion,400,1500,1001,19-03-2024
690,Nashik,Onion,400,1550,1050,21-03-2024
691,Nashik,Onion,400,1565,1151,26-03-2024
692,Nashik,Onion,400,1615,1101,15-03-2024
693,Nashik,Onion,400,1655,1201,14-03-2024
694,Nashik,Onion,400,1820,1300,29-04-2024
695,Nashik,Onion,400,1870,1300,30-04-2024
696,Nashik,Onion,500,1540,1101,22-03-2024
697,Nashik,Onion,500,1650,1200,28-03-2024
698,Nashik,Onion,500,2195,1400,06-05-2024
699,Nashik,Onion,800,2465,1500,04-01-2024
700,Nashik,Onion,800,2650,1500,02-01-2024
701,Nashik,Onion,800,2900,2200,11-06-2024
702,Nashik,Onion,900,1675,1400,12-03-2024
703,Nashik,Onion,900,1860,1400,11-03-2024
704,Nashik,Onion,900,3150,2601,15-07-2024
705,Nashik,Onion,900,3255,2750,01-07-2024
706,Nashik,Onion,900,3300,2551,27-06-2024
707,Nashik,Onion,900,3350,2700,03-07-2024
708,Nashik,Onion,900,3400,2701,02-07-2024
709,Nashik,Onion,900,3400,2750,04-07-2024
710,Nashik,Onion,1000,3000,2550,14-06-2024
711,Nashik,Onion,1000,3001,2600,31-07-2024
712,Nashik,Onion,1000,3005,2601,24-07-2024
713,Nashik,Onion,1000,3030,2611,01-08-2024
714,Nashik,Onion,1000,3100,2650,18-07-2024
715,Nashik,Onion,1000,3105,2601,20-07-2024
716,Nashik,Onion,1000,3105,2601,22-07-2024
717,Nashik,Onion,1000,3105,2650,13-07-2024
718,Nashik,Onion,1000,3200,2650,08-07-2024
719,Nashik,Onion,1000,3200,2700,05-07-2024
720,Nashik,Onion,1000,3250,2700,16-07-2024
721,Nashik,Onion,1000,3300,2750,06-07-2024
722,Nashik,Onion,1000,4600,3700,12-09-2024
723,Nashik,Onion,1000,4705,3750,11-09-2024
724,Nashik,Onion,1000,5005,4050,19-10-2024
725,Nashik,Onion,1100,3050,2651,23-07-2024
726,Nashik,Onion,1100,3110,2600,19-07-2024
727,Nashik,Onion,1100,3300,2601,29-06-2024
728,Nashik,Onion,1150,3150,2550,15-06-2024
729,Nashik,Onion,1150,3270,2750,06-08-2024
730,Nashik,Onion,1200,2960,2600,26-07-2024
731,Nashik,Onion,1200,3000,2650,02-08-2024
732,Nashik,Onion,1200,3050,2650,30-07-2024
733,Nashik,Onion,1200,3155,2701,05-08-2024
734,Nashik,Onion,1300,3485,2900,08-08-2024
735,Nashik,Onion,1400,3425,2901,07-08-2024
736,Nashik,Onion,1400,5030,4001,17-10-2024
737,Nashik,Onion,1500,3350,2950,09-08-2024
738,Nashik,Onion,1500,3450,2501,26-06-2024
739,Nashik,Onion,1500,3800,3250,12-08-2024
740,Nashik,Onion,1500,3850,3401,30-08-2024
741,Nashik,Onion,1500,4145,3800,21-08-2024
742,Nashik,Onion,1500,4200,3701,23-08-2024
743,Nashik,Onion,1500,4605,3855,04-09-2024
744,Nashik,Onion,1500,4775,3800,09-09-2024
745,Nashik,Onion,1500,4800,4050,05-09-2024
746,Nashik,Onion,1500,4900,3900,01-10-2024
747,Nashik,Onion,1500,5000,4000,09-10-2024
748,Nashik,Onion,1500,5000,4200,28-09-2024
749,Nashik,Onion,1500,5000,4500,18-09-2024
750,Nashik,Onion,1500,5000,4900,03-10-2024
751,Nashik,Onion,1500,5050,4050,10-10-2024
752,Nashik,Onion,1500,5100,3900,07-10-2024
753,Nashik,Onion,1500,5100,4100,05-10-2024
754,Nashik,Onion,1500,6210,5300,18-11-2024
755,Nashik,Onion,1600,2255,1700,08-01-2024
756,Nashik,Onion,1600,4275,3701,28-08-2024
757,Nashik,Onion,1600,5000,4001,16-10-2024
758,Nashik,Onion,1700,3590,3150,14-08-2024
759,Nashik,Onion,1700,4280,3700,22-08-2024
760,Nashik,Onion,1700,4300,3700,31-08-2024
761,Nashik,Onion,1700,6305,5200,15-11-2024
762,Nashik,Onion,1800,3525,3000,16-08-2024
763,Nashik,Onion,1800,3865,3500,29-08-2024
764,Nashik,Onion,1800,4195,3750,24-08-2024
765,Nashik,Onion,1800,4355,3700,27-08-2024
766,Nashik,Onion,1800,4810,4050,11-10-2024
767,Nashik,Onion,1800,4900,3850,30-09-2024
768,Nashik,Onion,1800,5150,4050,15-10-2024
769,Nashik,Onion,1800,5775,4300,28-10-2024
770,Nashik,Onion,1900,5000,4201,23-10-2024
771,Nashik,Onion,2000,4455,3850,13-09-2024
772,Nashik,Onion,2000,4800,4150,03-09-2024
773,Nashik,Onion,2000,4855,3850,10-09-2024
774,Nashik,Onion,2000,5000,4100,14-10-2024
775,Nashik,Onion,2000,5100,4150,21-10-2024
776,Nashik,Onion,2000,5105,4400,27-09-2024
777,Nashik,Onion,2000,5200,4250,24-10-2024
778,Nashik,Onion,2000,5400,4150,22-10-2024
779,Nashik,Onion,2000,5400,4700,24-09-2024
780,Nashik,Onion,2000,5745,4651,29-10-2024
781,Nashik,Onion,2000,5900,5000,16-11-2024
782,Nashik,Onion,2000,6300,5300,14-11-2024
783,Nashik,Onion,2000,6305,5800,06-12-2024
784,Nashik,Onion,2000,6400,5100,11-11-2024
785,Nashik,Onion,2000,6650,5500,13-11-2024
786,Nashik,Onion,2100,4375,3800,26-08-2024
787,Nashik,Onion,2100,4425,3850,06-09-2024
788,Nashik,Onion,2100,4700,4000,18-10-2024
789,Nashik,Onion,2100,5300,4201,25-10-2024
790,Nashik,Onion,2200,5200,4450,16-09-2024
791,Nashik,Onion,2200,5201,4201,17-09-2024
792,Nashik,Onion,2200,5300,4500,19-09-2024
793,Nashik,Onion,2200,5330,4750,20-09-2024
794,Nashik,Onion,2200,6105,5350,19-11-2024
795,Nashik,Onion,2300,6305,5500,25-11-2024
796,Nashik,Onion,2300,6800,5400,09-12-2024
797,Nashik,Onion,2400,5100,4400,26-09-2024
798,Nashik,Onion,2400,6400,5400,21-11-2024
799,Nashik,Onion,2400,6500,5411,22-11-2024
800,Nashik,Onion,2400,6500,5501,12-11-2024
801,Nashik,Onion,2500,5500,4700,21-09-2024
802,Nashik,Onion,2500,5600,4600,26-10-2024
803,Nashik,Onion,2500,5600,4650,23-09-2024
804,Nashik,Onion,2600,6700,5850,28-11-2024
805,Nashik,Onion,3000,6605,5800,26-11-2024
806,Nashik,Onion,3000,7100,5850,02-12-2024
807,Nashik,Onion,3200,7025,6200,05-12-2024
808,Nashik,Onion,3500,6410,5800,27-11-2024
809,Nashik,Onion,3500,6600,6001,08-11-2024
810,Nashik,Onion,3500,6601,5811,09-11-2024
811,Nashik,Onion,3500,6675,5800,07-11-2024
812,Nashik,Onion,4000,6000,5500,04-12-2024
813,Nashik,Onion,5000,6950,6000,13-12-2024
814,Nashik,Onion,5000,7100,6000,12-12-2024
815,Nashik,Onion,5000,7500,6500,10-12-2024
816,Nashik,Onion,250,1235,850,19-03-2024
817,Nashik,Onion,250,1365,1001,18-03-2024
818,Nashik,Onion,300,1375,850,12-02-2024
819,Nashik,Onion,400,1380,850,08-02-2024
820,Nashik,Onion,400,1440,850,06-02-2024
821,Nashik,Onion,400,1460,950,01-02-2024
822,Nashik,Onion,400,1465,900,05-02-2024
823,Nashik,Onion,400,1655,1201,14-03-2024
824,Nashik,Onion,450,1375,900,13-02-2024
825,Nashik,Onion,450,1400,950,15-02-2024
826,Nashik,Onion,450,1425,901,09-02-2024
827,Nashik,Onion,500,1450,1001,16-02-2024
828,Nashik,Onion,500,1575,1150,15-03-2024
829,Nashik,Onion,500,1900,1451,19-01-2024
830,Nashik,Onion,500,2251,1500,03-01-2024
831,Nashik,Onion,500,2255,1601,24-12-2024
832,Nashik,Onion,500,2425,1400,02-01-2024
833,Nashik,Onion,600,1620,1500,22-02-2024
834,Nashik,Onion,600,1855,1300,27-02-2024
835,Nashik,Onion,600,1900,1501,18-01-2024
836,Nashik,Onion,650,1775,1301,29-02-2024
837,Nashik,Onion,700,1800,1300,01-03-2024
838,Nashik,Onion,700,1800,1300,12-03-2024
839,Nashik,Onion,700,1920,1351,11-03-2024
840,Nashik,Onion,700,2000,1600,20-02-2024
841,Nashik,Onion,700,2030,1451,08-01-2024
842,Nashik,Onion,700,2200,1451,05-01-2024
843,Nashik,Onion,700,2210,1405,04-01-2024
844,Nashik,Onion,700,2705,1800,19-12-2024
845,Nashik,Onion,700,2855,1900,17-12-2024
846,Nashik,Onion,750,2651,1700,27-12-2024
847,Nashik,Onion,800,1855,1351,04-03-2024
848,Nashik,Onion,800,2155,1500,11-01-2024
849,Nashik,Onion,800,2190,1501,09-01-2024
850,Nashik,Onion,800,2280,1300,01-01-2024
851,Nashik,Onion,800,2365,1550,12-01-2024
852,Nashik,Onion,800,2705,1805,28-12-2024
853,Nashik,Onion,850,1775,1321,05-03-2024
854,Nashik,Onion,900,2000,1401,07-03-2024
855,Nashik,Onion,900,2760,1850,20-12-2024
856,Nashik,Onion,1000,1405,1100,22-03-2024
857,Nashik,Onion,1300,2930,2210,30-12-2024
858,Nashik,Onion,1500,2905,2100,16-12-2024
859,Nashik,Onion,1500,3900,3400,13-12-2024
860,Nashik,Onion,1800,4300,3000,12-12-2024
861,Nashik,Onion,2000,4100,3600,10-12-2024
862,Nashik,Onion,400,1351,1300,27-04-2024
863,Nashik,Onion,400,1700,1400,30-04-2024
864,Nashik,Onion,400,1722,1500,27-05-2024
865,Nashik,Onion,400,1800,1501,02-05-2024
866,Nashik,Onion,400,2051,1551,28-05-2024
867,Nashik,Onion,400,2301,1651,06-05-2024
868,Nashik,Onion,401,1701,1421,22-05-2024
869,Nashik,Onion,401,1751,1500,23-05-2024
870,Nashik,Onion,500,1196,1090,10-02-2024
871,Nashik,Onion,500,1460,1351,29-04-2024
872,Nashik,Onion,500,1525,1300,25-04-2024
873,Nashik,Onion,500,1600,1440,21-03-2024
874,Nashik,Onion,500,1701,1380,29-05-2024
875,Nashik,Onion,500,1790,1565,31-05-2024
876,Nashik,Onion,500,1800,1500,10-05-2024
877,Nashik,Onion,500,1811,1461,25-05-2024
878,Nashik,Onion,500,1852,1740,05-03-2024
879,Nashik,Onion,500,1921,1500,16-05-2024
880,Nashik,Onion,500,2000,1400,17-05-2024
881,Nashik,Onion,500,2000,1500,08-05-2024
882,Nashik,Onion,500,2000,1500,09-05-2024
883,Nashik,Onion,500,2001,1500,11-05-2024
884,Nashik,Onion,500,2151,1600,07-05-2024
885,Nashik,Onion,501,1671,1351,24-05-2024
886,Nashik,Onion,501,1851,1310,21-05-2024
887,Nashik,Onion,501,2001,1500,18-05-2024
888,Nashik,Onion,551,1741,1601,27-02-2024
889,Nashik,Onion,586,1751,1650,01-03-2024
890,Nashik,Onion,600,1375,1270,31-01-2024
891,Nashik,Onion,600,1551,1400,20-03-2024
892,Nashik,Onion,600,1711,1600,14-03-2024
893,Nashik,Onion,600,1751,1600,15-05-2024
894,Nashik,Onion,600,2200,1950,01-06-2024
895,Nashik,Onion,600,2231,2000,03-06-2024
896,Nashik,Onion,600,2301,1711,13-05-2024
897,Nashik,Onion,603,1803,1700,02-03-2024
898,Nashik,Onion,631,1832,1612,28-02-2024
899,Nashik,Onion,700,1321,1230,14-02-2024
900,Nashik,Onion,700,1400,1300,24-04-2024
901,Nashik,Onion,700,1501,1300,22-04-2024
902,Nashik,Onion,700,1536,1380,23-03-2024
903,Nashik,Onion,700,1551,1380,22-03-2024
904,Nashik,Onion,700,1551,1480,26-03-2024
905,Nashik,Onion,700,1555,1350,19-04-2024
906,Nashik,Onion,700,1600,1490,16-03-2024
907,Nashik,Onion,700,1632,1570,27-03-2024
908,Nashik,Onion,700,1640,1520,29-03-2024
909,Nashik,Onion,700,1651,1400,15-04-2024
910,Nashik,Onion,700,1651,1451,15-03-2024
911,Nashik,Onion,700,1725,1400,13-04-2024
912,Nashik,Onion,700,1801,1551,03-05-2024
913,Nashik,Onion,700,2301,1700,14-05-2024
914,Nashik,Onion,700,2780,2600,15-06-2024
915,Nashik,Onion,710,2332,2130,05-06-2024
916,Nashik,Onion,711,1701,1500,30-05-2024
917,Nashik,Onion,711,2250,2100,04-06-2024
918,Nashik,Onion,761,2799,2550,08-06-2024
919,Nashik,Onion,800,1500,1420,18-03-2024
920,Nashik,Onion,800,1651,1580,28-03-2024
921,Nashik,Onion,800,1730,1580,13-03-2024
922,Nashik,Onion,800,1771,1651,12-03-2024
923,Nashik,Onion,800,2701,2401,11-06-2024
924,Nashik,Onion,800,2785,2550,14-06-2024
925,Nashik,Onion,800,3252,2951,06-07-2024
926,Nashik,Onion,801,2551,2000,04-05-2024
927,Nashik,Onion,881,1901,1780,11-03-2024
928,Nashik,Onion,890,2470,2260,06-06-2024
929,Nashik,Onion,900,1895,1780,09-03-2024
930,Nashik,Onion,900,3151,2851,10-07-2024
931,Nashik,Onion,912,2561,2400,07-06-2024
932,Nashik,Onion,945,1818,1760,04-03-2024
933,Nashik,Onion,1000,1970,1925,06-03-2024
934,Nashik,Onion,1000,2701,2425,13-06-2024
935,Nashik,Onion,1000,2872,2725,03-08-2024
936,Nashik,Onion,1000,2911,2700,01-08-2024
937,Nashik,Onion,1000,2929,2700,30-07-2024
938,Nashik,Onion,1000,2940,2825,18-06-2024
939,Nashik,Onion,1000,2952,2851,05-08-2024
940,Nashik,Onion,1000,2990,2700,20-07-2024
941,Nashik,Onion,1000,3000,2650,26-07-2024
942,Nashik,Onion,1000,3001,2775,23-07-2024
943,Nashik,Onion,1000,3172,2951,28-06-2024
944,Nashik,Onion,1000,3176,2851,09-07-2024
945,Nashik,Onion,1000,3246,3000,03-07-2024
946,Nashik,Onion,1000,3252,2100,17-12-2024
947,Nashik,Onion,1000,3301,3100,22-06-2024
948,Nashik,Onion,1000,5455,3700,02-12-2024
949,Nashik,Onion,1012,3101,2900,12-07-2024
950,Nashik,Onion,1012,3200,2960,29-06-2024
951,Nashik,Onion,1012,3276,3000,04-07-2024
952,Nashik,Onion,1051,2752,2550,10-06-2024
953,Nashik,Onion,1051,3190,2851,08-07-2024
954,Nashik,Onion,1052,2915,2675,29-07-2024
955,Nashik,Onion,1052,3001,2851,15-07-2024
956,Nashik,Onion,1064,2903,2675,02-08-2024
957,Nashik,Onion,1100,2900,2651,27-07-2024
958,Nashik,Onion,1100,2901,2670,31-07-2024
959,Nashik,Onion,1100,3070,2751,26-06-2024
960,Nashik,Onion,1100,3100,2900,27-06-2024
961,Nashik,Onion,1100,3251,3051,20-06-2024
962,Nashik,Onion,1100,3311,3100,25-06-2024
963,Nashik,Onion,1100,3340,3175,24-06-2024
964,Nashik,Onion,1100,3422,3300,14-08-2024
965,Nashik,Onion,1100,5400,3500,04-12-2024
966,Nashik,Onion,1101,3417,3250,16-08-2024
967,Nashik,Onion,1102,3233,3000,05-07-2024
968,Nashik,Onion,1196,3020,2900,06-08-2024
969,Nashik,Onion,1200,3100,2800,11-07-2024
970,Nashik,Onion,1200,3435,3300,17-08-2024
971,Nashik,Onion,1200,3886,3700,24-08-2024
972,Nashik,Onion,1210,3858,3750,22-08-2024
973,Nashik,Onion,1240,3171,3000,19-06-2024
974,Nashik,Onion,1241,3021,2760,24-07-2024
975,Nashik,Onion,1251,3301,3051,21-06-2024
976,Nashik,Onion,1252,3200,3000,01-07-2024
977,Nashik,Onion,1281,1792,1600,29-02-2024
978,Nashik,Onion,1300,2961,2750,25-07-2024
979,Nashik,Onion,1300,3735,3525,30-08-2024
980,Nashik,Onion,1351,3246,3100,02-07-2024
981,Nashik,Onion,1400,3151,2990,07-08-2024
982,Nashik,Onion,1400,3550,3390,12-08-2024
983,Nashik,Onion,1400,3851,3700,28-08-2024
984,Nashik,Onion,1401,3892,3775,26-08-2024
985,Nashik,Onion,1410,3202,3020,08-08-2024
986,Nashik,Onion,1410,3202,3020,09-08-2024
987,Nashik,Onion,1411,3939,3800,27-08-2024
988,Nashik,Onion,1451,4277,4100,05-09-2024
989,Nashik,Onion,1500,1971,1860,07-03-2024
990,Nashik,Onion,1552,3740,3580,29-08-2024
991,Nashik,Onion,1582,3800,3700,21-08-2024
992,Nashik,Onion,1600,3542,3460,20-08-2024
993,Nashik,Onion,1851,4112,3900,10-09-2024
994,Nashik,Onion,1900,4090,3850,23-08-2024
995,Nashik,Onion,1900,4112,3950,06-09-2024
996,Nashik,Onion,1951,3368,3300,10-08-2024
997,Nashik,Onion,2000,3852,3750,31-08-2024
998,Nashik,Onion,2000,4180,3975,04-09-2024
999,Nashik,Onion,2000,4700,4100,03-09-2024
1000,Nashik,Onion,2000,5599,3700,23-11-2024
1001,Nashik,Onion,2581,4869,4760,16-09-2024
1002,Nashik,Onion,2700,5601,5000,19-11-2024
1003,Nashik,Onion,2751,5300,4770,04-11-2024
1004,Nashik,Onion,2781,5400,5001,21-11-2024
1005,Nashik,Onion,2800,4300,4100,12-09-2024
1006,Nashik,Onion,2800,4411,4200,13-09-2024
1007,Nashik,Onion,2811,4051,3720,09-09-2024
1008,Nashik,Onion,2852,4300,4000,11-09-2024
1009,Nashik,Onion,2900,4905,4700,16-11-2024
1010,Nashik,Onion,3000,4353,4200,10-10-2024
1011,Nashik,Onion,3000,4600,4251,28-09-2024
1012,Nashik,Onion,3000,4635,4400,27-09-2024
1013,Nashik,Onion,3000,6000,5800,07-11-2024
1014,Nashik,Onion,3000,6101,5500,09-11-2024
1015,Nashik,Onion,3040,5200,4700,26-11-2024
1016,Nashik,Onion,3052,4500,4000,15-10-2024
1017,Nashik,Onion,3091,5652,5252,25-11-2024
1018,Nashik,Onion,3091,5870,5200,15-11-2024
1019,Nashik,Onion,3100,4457,4000,19-10-2024
1020,Nashik,Onion,3132,4271,3850,30-09-2024
1021,Nashik,Onion,3200,4400,4000,01-10-2024
1022,Nashik,Onion,3200,4500,4000,16-10-2024
1023,Nashik,Onion,3200,4720,4500,03-10-2024
1024,Nashik,Onion,3200,6080,5651,14-11-2024
1025,Nashik,Onion,3300,4391,4000,17-10-2024
1026,Nashik,Onion,3301,5885,5600,08-11-2024
1027,Nashik,Onion,3301,6071,5600,11-11-2024
1028,Nashik,Onion,3360,5500,4601,22-11-2024
1029,Nashik,Onion,3400,4400,3975,18-10-2024
1030,Nashik,Onion,3400,4433,4250,21-10-2024
1031,Nashik,Onion,3400,4551,4351,05-10-2024
1032,Nashik,Onion,3400,4752,4550,19-09-2024
1033,Nashik,Onion,3400,4912,4761,20-09-2024
1034,Nashik,Onion,3500,4485,4351,11-10-2024
1035,Nashik,Onion,3500,4867,4600,26-09-2024
1036,Nashik,Onion,3525,5520,5351,05-11-2024
1037,Nashik,Onion,3540,4400,4300,09-10-2024
1038,Nashik,Onion,3552,4372,4200,12-10-2024
1039,Nashik,Onion,3600,4802,4600,18-09-2024
1040,Nashik,Onion,3600,5555,4500,18-11-2024
1041,Nashik,Onion,3601,4761,4351,14-10-2024
1042,Nashik,Onion,3700,4951,4700,14-09-2024
1043,Nashik,Onion,3701,4841,4451,25-10-2024
1044,Nashik,Onion,3701,6271,5700,13-11-2024
1045,Nashik,Onion,3720,4902,4700,23-09-2024
1046,Nashik,Onion,3800,4851,4600,23-10-2024
1047,Nashik,Onion,3800,4871,4600,24-10-2024
1048,Nashik,Onion,3900,4800,4400,26-10-2024
1049,Nashik,Onion,3951,5656,5400,06-11-2024
1050,Nashik,Onion,3970,4912,4780,21-09-2024
1051,Nashik,Onion,3980,4811,4520,04-10-2024
1052,Nashik,Onion,3980,4871,4550,22-10-2024
1053,Nashik,Onion,4000,4962,4770,24-09-2024
1054,Nashik,Onion,4000,6061,5851,12-11-2024
1055,Nashik,Onion,500,1200,1100,10-02-2024
1056,Nashik,Onion,500,1312,1160,30-01-2024
1057,Nashik,Onion,500,1356,1170,07-02-2024
1058,Nashik,Onion,500,1375,1170,25-01-2024
1059,Nashik,Onion,500,1400,1270,20-03-2024
1060,Nashik,Onion,500,1402,1150,24-01-2024
1061,Nashik,Onion,500,1500,1310,23-01-2024
1062,Nashik,Onion,600,1299,1160,06-02-2024
1063,Nashik,Onion,600,1310,1140,09-02-2024
1064,Nashik,Onion,600,1310,1180,12-02-2024
1065,Nashik,Onion,600,1331,1110,08-02-2024
1066,Nashik,Onion,600,1360,1250,03-02-2024
1067,Nashik,Onion,600,1421,1325,31-01-2024
1068,Nashik,Onion,600,1490,1351,20-01-2024
1069,Nashik,Onion,600,1500,1325,18-03-2024
1070,Nashik,Onion,600,1549,1400,19-01-2024
1071,Nashik,Onion,600,1600,1451,22-02-2024
1072,Nashik,Onion,600,1647,1491,16-03-2024
1073,Nashik,Onion,600,1675,1551,17-01-2024
1074,Nashik,Onion,600,1752,1410,15-03-2024
1075,Nashik,Onion,600,1852,1620,29-02-2024
1076,Nashik,Onion,600,1900,1751,04-03-2024
1077,Nashik,Onion,600,2081,1800,11-01-2024
1078,Nashik,Onion,691,1425,1390,21-03-2024
1079,Nashik,Onion,700,1321,1240,14-02-2024
1080,Nashik,Onion,700,1331,1260,16-02-2024
1081,Nashik,Onion,700,1341,1180,05-02-2024
1082,Nashik,Onion,700,1347,1250,02-02-2024
1083,Nashik,Onion,700,1410,1360,23-03-2024
1084,Nashik,Onion,700,1415,1351,19-03-2024
1085,Nashik,Onion,700,1441,1280,17-02-2024
1086,Nashik,Onion,700,1445,1280,01-02-2024
1087,Nashik,Onion,700,1451,1260,15-02-2024
1088,Nashik,Onion,700,1500,1200,13-02-2024
1089,Nashik,Onion,700,1645,1451,21-02-2024
1090,Nashik,Onion,700,1702,1551,18-01-2024
1091,Nashik,Onion,700,1780,1710,14-03-2024
1092,Nashik,Onion,700,1800,1700,13-03-2024
1093,Nashik,Onion,700,1810,1640,01-03-2024
1094,Nashik,Onion,700,1832,725,02-03-2024
1095,Nashik,Onion,700,2040,1770,12-01-2024
1096,Nashik,Onion,700,2600,2100,26-12-2024
1097,Nashik,Onion,700,2611,1900,24-12-2024
1098,Nashik,Onion,700,2851,1725,23-12-2024
1099,Nashik,Onion,700,2851,2000,21-12-2024
1100,Nashik,Onion,781,1340,1280,22-03-2024
1101,Nashik,Onion,800,1848,1625,16-01-2024
1102,Nashik,Onion,800,1851,1710,23-02-2024
1103,Nashik,Onion,800,1900,1725,27-02-2024
1104,Nashik,Onion,800,1925,1740,13-01-2024
1105,Nashik,Onion,800,1934,1740,28-02-2024
1106,Nashik,Onion,800,1952,1600,20-02-2024
1107,Nashik,Onion,800,1990,1875,08-01-2024
1108,Nashik,Onion,800,2010,1890,09-03-2024
1109,Nashik,Onion,800,2051,1680,15-01-2024
1110,Nashik,Onion,800,2100,1970,03-01-2024
1111,Nashik,Onion,800,2711,2000,20-12-2024
1112,Nashik,Onion,800,2900,1900,19-12-2024
1113,Nashik,Onion,801,2001,1820,05-01-2024
1114,Nashik,Onion,851,2099,1861,10-01-2024
1115,Nashik,Onion,900,1864,1800,24-02-2024
1116,Nashik,Onion,900,1882,1780,12-03-2024
1117,Nashik,Onion,900,1947,1811,11-03-2024
1118,Nashik,Onion,900,1975,1840,05-03-2024
1119,Nashik,Onion,900,1995,1825,04-01-2024
1120,Nashik,Onion,900,2000,1860,06-01-2024
1121,Nashik,Onion,900,2003,1900,06-03-2024
1122,Nashik,Onion,900,2101,1900,09-01-2024
1123,Nashik,Onion,900,2591,2000,25-12-2024
1124,Nashik,Onion,900,2801,1900,18-12-2024
1125,Nashik,Onion,901,3716,3501,26-10-2024
1126,Nashik,Onion,911,2024,1925,01-01-2024
1127,Nashik,Onion,1000,2101,1800,19-02-2024
1128,Nashik,Onion,1000,2340,2170,02-01-2024
1129,Nashik,Onion,1000,2781,2370,28-12-2024
1130,Nashik,Onion,1000,2830,2200,27-12-2024
1131,Nashik,Onion,1000,3029,2451,30-12-2024
1132,Nashik,Onion,1000,3252,2100,17-12-2024
1133,Nashik,Onion,1000,3505,2700,31-12-2024
1134,Nashik,Onion,1000,3800,2351,16-12-2024
1135,Nashik,Onion,1000,4301,3501,09-11-2024
1136,Nashik,Onion,1000,5350,4100,26-11-2024
1137,Nashik,Onion,1000,5411,3900,25-11-2024
1138,Nashik,Onion,1000,5455,3700,02-12-2024
1139,Nashik,Onion,1000,5590,3551,05-12-2024
1140,Nashik,Onion,1100,3019,2451,01-01-2025
1141,Nashik,Onion,1100,3641,2700,14-12-2024
1142,Nashik,Onion,1100,3641,3100,12-10-2024
1143,Nashik,Onion,1100,5001,3600,12-12-2024
1144,Nashik,Onion,1100,5200,3800,10-12-2024
1145,Nashik,Onion,1100,5400,3500,04-12-2024
1146,Nashik,Onion,1100,5455,4500,21-11-2024
1147,Nashik,Onion,1100,5641,3800,06-12-2024
1148,Nashik,Onion,1200,4600,3200,13-12-2024
1149,Nashik,Onion,1200,5100,3700,09-12-2024
1150,Nashik,Onion,1200,5352,3751,03-12-2024
1151,Nashik,Onion,1300,5200,4100,12-11-2024
1152,Nashik,Onion,1400,2976,2701,21-10-2024
1153,Nashik,Onion,1400,3351,3000,15-10-2024
1154,Nashik,Onion,1400,3800,3321,04-11-2024
1155,Nashik,Onion,1400,5400,3851,07-12-2024
1156,Nashik,Onion,1476,3111,2352,25-10-2024
1157,Nashik,Onion,1500,3253,3000,17-10-2024
1158,Nashik,Onion,1500,4600,3600,11-11-2024
1159,Nashik,Onion,1500,5399,4100,27-11-2024
1160,Nashik,Onion,1500,5402,4400,22-11-2024
1161,Nashik,Onion,1500,5415,4000,23-11-2024
1162,Nashik,Onion,1500,5500,4300,28-11-2024
1163,Nashik,Onion,1500,5601,4700,19-11-2024
1164,Nashik,Onion,1501,5262,4300,15-11-2024
1165,Nashik,Onion,1520,2600,2525,22-10-2024
1166,Nashik,Onion,1555,3900,3451,24-10-2024
1167,Nashik,Onion,1600,4900,4500,16-11-2024
1168,Nashik,Onion,1700,4401,4000,06-11-2024
1169,Nashik,Onion,1951,3690,3581,16-10-2024
1170,Nashik,Onion,2000,3031,2102,23-10-2024
1171,Nashik,Onion,2000,5391,4600,13-11-2024
1172,Nashik,Onion,2000,5556,4300,18-11-2024
1173,Nashik,Onion,2000,5871,4500,14-11-2024
1174,Nashik,Onion,2001,3140,2401,19-10-2024
1175,Nashik,Onion,2001,3791,3000,11-10-2024
1176,Nashik,Onion,2001,4800,4151,07-11-2024
1177,Nashik,Onion,2100,2251,2180,07-03-2024
1178,Nashik,Onion,2111,4600,3501,08-11-2024
1179,Nashik,Onion,2271,3852,3080,14-10-2024
1180,Nashik,Onion,2323,2951,2591,18-10-2024
1181,Nashik,Onion,2452,4511,4000,05-11-2024
1182,Nashik,Onion,500,1339,1280,19-03-2024
1183,Nashik,Onion,500,1414,1300,18-03-2024
1184,Nashik,Onion,561,1508,1321,23-03-2024
1185,Nashik,Onion,600,1500,1450,30-03-2024
1186,Nashik,Onion,600,1562,1460,16-03-2024
1187,Nashik,Onion,600,1600,1425,02-05-2024
1188,Nashik,Onion,630,1369,1300,21-03-2024
1189,Nashik,Onion,700,1550,1460,15-03-2024
1190,Nashik,Onion,700,1551,1500,28-03-2024
1191,Nashik,Onion,700,1551,1500,29-03-2024
1192,Nashik,Onion,700,2000,1650,11-05-2024
1193,Nashik,Onion,700,2013,1650,14-05-2024
1194,Nashik,Onion,700,2051,1700,10-05-2024
1195,Nashik,Onion,701,1400,1300,20-03-2024
1196,Nashik,Onion,755,1515,1420,25-03-2024
1197,Nashik,Onion,800,1329,1300,22-03-2024
1198,Nashik,Onion,800,1901,1651,25-05-2024
1199,Nashik,Onion,800,2000,1580,17-05-2024
1200,Nashik,Onion,800,2051,1600,08-05-2024
1201,Nashik,Onion,801,1521,1475,26-03-2024
1202,Nashik,Onion,830,1960,1900,07-03-2024
1203,Nashik,Onion,851,2001,1650,09-05-2024
1204,Nashik,Onion,851,2150,1725,13-05-2024
1205,Nashik,Onion,870,1551,1500,27-03-2024
1206,Nashik,Onion,900,1501,1325,19-04-2024
1207,Nashik,Onion,900,1691,1525,14-03-2024
1208,Nashik,Onion,900,1752,1351,15-04-2024
1209,Nashik,Onion,900,1800,1621,18-05-2024
1210,Nashik,Onion,900,1900,1600,07-05-2024
1211,Nashik,Onion,900,1910,1700,27-05-2024
1212,Nashik,Onion,900,2100,1750,21-05-2024
1213,Nashik,Onion,900,2200,1750,28-05-2024
1214,Nashik,Onion,900,2200,2021,03-06-2024
1215,Nashik,Onion,900,2250,2051,31-05-2024
1216,Nashik,Onion,900,2251,1850,06-05-2024
1217,Nashik,Onion,950,1885,1800,09-03-2024
1218,Nashik,Onion,951,1751,1375,30-04-2024
1219,Nashik,Onion,951,1775,1600,15-05-2024
1220,Nashik,Onion,960,1697,1600,13-03-2024
1221,Nashik,Onion,991,1800,1670,11-03-2024
1222,Nashik,Onion,991,1831,1751,06-03-2024
1223,Nashik,Onion,1000,1700,1550,16-05-2024
1224,Nashik,Onion,1000,2121,1750,22-05-2024
1225,Nashik,Onion,1000,2201,1750,23-05-2024
1226,Nashik,Onion,1000,2250,2000,01-06-2024
1227,Nashik,Onion,1000,2361,2200,04-06-2024
1228,Nashik,Onion,1000,2401,1950,04-05-2024
1229,Nashik,Onion,1000,2410,2225,05-06-2024
1230,Nashik,Onion,1000,2547,2100,29-05-2024
1231,Nashik,Onion,1000,2621,2451,07-06-2024
1232,Nashik,Onion,1000,2652,2411,06-06-2024
1233,Nashik,Onion,1000,2705,2600,08-06-2024
1234,Nashik,Onion,1000,3000,2800,26-06-2024
1235,Nashik,Onion,1000,3011,2851,28-06-2024
1236,Nashik,Onion,1000,3070,2900,29-06-2024
1237,Nashik,Onion,1000,3150,3025,01-07-2024
1238,Nashik,Onion,1000,3300,2900,27-06-2024
1239,Nashik,Onion,1001,2024,1425,29-04-2024
1240,Nashik,Onion,1100,2635,2471,13-06-2024
1241,Nashik,Onion,1100,2657,2525,14-06-2024
1242,Nashik,Onion,1100,2780,2575,15-06-2024
1243,Nashik,Onion,1100,2819,2600,10-06-2024
1244,Nashik,Onion,1100,2831,2700,30-07-2024
1245,Nashik,Onion,1100,3000,2850,18-06-2024
1246,Nashik,Onion,1100,3211,3050,22-06-2024
1247,Nashik,Onion,1100,3320,3150,24-06-2024
1248,Nashik,Onion,1101,1751,1680,04-03-2024
1249,Nashik,Onion,1111,3102,2850,08-07-2024
1250,Nashik,Onion,1151,1921,1821,08-03-2024
1251,Nashik,Onion,1151,2875,2750,27-07-2024
1252,Nashik,Onion,1151,3200,3050,23-06-2024
1253,Nashik,Onion,1175,3025,2775,23-07-2024
1254,Nashik,Onion,1200,1643,1500,01-03-2024
1255,Nashik,Onion,1200,2600,2400,11-06-2024
1256,Nashik,Onion,1200,2850,2700,17-06-2024
1257,Nashik,Onion,1200,2870,2741,25-07-2024
1258,Nashik,Onion,1200,2905,2730,26-07-2024
1259,Nashik,Onion,1200,2905,2780,24-07-2024
1260,Nashik,Onion,1200,3000,2800,22-07-2024
1261,Nashik,Onion,1200,3050,2900,12-07-2024
1262,Nashik,Onion,1200,3105,2950,07-07-2024
1263,Nashik,Onion,1200,3151,3000,03-07-2024
1264,Nashik,Onion,1200,3285,3111,25-06-2024
1265,Nashik,Onion,1200,3301,3100,20-06-2024
1266,Nashik,Onion,1200,3376,3025,02-07-2024
1267,Nashik,Onion,1270,2761,2600,16-06-2024
1268,Nashik,Onion,1276,3061,2900,13-07-2024
1269,Nashik,Onion,1300,2821,2700,29-07-2024
1270,Nashik,Onion,1300,3021,2875,14-07-2024
1271,Nashik,Onion,1300,3071,2900,11-07-2024
1272,Nashik,Onion,1300,3345,3200,21-06-2024
1273,Nashik,Onion,1311,3300,3000,19-06-2024
1274,Nashik,Onion,1400,2809,2750,28-07-2024
1275,Nashik,Onion,1400,2821,2725,02-08-2024
1276,Nashik,Onion,1400,3000,2900,05-08-2024
1277,Nashik,Onion,1400,3015,2900,09-07-2024
1278,Nashik,Onion,1400,3041,2900,10-07-2024
1279,Nashik,Onion,1400,3131,2975,05-07-2024
1280,Nashik,Onion,1411,2811,2700,31-07-2024
1281,Nashik,Onion,1415,1754,1671,02-03-2024
1282,Nashik,Onion,1500,2800,2700,01-08-2024
1283,Nashik,Onion,1500,2951,2775,18-07-2024
1284,Nashik,Onion,1500,2971,2775,19-07-2024
1285,Nashik,Onion,1500,3000,2950,06-08-2024
1286,Nashik,Onion,1500,3021,2800,17-07-2024
1287,Nashik,Onion,1500,3115,2975,06-07-2024
1288,Nashik,Onion,1500,3161,3000,04-07-2024
1289,Nashik,Onion,1500,3251,3151,09-08-2024
1290,Nashik,Onion,1500,3252,3100,07-08-2024
1291,Nashik,Onion,1500,3400,3151,08-08-2024
1292,Nashik,Onion,1500,3400,3300,18-08-2024
1293,Nashik,Onion,1500,3401,3250,16-08-2024
1294,Nashik,Onion,1500,3800,3700,21-08-2024
1295,Nashik,Onion,1500,3900,3800,23-08-2024
1296,Nashik,Onion,1500,4000,3500,12-08-2024
1297,Nashik,Onion,1501,3411,3275,17-08-2024
1298,Nashik,Onion,1541,3500,3350,10-08-2024
1299,Nashik,Onion,1600,2875,2751,03-08-2024
1300,Nashik,Onion,1600,2900,2751,20-07-2024
1301,Nashik,Onion,1600,3000,2850,16-07-2024
1302,Nashik,Onion,1600,3600,3500,20-08-2024
1303,Nashik,Onion,1601,2921,2800,04-08-2024
1304,Nashik,Onion,1700,3421,3311,19-08-2024
1305,Nashik,Onion,1700,3650,3500,30-08-2024
1306,Nashik,Onion,1700,3750,3600,29-08-2024
1307,Nashik,Onion,1700,4000,3735,22-08-2024
1308,Nashik,Onion,1800,2911,2801,21-07-2024
1309,Nashik,Onion,1800,3651,3450,11-08-2024
1310,Nashik,Onion,1800,4100,4000,05-09-2024
1311,Nashik,Onion,1900,3050,2875,15-07-2024
1312,Nashik,Onion,1900,3900,3730,31-08-2024
1313,Nashik,Onion,2000,3000,3000,10-12-2024
1314,Nashik,Onion,2000,3875,3700,28-08-2024
1315,Nashik,Onion,2000,4000,3800,09-09-2024
1316,Nashik,Onion,2000,4000,3800,27-08-2024
1317,Nashik,Onion,2000,4020,3950,04-09-2024
1318,Nashik,Onion,2000,4100,3720,24-08-2024
1319,Nashik,Onion,2000,4150,3950,10-09-2024
1320,Nashik,Onion,2000,4291,4100,10-10-2024
1321,Nashik,Onion,2000,4353,4200,09-10-2024
1322,Nashik,Onion,2000,5230,4725,14-09-2024
1323,Nashik,Onion,2100,4013,2900,07-09-2024
1324,Nashik,Onion,2100,4161,4050,06-09-2024
1325,Nashik,Onion,2100,4500,4011,11-09-2024
1326,Nashik,Onion,2100,4850,4700,20-09-2024
1327,Nashik,Onion,2100,4931,4200,13-09-2024
1328,Nashik,Onion,2101,4700,4125,03-09-2024
1329,Nashik,Onion,2101,4801,4625,19-09-2024
1330,Nashik,Onion,2150,4747,4120,12-09-2024
1331,Nashik,Onion,2200,4300,4051,19-10-2024
1332,Nashik,Onion,2200,4400,4200,12-10-2024
1333,Nashik,Onion,2200,4501,4350,14-10-2024
1334,Nashik,Onion,2200,4700,4500,11-10-2024
1335,Nashik,Onion,2200,4870,4600,26-09-2024
1336,Nashik,Onion,2200,5399,5100,23-11-2024
1337,Nashik,Onion,2200,5500,4251,21-10-2024
1338,Nashik,Onion,2201,4285,4050,02-09-2024
1339,Nashik,Onion,2300,4261,4000,30-09-2024
1340,Nashik,Onion,2300,4500,4300,20-10-2024
1341,Nashik,Onion,2300,4501,4131,16-10-2024
1342,Nashik,Onion,2300,4511,4151,17-10-2024
1343,Nashik,Onion,2300,4600,4400,25-10-2024
1344,Nashik,Onion,2300,4600,4451,29-10-2024
1345,Nashik,Onion,2300,4700,4600,23-10-2024
1346,Nashik,Onion,2300,5500,4400,28-10-2024
1347,Nashik,Onion,2301,4053,3900,13-10-2024
1348,Nashik,Onion,2400,4351,4000,18-10-2024
1349,Nashik,Onion,2400,4400,4051,15-10-2024
1350,Nashik,Onion,2400,4510,4300,28-09-2024
1351,Nashik,Onion,2400,4710,4451,27-09-2024
1352,Nashik,Onion,2400,5100,4870,23-09-2024
1353,Nashik,Onion,2404,4853,4700,22-09-2024
1354,Nashik,Onion,2431,5500,4900,16-09-2024
1355,Nashik,Onion,2500,2500,2500,06-12-2024
1356,Nashik,Onion,2500,4247,4050,01-10-2024
1357,Nashik,Onion,2500,4350,4250,06-10-2024
1358,Nashik,Onion,2500,4400,4200,02-10-2024
1359,Nashik,Onion,2500,4501,4351,22-10-2024
1360,Nashik,Onion,2500,4750,4600,24-10-2024
1361,Nashik,Onion,2500,4850,4700,18-09-2024
1362,Nashik,Onion,2500,4900,4700,17-09-2024
1363,Nashik,Onion,2500,5001,4770,21-09-2024
1364,Nashik,Onion,2500,5001,4780,24-09-2024
1365,Nashik,Onion,2500,5370,4800,21-11-2024
1366,Nashik,Onion,2501,5281,4901,22-11-2024
1367,Nashik,Onion,2510,4140,4000,29-09-2024
1368,Nashik,Onion,2525,3800,3800,05-12-2024
1369,Nashik,Onion,2600,4000,3800,26-08-2024
1370,Nashik,Onion,2600,4811,4475,03-10-2024
1371,Nashik,Onion,2600,4851,4525,04-10-2024
1372,Nashik,Onion,2601,4591,4370,05-10-2024
1373,Nashik,Onion,2601,5550,5200,05-11-2024
1374,Nashik,Onion,2601,5581,4871,19-11-2024
1375,Nashik,Onion,2691,4770,4700,15-09-2024
1376,Nashik,Onion,3000,4901,4800,26-11-2024
1377,Nashik,Onion,3000,5301,5261,27-11-2024
1378,Nashik,Onion,3000,5455,5025,25-11-2024
1379,Nashik,Onion,3000,5500,4901,18-11-2024
1380,Nashik,Onion,3000,5501,4740,28-11-2024
1381,Nashik,Onion,3000,6100,5800,07-11-2024
1382,Nashik,Onion,3000,6150,5550,08-11-2024
1383,Nashik,Onion,3000,6501,5600,06-11-2024
1384,Nashik,Onion,3111,5925,5601,14-11-2024
1385,Nashik,Onion,3200,5821,5500,12-11-2024
1386,Nashik,Onion,3200,6100,5700,09-11-2024
1387,Nashik,Onion,3251,3251,3251,07-12-2024
1388,Nashik,Onion,3300,5685,5200,16-11-2024
1389,Nashik,Onion,3300,5800,5275,15-11-2024
1390,Nashik,Onion,3400,6150,5600,13-11-2024
1391,Nashik,Onion,3801,5700,5501,11-11-2024
1392,Nashik,Onion,3900,4700,4700,10-11-2024
1393,Nashik,Onion,4000,4555,4555,03-12-2024
1394,Nashik,Onion,4200,4700,4301,02-12-2024
1395,Nashik,Onion,400,1228,1150,12-02-2024
1396,Nashik,Onion,500,1220,1125,10-02-2024
1397,Nashik,Onion,500,1225,1121,07-02-2024
1398,Nashik,Onion,501,1352,1250,15-02-2024
1399,Nashik,Onion,511,1201,1125,27-01-2024
1400,Nashik,Onion,525,1227,1150,08-02-2024
1401,Nashik,Onion,550,1246,1125,06-02-2024
1402,Nashik,Onion,551,1230,1121,09-02-2024
1403,Nashik,Onion,551,1230,1170,29-01-2024
1404,Nashik,Onion,571,1290,1220,14-02-2024
1405,Nashik,Onion,591,1330,1250,30-01-2024
1406,Nashik,Onion,600,1299,1170,05-02-2024
1407,Nashik,Onion,600,1351,1280,02-02-2024
1408,Nashik,Onion,600,1401,1275,18-03-2024
1409,Nashik,Onion,600,1401,1325,17-02-2024
1410,Nashik,Onion,601,1200,1070,25-01-2024
1411,Nashik,Onion,601,1251,1180,13-02-2024
1412,Nashik,Onion,601,1325,1251,03-02-2024
1413,Nashik,Onion,611,1901,1600,20-02-2024
1414,Nashik,Onion,621,1351,1290,01-02-2024
1415,Nashik,Onion,671,1619,1500,15-03-2024
1416,Nashik,Onion,671,1940,1880,09-03-2024
1417,Nashik,Onion,690,1326,1281,16-02-2024
1418,Nashik,Onion,700,1295,1211,24-01-2024
1419,Nashik,Onion,700,1299,1200,19-03-2024
1420,Nashik,Onion,700,1451,1350,19-01-2024
1421,Nashik,Onion,700,1575,1500,16-03-2024
1422,Nashik,Onion,700,1585,1500,18-01-2024
1423,Nashik,Onion,711,1562,1470,21-02-2024
1424,Nashik,Onion,741,1201,1161,20-03-2024
1425,Nashik,Onion,800,1270,1150,21-03-2024
1426,Nashik,Onion,800,1349,1285,23-01-2024
1427,Nashik,Onion,800,1950,1850,11-01-2024
1428,Nashik,Onion,800,2065,1700,23-12-2024
1429,Nashik,Onion,800,2126,1800,21-12-2024
1430,Nashik,Onion,800,2303,2075,26-12-2024
1431,Nashik,Onion,801,1396,1325,20-01-2024
1432,Nashik,Onion,851,2201,1900,03-01-2024
1433,Nashik,Onion,900,1313,1275,31-01-2024
1434,Nashik,Onion,900,1580,1451,22-02-2024
1435,Nashik,Onion,900,1820,1720,28-02-2024
1436,Nashik,Onion,900,1832,1751,13-01-2024
1437,Nashik,Onion,900,1901,1800,06-01-2024
1438,Nashik,Onion,900,2000,1870,06-03-2024
1439,Nashik,Onion,900,2242,1925,25-12-2024
1440,Nashik,Onion,901,1960,1870,10-01-2024
1441,Nashik,Onion,940,1900,1740,27-02-2024
1442,Nashik,Onion,950,1650,1575,17-01-2024
1443,Nashik,Onion,950,1701,1600,16-01-2024
1444,Nashik,Onion,951,1351,1300,22-01-2024
1445,Nashik,Onion,951,1732,1580,15-01-2024
1446,Nashik,Onion,951,1799,1720,04-03-2024
1447,Nashik,Onion,991,2070,1700,24-12-2024
1448,Nashik,Onion,1000,1716,1650,01-03-2024
1449,Nashik,Onion,1000,1800,1675,29-02-2024
1450,Nashik,Onion,1000,1800,1700,02-03-2024
1451,Nashik,Onion,1000,1861,1790,08-01-2024
1452,Nashik,Onion,1000,2000,1875,09-01-2024
1453,Nashik,Onion,1000,2121,1850,19-02-2024
1454,Nashik,Onion,1000,2201,1800,20-12-2024
1455,Nashik,Onion,1000,2305,1850,19-12-2024
1456,Nashik,Onion,1000,2431,2225,27-12-2024
1457,Nashik,Onion,1000,2716,2450,28-12-2024
1458,Nashik,Onion,1000,2860,2600,30-12-2024
1459,Nashik,Onion,1001,1680,1600,14-03-2024
1460,Nashik,Onion,1001,1818,1700,23-02-2024
1461,Nashik,Onion,1011,1900,1851,24-02-2024
1462,Nashik,Onion,1011,1974,1800,04-01-2024
1463,Nashik,Onion,1031,1911,1850,11-03-2024
1464,Nashik,Onion,1050,1970,1921,08-03-2024
1465,Nashik,Onion,1100,2011,1950,07-03-2024
1466,Nashik,Onion,1100,2810,2451,01-01-2025
1467,Nashik,Onion,1100,2925,2650,31-12-2024
1468,Nashik,Onion,1112,2031,1950,01-01-2024
1469,Nashik,Onion,1125,1901,1750,12-01-2024
1470,Nashik,Onion,1151,1753,1650,13-03-2024
1471,Nashik,Onion,1151,2200,2100,02-01-2024
1472,Nashik,Onion,1200,1940,1775,05-01-2024
1473,Nashik,Onion,1200,3200,3100,12-12-2024
1474,Nashik,Onion,1200,3500,3200,11-12-2024
1475,Nashik,Onion,1400,2350,1801,18-12-2024
1476,Nashik,Onion,1401,3553,3400,02-12-2024
1477,Nashik,Onion,1501,3500,2600,14-12-2024
1478,Nashik,Onion,1601,2550,2100,17-12-2024
1479,Nashik,Onion,1601,3150,2500,16-12-2024
1480,Nashik,Onion,1700,2152,2152,18-11-2024
1481,Nashik,Onion,1700,3251,3062,13-12-2024
1482,Nashik,Onion,2000,3300,3100,06-12-2024
1483,Nashik,Onion,2400,2825,2600,05-12-2024
1484,Nashik,Onion,2400,3000,2900,04-12-2024
1485,Nashik,Onion,2680,3541,3370,03-12-2024
1486,Nashik,Onion,2800,3350,3200,07-12-2024
1487,Nashik,Onion,2800,3351,3351,27-11-2024
1488,Nashik,Onion,3000,3300,3225,10-12-2024
1489,Nashik,Onion,3056,3500,3468,28-11-2024
1490,Nashik,Onion,3100,3100,3100,25-11-2024
1491,Nashik,Onion,3221,3600,3400,09-12-2024
1492,Nashik,Onion,4000,4000,4000,12-10-2024
1493,Nashik,Onion,500,1461,1400,18-03-2024
1494,Nashik,Onion,550,2300,1700,09-05-2024
1495,Nashik,Onion,600,1462,1400,21-03-2024
1496,Nashik,Onion,600,1470,1350,06-04-2024
1497,Nashik,Onion,600,1490,1350,20-03-2024
1498,Nashik,Onion,600,1500,1350,19-04-2024
1499,Nashik,Onion,600,1500,1400,19-03-2024
1500,Nashik,Onion,600,1501,1350,20-04-2024
1501,Nashik,Onion,600,1512,1350,09-04-2024
1502,Nashik,Onion,600,1512,1375,05-04-2024
1503,Nashik,Onion,600,1530,1350,25-04-2024
1504,Nashik,Onion,600,1600,1375,24-04-2024
1505,Nashik,Onion,600,1700,1400,27-04-2024
1506,Nashik,Onion,600,2200,1650,10-05-2024
1507,Nashik,Onion,650,1640,1450,16-03-2024
1508,Nashik,Onion,700,1480,1350,08-04-2024
1509,Nashik,Onion,700,1500,1375,22-04-2024
1510,Nashik,Onion,700,1500,1400,25-03-2024
1511,Nashik,Onion,700,1530,1350,13-04-2024
1512,Nashik,Onion,700,1541,1400,23-03-2024
1513,Nashik,Onion,700,1551,1400,03-04-2024
1514,Nashik,Onion,700,1555,1450,26-03-2024
1515,Nashik,Onion,700,1560,1400,22-03-2024
1516,Nashik,Onion,700,1570,1450,04-04-2024
1517,Nashik,Onion,700,1600,1375,26-04-2024
1518,Nashik,Onion,700,1630,1400,29-04-2024
1519,Nashik,Onion,700,1652,1400,30-04-2024
1520,Nashik,Onion,700,1661,1550,13-03-2024
1521,Nashik,Onion,700,1661,1550,14-03-2024
1522,Nashik,Onion,700,1680,1500,15-03-2024
1523,Nashik,Onion,700,1800,1550,02-05-2024
1524,Nashik,Onion,700,1852,1650,04-03-2024
1525,Nashik,Onion,700,1852,1750,11-03-2024
1526,Nashik,Onion,700,1855,1650,12-03-2024
1527,Nashik,Onion,700,1952,1650,22-05-2024
1528,Nashik,Onion,700,2000,1600,16-05-2024
1529,Nashik,Onion,700,2000,1600,21-05-2024
1530,Nashik,Onion,700,2000,1675,23-05-2024
1531,Nashik,Onion,700,2000,1700,15-05-2024
1532,Nashik,Onion,700,2000,1700,24-05-2024
1533,Nashik,Onion,700,2001,1400,15-04-2024
1534,Nashik,Onion,700,2012,1700,27-05-2024
1535,Nashik,Onion,700,2016,1700,25-05-2024
1536,Nashik,Onion,700,2053,1750,28-05-2024
1537,Nashik,Onion,700,2060,1650,17-05-2024
1538,Nashik,Onion,700,2070,1650,18-05-2024
1539,Nashik,Onion,700,2240,2000,31-05-2024
1540,Nashik,Onion,700,2301,2000,01-06-2024
1541,Nashik,Onion,750,2151,1650,14-05-2024
1542,Nashik,Onion,800,1736,1600,01-03-2024
1543,Nashik,Onion,800,1760,1650,05-03-2024
1544,Nashik,Onion,800,1781,1600,29-02-2024
1545,Nashik,Onion,800,1856,1750,08-03-2024
1546,Nashik,Onion,800,1910,1850,06-03-2024
1547,Nashik,Onion,800,2090,1550,08-05-2024
1548,Nashik,Onion,800,2160,1750,11-05-2024
1549,Nashik,Onion,850,2400,1800,07-05-2024
1550,Nashik,Onion,900,1600,1500,30-03-2024
1551,Nashik,Onion,900,1812,1700,02-03-2024
1552,Nashik,Onion,900,1860,1700,09-03-2024
1553,Nashik,Onion,900,1875,1600,03-05-2024
1554,Nashik,Onion,900,2000,1900,07-03-2024
1555,Nashik,Onion,900,2301,2050,30-05-2024
1556,Nashik,Onion,900,2320,1750,13-05-2024
1557,Nashik,Onion,1000,1615,1500,29-03-2024
1558,Nashik,Onion,1000,1620,1575,28-03-2024
1559,Nashik,Onion,1000,1642,1551,27-03-2024
1560,Nashik,Onion,1000,2201,2000,29-05-2024
1561,Nashik,Onion,1000,2401,1900,06-05-2024
1562,Nashik,Onion,1000,2452,2100,04-05-2024
1563,Nashik,Onion,1000,2452,2150,04-06-2024
1564,Nashik,Onion,1000,2500,2100,03-06-2024
1565,Nashik,Onion,1000,2501,2300,06-06-2024
1566,Nashik,Onion,1000,2531,2400,07-06-2024
1567,Nashik,Onion,1000,2560,2300,05-06-2024
1568,Nashik,Onion,1000,2600,2400,13-06-2024
1569,Nashik,Onion,1000,2620,2400,12-06-2024
1570,Nashik,Onion,1000,2700,2450,11-06-2024
1571,Nashik,Onion,1000,2700,2500,08-06-2024
1572,Nashik,Onion,1000,2721,2550,14-06-2024
1573,Nashik,Onion,1000,2800,2550,15-06-2024
1574,Nashik,Onion,1000,2800,2600,10-06-2024
1575,Nashik,Onion,1000,2800,2600,17-06-2024
1576,Nashik,Onion,1000,2800,2700,01-08-2024
1577,Nashik,Onion,1000,2800,2700,02-08-2024
1578,Nashik,Onion,1000,2800,2700,03-08-2024
1579,Nashik,Onion,1000,2802,2650,31-07-2024
1580,Nashik,Onion,1000,2860,2700,30-07-2024
1581,Nashik,Onion,1000,2876,2675,29-07-2024
1582,Nashik,Onion,1000,2905,2650,27-07-2024
1583,Nashik,Onion,1000,2905,2675,26-07-2024
1584,Nashik,Onion,1000,2920,2725,25-07-2024
1585,Nashik,Onion,1000,2970,2750,20-07-2024
1586,Nashik,Onion,1000,2980,2775,22-07-2024
1587,Nashik,Onion,1000,3000,2750,19-07-2024
1588,Nashik,Onion,1000,3000,2800,16-07-2024
1589,Nashik,Onion,1000,3001,2775,23-07-2024
1590,Nashik,Onion,1000,3012,2750,24-07-2024
1591,Nashik,Onion,1000,3061,2850,15-07-2024
1592,Nashik,Onion,1000,3100,2800,18-07-2024
1593,Nashik,Onion,1000,3100,2850,08-07-2024
1594,Nashik,Onion,1000,3100,2850,17-07-2024
1595,Nashik,Onion,1000,3100,2900,13-07-2024
1596,Nashik,Onion,1000,3131,2850,09-07-2024
1597,Nashik,Onion,1000,3152,2850,10-07-2024
1598,Nashik,Onion,1000,3190,2800,26-06-2024
1599,Nashik,Onion,1000,3191,2951,06-07-2024
1600,Nashik,Onion,1000,3200,2950,29-06-2024
1601,Nashik,Onion,1000,3211,2900,28-06-2024
1602,Nashik,Onion,1100,2952,2850,05-08-2024
1603,Nashik,Onion,1100,3000,2900,18-06-2024
1604,Nashik,Onion,1100,3000,2911,06-08-2024
1605,Nashik,Onion,1100,3111,2850,11-07-2024
1606,Nashik,Onion,1100,3151,3000,07-08-2024
1607,Nashik,Onion,1100,3201,2900,12-07-2024
1608,Nashik,Onion,1200,3153,3000,03-07-2024
1609,Nashik,Onion,1200,3180,3000,04-07-2024
1610,Nashik,Onion,1200,3181,2950,05-07-2024
1611,Nashik,Onion,1200,3200,3050,02-07-2024
1612,Nashik,Onion,1200,3212,2900,27-06-2024
1613,Nashik,Onion,1200,3251,3000,01-07-2024
1614,Nashik,Onion,1200,3252,3000,19-06-2024
1615,Nashik,Onion,1200,3300,3050,22-06-2024
1616,Nashik,Onion,1200,3300,3100,20-06-2024
1617,Nashik,Onion,1200,3351,3100,21-06-2024
1618,Nashik,Onion,1200,3411,3100,25-06-2024
1619,Nashik,Onion,1200,3500,3200,24-06-2024
1620,Nashik,Onion,1500,3252,3100,09-08-2024
1621,Nashik,Onion,1500,3300,3100,08-08-2024
1622,Nashik,Onion,1500,3351,3250,19-08-2024
1623,Nashik,Onion,1500,3501,3400,20-08-2024
1624,Nashik,Onion,1500,3712,3450,30-08-2024
1625,Nashik,Onion,1500,3800,3550,31-08-2024
1626,Nashik,Onion,1500,3811,3550,29-08-2024
1627,Nashik,Onion,1800,3391,3300,10-08-2024
1628,Nashik,Onion,2000,3360,3250,17-08-2024
1629,Nashik,Onion,2000,3377,3200,16-08-2024
1630,Nashik,Onion,2000,3480,3300,14-08-2024
1631,Nashik,Onion,2000,3601,3450,12-08-2024
1632,Nashik,Onion,2000,3800,3700,21-08-2024
1633,Nashik,Onion,2000,3900,3675,09-09-2024
1634,Nashik,Onion,2000,4000,3850,01-10-2024
1635,Nashik,Onion,2000,4100,3725,22-08-2024
1636,Nashik,Onion,2000,4100,3750,27-08-2024
1637,Nashik,Onion,2000,4100,3850,04-09-2024
1638,Nashik,Onion,2000,4101,3700,28-08-2024
1639,Nashik,Onion,2000,4176,4000,05-09-2024
1640,Nashik,Onion,2000,4191,3900,11-09-2024
1641,Nashik,Onion,2000,4200,3800,30-09-2024
1642,Nashik,Onion,2000,4201,3900,06-09-2024
1643,Nashik,Onion,2000,4201,3950,10-09-2024
1644,Nashik,Onion,2000,4290,4000,19-10-2024
1645,Nashik,Onion,2000,4301,4000,12-10-2024
1646,Nashik,Onion,2000,4301,4100,28-09-2024
1647,Nashik,Onion,2000,4311,4200,11-10-2024
1648,Nashik,Onion,2000,4390,4000,15-10-2024
1649,Nashik,Onion,2000,4400,4250,09-10-2024
1650,Nashik,Onion,2000,4401,4050,16-10-2024
1651,Nashik,Onion,2000,4415,4000,18-10-2024
1652,Nashik,Onion,2000,4444,4100,10-10-2024
1653,Nashik,Onion,2000,4451,4050,17-10-2024
1654,Nashik,Onion,2000,4451,4250,14-10-2024
1655,Nashik,Onion,2000,4451,4300,28-10-2024
1656,Nashik,Onion,2000,4501,4100,21-10-2024
1657,Nashik,Onion,2000,4501,4350,02-11-2024
1658,Nashik,Onion,2000,4511,4100,12-09-2024
1659,Nashik,Onion,2000,4511,4300,18-09-2024
1660,Nashik,Onion,2000,4531,4350,25-10-2024
1661,Nashik,Onion,2000,4600,4350,29-10-2024
1662,Nashik,Onion,2000,4616,4400,26-10-2024
1663,Nashik,Onion,2000,4630,4350,03-10-2024
1664,Nashik,Onion,2000,4651,4400,05-10-2024
1665,Nashik,Onion,2000,4700,4500,22-10-2024
1666,Nashik,Onion,2000,4751,4150,13-09-2024
1667,Nashik,Onion,2000,4800,4500,04-10-2024
1668,Nashik,Onion,2000,4801,4500,19-09-2024
1669,Nashik,Onion,2000,5001,4500,24-10-2024
1670,Nashik,Onion,2200,4002,3525,23-11-2024
1671,Nashik,Onion,2500,4200,4100,16-11-2024
1672,Nashik,Onion,2500,4615,4450,17-09-2024
1673,Nashik,Onion,2500,4700,4100,18-11-2024
1674,Nashik,Onion,2500,4711,4450,27-09-2024
1675,Nashik,Onion,2500,4721,4550,23-10-2024
1676,Nashik,Onion,2500,4800,4600,26-09-2024
1677,Nashik,Onion,2500,4831,4650,14-09-2024
1678,Nashik,Onion,2500,4900,4700,16-09-2024
1679,Nashik,Onion,2500,5000,4501,12-11-2024
1680,Nashik,Onion,2500,5001,4700,20-09-2024
1681,Nashik,Onion,2500,5001,4700,21-09-2024
1682,Nashik,Onion,2500,5001,4750,24-09-2024
1683,Nashik,Onion,2500,5031,4750,23-09-2024
1684,Nashik,Onion,2500,5040,4711,04-11-2024
1685,Nashik,Onion,2500,5590,5000,13-11-2024
1686,Nashik,Onion,2500,5701,5400,05-11-2024
1687,Nashik,Onion,2900,4701,4050,03-09-2024
1688,Nashik,Onion,3000,5590,5300,11-11-2024
1689,Nashik,Onion,3000,5850,5501,06-11-2024
1690,Nashik,Onion,3000,5900,5600,07-11-2024
1691,Nashik,Onion,3000,6000,5550,09-11-2024
1692,Nashik,Onion,3000,6300,5725,08-11-2024
1693,Nashik,Onion,3100,5555,4825,14-11-2024
1694,Nashik,Onion,3500,4811,4640,21-11-2024
1695,Nashik,Onion,300,1512,1150,24-01-2024
1696,Nashik,Onion,350,1300,1100,25-01-2024
1697,Nashik,Onion,400,1226,1100,10-02-2024
1698,Nashik,Onion,400,1280,1100,09-02-2024
1699,Nashik,Onion,400,1315,1150,29-01-2024
1700,Nashik,Onion,400,1331,1150,07-02-2024
1701,Nashik,Onion,400,1336,1125,08-02-2024
1702,Nashik,Onion,400,1400,1300,22-01-2024
1703,Nashik,Onion,400,1405,1200,27-01-2024
1704,Nashik,Onion,400,1501,1350,20-01-2024
1705,Nashik,Onion,400,1600,1350,19-01-2024
1706,Nashik,Onion,500,1300,1175,12-02-2024
1707,Nashik,Onion,500,1300,1200,22-03-2024
1708,Nashik,Onion,500,1315,1150,23-03-2024
1709,Nashik,Onion,500,1335,1250,18-03-2024
1710,Nashik,Onion,500,1336,1250,16-02-2024
1711,Nashik,Onion,500,1351,1250,03-02-2024
1712,Nashik,Onion,500,1351,1280,19-03-2024
1713,Nashik,Onion,500,1360,1225,30-01-2024
1714,Nashik,Onion,500,1377,1300,25-03-2024
1715,Nashik,Onion,500,1385,1150,05-02-2024
1716,Nashik,Onion,500,1400,1150,06-02-2024
1717,Nashik,Onion,500,1400,1250,02-02-2024
1718,Nashik,Onion,500,1401,1300,31-01-2024
1719,Nashik,Onion,500,1452,1280,01-02-2024
1720,Nashik,Onion,500,1552,1250,15-02-2024
1721,Nashik,Onion,500,1660,1500,18-01-2024
1722,Nashik,Onion,500,1861,1750,04-03-2024
1723,Nashik,Onion,500,1901,1750,28-02-2024
1724,Nashik,Onion,550,1341,1230,13-02-2024
1725,Nashik,Onion,550,1375,1260,14-02-2024
1726,Nashik,Onion,600,1352,1250,20-03-2024
1727,Nashik,Onion,600,1361,1300,21-03-2024
1728,Nashik,Onion,600,1400,1280,17-02-2024
1729,Nashik,Onion,600,1480,1275,23-01-2024
1730,Nashik,Onion,600,1560,1475,21-02-2024
1731,Nashik,Onion,600,1576,1400,16-03-2024
1732,Nashik,Onion,600,1675,1550,17-01-2024
1733,Nashik,Onion,600,1800,1650,15-01-2024
1734,Nashik,Onion,600,1802,1650,29-02-2024
1735,Nashik,Onion,700,1620,1500,15-03-2024
1736,Nashik,Onion,700,1700,1600,14-03-2024
1737,Nashik,Onion,700,1812,1700,01-03-2024
1738,Nashik,Onion,700,1812,1700,13-03-2024
1739,Nashik,Onion,700,1851,1750,05-03-2024
1740,Nashik,Onion,700,1875,1600,16-01-2024
1741,Nashik,Onion,700,1880,1750,12-03-2024
1742,Nashik,Onion,700,1901,1550,20-02-2024
1743,Nashik,Onion,700,2001,1900,06-03-2024
1744,Nashik,Onion,800,1919,1850,11-03-2024
1745,Nashik,Onion,800,1941,1750,13-01-2024
1746,Nashik,Onion,800,1942,1800,05-01-2024
1747,Nashik,Onion,800,1951,1800,06-01-2024
1748,Nashik,Onion,800,1952,1775,12-01-2024
1749,Nashik,Onion,800,1952,1850,08-01-2024
1750,Nashik,Onion,800,1960,1800,04-01-2024
1751,Nashik,Onion,800,2000,1800,02-03-2024
1752,Nashik,Onion,800,2000,1800,11-01-2024
1753,Nashik,Onion,800,2000,1875,10-01-2024
1754,Nashik,Onion,800,2125,1851,21-12-2024
1755,Nashik,Onion,800,2151,1800,20-12-2024
1756,Nashik,Onion,800,2151,1800,25-12-2024
1757,Nashik,Onion,800,2400,1700,23-12-2024
1758,Nashik,Onion,800,2425,1850,24-12-2024
1759,Nashik,Onion,800,2500,1800,18-12-2024
1760,Nashik,Onion,800,2611,1850,19-12-2024
1761,Nashik,Onion,900,1901,1751,27-02-2024
1762,Nashik,Onion,900,1961,1875,08-03-2024
1763,Nashik,Onion,900,2068,1900,09-01-2024
1764,Nashik,Onion,900,2152,1950,01-01-2024
1765,Nashik,Onion,900,2402,2000,26-12-2024
1766,Nashik,Onion,900,2500,2200,27-12-2024
1767,Nashik,Onion,1000,1592,1450,22-02-2024
1768,Nashik,Onion,1000,1975,1850,24-02-2024
1769,Nashik,Onion,1000,2000,1900,09-03-2024
1770,Nashik,Onion,1000,2016,1700,23-02-2024
1771,Nashik,Onion,1000,2091,1800,19-02-2024
1772,Nashik,Onion,1000,2100,1975,07-03-2024
1773,Nashik,Onion,1000,2301,2150,02-01-2024
1774,Nashik,Onion,1000,2352,1900,03-01-2024
1775,Nashik,Onion,1000,2601,2250,16-12-2024
1776,Nashik,Onion,1000,2700,2300,28-12-2024
1777,Nashik,Onion,1000,2840,2400,01-01-2025
1778,Nashik,Onion,1000,2851,2100,17-12-2024
1779,Nashik,Onion,1000,2900,2600,30-12-2024
1780,Nashik,Onion,1000,2920,2600,31-12-2024
1781,Nashik,Onion,1000,3200,2650,14-12-2024
1782,Nashik,Onion,1500,4000,3700,02-12-2024
1783,Nashik,Onion,1500,4100,3600,03-12-2024
1784,Nashik,Onion,1500,4100,3600,05-12-2024
1785,Nashik,Onion,1500,4100,3700,04-12-2024
1786,Nashik,Onion,1500,4200,3250,13-12-2024
1787,Nashik,Onion,1500,4550,4000,21-11-2024
1788,Nashik,Onion,1500,4701,3500,16-11-2024
1789,Nashik,Onion,1500,4815,3650,19-11-2024
1790,Nashik,Onion,2000,4111,3700,07-12-2024
1791,Nashik,Onion,2000,4300,3900,26-11-2024
1792,Nashik,Onion,2000,4500,3650,09-11-2024
1793,Nashik,Onion,2000,4500,3800,09-12-2024
1794,Nashik,Onion,2000,4500,4000,06-11-2024
1795,Nashik,Onion,2000,4501,4000,23-11-2024
1796,Nashik,Onion,2000,4541,4100,25-11-2024
1797,Nashik,Onion,2000,4552,3600,11-12-2024
1798,Nashik,Onion,2000,4590,3750,10-12-2024
1799,Nashik,Onion,2000,4711,4100,27-11-2024
1800,Nashik,Onion,2000,4811,3800,06-12-2024
1801,Nashik,Onion,2000,4860,4100,22-11-2024
1802,Nashik,Onion,2000,4900,4000,18-11-2024
1803,Nashik,Onion,2000,4901,3750,08-11-2024
1804,Nashik,Onion,2000,5001,3700,12-12-2024
1805,Nashik,Onion,2000,5011,4300,12-11-2024
1806,Nashik,Onion,2000,5052,4300,11-11-2024
1807,Nashik,Onion,2000,5200,4200,13-11-2024
1808,Nashik,Onion,2000,5452,4500,14-11-2024
1809,Nashik,Onion,2500,4360,4000,07-11-2024
1810,Nashik,Onion,2500,4911,4200,15-11-2024
1811,Nashik,Onion,745,2345,1358,06-06-2024
1812,Nashik,Onion,805,1405,1104,24-05-2024
1813,Nashik,Onion,895,3025,2574,01-07-2024
1814,Nashik,Onion,901,3056,2445,02-07-2024
1815,Nashik,Onion,925,3209,2447,09-07-2024
1816,Nashik,Onion,936,2895,2466,26-07-2024
1817,Nashik,Onion,948,2895,2345,25-07-2024
1818,Nashik,Onion,985,2854,2414,30-07-2024
1819,Nashik,Onion,1001,3255,2812,24-06-2024
1820,Nashik,Onion,1040,2902,2297,19-07-2024
1821,Nashik,Onion,1054,3075,2687,08-07-2024
1822,Nashik,Onion,1089,3105,2577,04-07-2024
1823,Nashik,Onion,1095,2852,2355,02-08-2024
1824,Nashik,Onion,1095,3112,2657,26-06-2024
1825,Nashik,Onion,1097,2904,2383,23-07-2024
1826,Nashik,Onion,1100,3110,2439,20-06-2024
1827,Nashik,Onion,1110,3145,2645,03-07-2024
1828,Nashik,Onion,1124,2861,2584,31-07-2024
1829,Nashik,Onion,1125,3185,2658,25-06-2024
1830,Nashik,Onion,1167,3125,2607,11-07-2024
1831,Nashik,Onion,1243,3164,2447,05-07-2024
1832,Nashik,Onion,1245,3014,2687,15-07-2024
1833,Nashik,Onion,1265,2974,2671,12-07-2024
1834,Nashik,Onion,1380,3115,2482,10-07-2024
1835,Nashik,Onion,1403,3012,2674,05-08-2024
1836,Nashik,Onion,1501,3551,3210,30-08-2024
1837,Nashik,Onion,1647,3502,2944,20-08-2024
1838,Nashik,Onion,1825,3610,2845,12-08-2024
1839,Nashik,Onion,1825,3912,3496,10-09-2024
1840,Nashik,Onion,1850,3825,3460,23-08-2024
1841,Nashik,Onion,1899,3321,2854,09-08-2024
1842,Nashik,Onion,1976,3250,2257,21-06-2024
1843,Nashik,Onion,1978,3910,3504,12-09-2024
1844,Nashik,Onion,1985,3810,3309,09-09-2024
1845,Nashik,Onion,2014,3851,3578,27-08-2024
1846,Nashik,Onion,2021,3800,3460,22-08-2024
1847,Nashik,Onion,2021,3952,3641,04-09-2024
1848,Nashik,Onion,2104,4677,4214,23-10-2024
1849,Nashik,Onion,2145,4287,3852,09-10-2024
1850,Nashik,Onion,2214,4267,3874,18-10-2024
1851,Nashik,Onion,2465,4208,3652,17-10-2024
1852,Nashik,Onion,2544,4214,3957,30-09-2024
1853,Nashik,Onion,2587,5589,4614,13-11-2024
1854,Nashik,Onion,2645,4213,3817,15-10-2024
1855,Nashik,Onion,2647,5678,5125,07-11-2024
1856,Nashik,Onion,2802,3851,3412,28-08-2024
1857,Nashik,Onion,2847,4605,4188,25-10-2024
1858,Nashik,Onion,3012,4410,4185,27-09-2024
1859,Nashik,Onion,3210,5609,5244,08-11-2024
1860,Nashik,Onion,496,1976,1589,23-12-2024
1861,Nashik,Onion,877,2856,2212,31-12-2024
1862,Nashik,Onion,982,3878,2287,13-12-2024
1863,Nashik,Onion,1254,4843,3244,12-12-2024
1864,Nashik,Onion,1410,4650,3855,04-12-2024
1865,Nashik,Onion,2256,4910,4354,06-12-2024
1866,Nashik,Onion,2410,5154,4581,26-11-2024
1867,Nashik,Onion,2532,5041,4812,25-11-2024
1868,Nashik,Onion,100,1500,1072.28,26-04-2024
1869,Nashik,Onion,200,1400,1294.3,22-04-2024
1870,Nashik,Onion,200,2500,1989.61,04-05-2024
1871,Nashik,Onion,400,1785,1520.93,25-05-2024
1872,Nashik,Onion,500,1471,1059.69,27-04-2024
1873,Nashik,Onion,642,2000,1851.61,10-05-2024
1874,Nashik,Onion,700,1826,1580.92,24-05-2024
1875,Nashik,Onion,700,2121,1800,17-05-2024
1876,Nashik,Onion,701,2100,1849.43,11-05-2024
1877,Nashik,Onion,800,1905,1715,15-05-2024
1878,Nashik,Onion,800,2100,1792.59,27-05-2024
1879,Nashik,Onion,800,2101,1853.64,07-05-2024
1880,Nashik,Onion,800,2242,1916.03,31-05-2024
1881,Nashik,Onion,868,2501,2268,13-06-2024
1882,Nashik,Onion,900,1418,1203.24,20-04-2024
1883,Nashik,Onion,900,2020,1820,08-05-2024
1884,Nashik,Onion,900,2200,1902.01,06-05-2024
1885,Nashik,Onion,900,2500,2260.41,06-06-2024
1886,Nashik,Onion,900,2751,2141,07-06-2024
1887,Nashik,Onion,950,1380,1182.26,19-04-2024
1888,Nashik,Onion,951,2201,1897.31,28-05-2024
1889,Nashik,Onion,1000,1901,1529.48,16-05-2024
1890,Nashik,Onion,1000,2452,1877.74,01-06-2024
1891,Nashik,Onion,1000,2520,2007.7,29-05-2024
1892,Nashik,Onion,1000,2751,2456,15-06-2024
1893,Nashik,Onion,1025,2651,2468,12-06-2024
1894,Nashik,Onion,1100,2801,2548,10-06-2024
1895,Nashik,Onion,1101,2851,2337,11-06-2024
1896,Nashik,Onion,1200,2750,2525,08-06-2024
1897,Nashik,Onion,1201,2900,2811.21,26-06-2024
1898,Nashik,Onion,1300,2901,2772.16,27-06-2024
1899,Nashik,Onion,1300,3505,2936,25-06-2024
1900,Nashik,Onion,1400,2880,2635.64,01-08-2024
1901,Nashik,Onion,1500,2799,2638.27,30-07-2024
1902,Nashik,Onion,1500,2800,2565,14-06-2024
1903,Nashik,Onion,1500,3511,3320.41,20-06-2024
1904,Nashik,Onion,1502,2850,2771.53,02-08-2024
1905,Nashik,Onion,1550,2971,2875.99,05-08-2024
1906,Nashik,Onion,1600,3550,3338.59,19-06-2024
1907,Nashik,Onion,1601,3100,2856.68,01-07-2024
1908,Nashik,Onion,1604,3000,2885.04,17-07-2024
1909,Nashik,Onion,1700,2812,2648.44,31-07-2024
1910,Nashik,Onion,1700,2857,2749.1,03-08-2024
1911,Nashik,Onion,1700,2950,2764.83,06-07-2024
1912,Nashik,Onion,1700,3450,3079.16,22-06-2024
1913,Nashik,Onion,1705,2826,2662.27,29-07-2024
1914,Nashik,Onion,1760,3101,2942.32,05-07-2024
1915,Nashik,Onion,1800,3500,2938,24-06-2024
1916,Nashik,Onion,1802,4100,3832.68,10-09-2024
1917,Nashik,Onion,1805,3371,3051,21-06-2024
1918,Nashik,Onion,2000,4811,4565.46,14-09-2024
1919,Nashik,Onion,2001,4202,4076.57,09-10-2024
1920,Nashik,Onion,2705,4320,3994.43,13-09-2024
1921,Nashik,Onion,3000,5725,5429.5,08-11-2024
1922,Nashik,Onion,3881,4251,4127.49,10-10-2024
1923,Nashik,Onion,5552,5555,5553.37,09-11-2024
1924,Nashik,Onion,200,1800,1550,16-05-2024
1925,Nashik,Onion,202,1640,1400,08-05-2024
1926,Nashik,Onion,264,1900,1650,24-05-2024
1927,Nashik,Onion,290,2051,1700,27-05-2024
1928,Nashik,Onion,300,1700,1450,09-05-2024
1929,Nashik,Onion,300,1805,1500,13-05-2024
1930,Nashik,Onion,300,1839,1530,17-05-2024
1931,Nashik,Onion,300,1850,1580,18-05-2024
1932,Nashik,Onion,300,2200,1850,29-05-2024
1933,Nashik,Onion,301,1861,1570,14-05-2024
1934,Nashik,Onion,360,1769,1500,25-05-2024
1935,Nashik,Onion,390,1820,1580,15-05-2024
1936,Nashik,Onion,400,1784,1500,07-05-2024
1937,Nashik,Onion,400,2050,1800,31-05-2024
1938,Nashik,Onion,400,2171,1950,30-05-2024
1939,Nashik,Onion,405,1600,1460,11-05-2024
1940,Nashik,Onion,420,1438,1300,19-03-2024
1941,Nashik,Onion,420,1492,1300,18-03-2024
1942,Nashik,Onion,451,1941,1500,01-06-2024
1943,Nashik,Onion,480,1910,1550,06-05-2024
1944,Nashik,Onion,485,1582,1450,27-03-2024
1945,Nashik,Onion,500,1767,1400,23-05-2024
1946,Nashik,Onion,500,1795,1430,22-05-2024
1947,Nashik,Onion,500,1798,1500,21-05-2024
1948,Nashik,Onion,500,2060,1740,03-06-2024
1949,Nashik,Onion,500,2100,1800,28-05-2024
1950,Nashik,Onion,500,2925,2600,01-08-2024
1951,Nashik,Onion,501,2900,2700,13-07-2024
1952,Nashik,Onion,540,1570,1476,28-03-2024
1953,Nashik,Onion,555,2885,2600,15-07-2024
1954,Nashik,Onion,560,2401,2000,06-06-2024
1955,Nashik,Onion,600,2122,1750,04-06-2024
1956,Nashik,Onion,601,1383,1250,20-03-2024
1957,Nashik,Onion,602,2500,2200,13-06-2024
1958,Nashik,Onion,604,1560,1350,26-03-2024
1959,Nashik,Onion,651,2370,2060,07-06-2024
1960,Nashik,Onion,716,2251,1850,05-06-2024
1961,Nashik,Onion,771,3058,2700,28-06-2024
1962,Nashik,Onion,800,2771,2650,03-08-2024
1963,Nashik,Onion,801,3051,2700,26-06-2024
1964,Nashik,Onion,840,2831,2600,22-07-2024
1965,Nashik,Onion,841,2619,2350,15-06-2024
1966,Nashik,Onion,887,1434,1300,21-03-2024
1967,Nashik,Onion,890,3131,2750,27-06-2024
1968,Nashik,Onion,895,2990,2650,02-08-2024
1969,Nashik,Onion,904,2830,2625,18-07-2024
1970,Nashik,Onion,904,2969,2700,11-07-2024
1971,Nashik,Onion,920,3099,2900,07-08-2024
1972,Nashik,Onion,921,3109,2850,05-07-2024
1973,Nashik,Onion,965,3164,2800,21-06-2024
1974,Nashik,Onion,975,3100,2850,24-06-2024
1975,Nashik,Onion,1000,2805,2600,31-07-2024
1976,Nashik,Onion,1000,3115,2775,08-07-2024
1977,Nashik,Onion,1001,1362,1130,23-03-2024
1978,Nashik,Onion,1001,2560,2250,11-06-2024
1979,Nashik,Onion,1008,2898,2700,16-07-2024
1980,Nashik,Onion,1040,1352,1257,22-03-2024
1981,Nashik,Onion,1050,2450,2200,08-06-2024
1982,Nashik,Onion,1050,2492,2200,10-06-2024
1983,Nashik,Onion,1063,2840,2650,05-08-2024
1984,Nashik,Onion,1070,3060,2850,06-08-2024
1985,Nashik,Onion,1075,2432,2200,12-06-2024
1986,Nashik,Onion,1085,3001,2700,30-07-2024
1987,Nashik,Onion,1119,3572,3400,20-08-2024
1988,Nashik,Onion,1122,2550,2250,14-06-2024
1989,Nashik,Onion,1130,2900,2650,18-06-2024
1990,Nashik,Onion,1160,2939,2700,23-07-2024
1991,Nashik,Onion,1180,3050,2750,19-06-2024
1992,Nashik,Onion,1193,3160,3012,08-08-2024
1993,Nashik,Onion,1200,3090,2800,22-06-2024
1994,Nashik,Onion,1200,3151,2900,25-06-2024
1995,Nashik,Onion,1201,3950,3650,30-09-2024
1996,Nashik,Onion,1222,3812,3600,10-09-2024
1997,Nashik,Onion,1230,3790,3550,09-09-2024
1998,Nashik,Onion,1255,3124,3000,09-08-2024
1999,Nashik,Onion,1261,4000,3800,12-09-2024
2000,Nashik,Onion,1273,2961,2710,12-07-2024
2001,Nashik,Onion,1300,2952,2700,01-07-2024
2002,Nashik,Onion,1300,3456,3269,30-08-2024
2003,Nashik,Onion,1300,4851,4675,23-09-2024
2004,Nashik,Onion,1301,3375,3200,16-08-2024
2005,Nashik,Onion,1305,4400,4000,05-10-2024
2006,Nashik,Onion,1360,4000,3770,05-09-2024
2007,Nashik,Onion,1366,2955,2700,29-06-2024
2008,Nashik,Onion,1370,3480,2950,31-08-2024
2009,Nashik,Onion,1386,3103,2900,04-07-2024
2010,Nashik,Onion,1392,4682,4150,26-09-2024
2011,Nashik,Onion,1400,3291,3025,19-08-2024
2012,Nashik,Onion,1401,4375,3751,28-09-2024
2013,Nashik,Onion,1407,3052,2700,09-07-2024
2014,Nashik,Onion,1410,3700,3500,29-08-2024
2015,Nashik,Onion,1421,2980,2700,10-07-2024
2016,Nashik,Onion,1436,3163,2800,03-07-2024
2017,Nashik,Onion,1440,2808,2600,19-07-2024
2018,Nashik,Onion,1440,3939,3750,06-09-2024
2019,Nashik,Onion,1460,3761,3500,28-08-2024
2020,Nashik,Onion,1470,3402,3100,14-08-2024
2021,Nashik,Onion,1490,3080,2900,02-07-2024
2022,Nashik,Onion,1500,3690,3500,12-08-2024
2023,Nashik,Onion,1500,3980,3750,04-09-2024
2024,Nashik,Onion,1501,3861,3620,11-09-2024
2025,Nashik,Onion,1508,4108,3900,11-10-2024
2026,Nashik,Onion,1540,4093,3900,13-09-2024
2027,Nashik,Onion,1553,4327,3900,04-10-2024
2028,Nashik,Onion,1554,3814,3700,24-08-2024
2029,Nashik,Onion,1600,3268,3050,17-08-2024
2030,Nashik,Onion,1627,3800,3350,27-08-2024
2031,Nashik,Onion,1627,4730,4410,21-09-2024
2032,Nashik,Onion,1645,2700,2440,29-07-2024
2033,Nashik,Onion,1692,4661,4400,20-09-2024
2034,Nashik,Onion,1700,4451,4000,28-10-2024
2035,Nashik,Onion,1710,4655,4331,25-10-2024
2036,Nashik,Onion,1711,3241,3000,06-07-2024
2037,Nashik,Onion,1740,4322,4022,18-09-2024
2038,Nashik,Onion,1750,4851,4600,14-09-2024
2039,Nashik,Onion,1760,4425,4200,26-10-2024
2040,Nashik,Onion,1791,5000,4675,24-09-2024
2041,Nashik,Onion,1799,4030,3600,18-10-2024
2042,Nashik,Onion,1800,5500,5300,08-11-2024
2043,Nashik,Onion,1833,4606,4210,19-09-2024
2044,Nashik,Onion,1901,4500,4100,27-09-2024
2045,Nashik,Onion,1906,3869,3700,26-08-2024
2046,Nashik,Onion,1908,3734,3550,21-08-2024
2047,Nashik,Onion,1913,3701,3492,19-10-2024
2048,Nashik,Onion,1942,4261,3920,15-10-2024
2049,Nashik,Onion,1950,4171,3700,16-10-2024
2050,Nashik,Onion,2000,3760,3550,22-08-2024
2051,Nashik,Onion,2000,3839,3700,23-08-2024
2052,Nashik,Onion,2000,4201,4063,03-09-2024
2053,Nashik,Onion,2006,3355,3200,10-08-2024
2054,Nashik,Onion,2007,4206,3731,01-10-2024
2055,Nashik,Onion,2023,4260,3900,14-10-2024
2056,Nashik,Onion,2026,4445,4300,22-10-2024
2057,Nashik,Onion,2081,4689,4350,16-09-2024
2058,Nashik,Onion,2150,3999,3600,17-10-2024
2059,Nashik,Onion,2160,4020,2600,16-11-2024
2060,Nashik,Onion,2215,4500,4331,24-10-2024
2061,Nashik,Onion,2250,4300,4000,21-10-2024
2062,Nashik,Onion,2251,4492,3200,12-11-2024
2063,Nashik,Onion,2263,4501,4246,03-10-2024
2064,Nashik,Onion,2287,4101,3976,09-10-2024
2065,Nashik,Onion,2330,4051,3700,10-10-2024
2066,Nashik,Onion,2350,4642,4476,05-11-2024
2067,Nashik,Onion,2502,5000,2502,13-11-2024
2068,Nashik,Onion,2600,4100,3900,12-10-2024
2069,Nashik,Onion,2660,4521,4301,11-11-2024
2070,Nashik,Onion,2700,4751,4400,23-10-2024
2071,Nashik,Onion,2700,5150,4900,09-11-2024
2072,Nashik,Onion,3125,5075,4800,06-11-2024
2073,Nashik,Onion,4892,5402,5280,07-11-2024
2074,Nashik,Onion,200,1186,900,25-01-2024
2075,Nashik,Onion,200,1220,800,27-01-2024
2076,Nashik,Onion,200,1251,950,29-01-2024
2077,Nashik,Onion,200,1251,1000,09-02-2024
2078,Nashik,Onion,200,1260,1000,10-02-2024
2079,Nashik,Onion,200,1263,1000,07-02-2024
2080,Nashik,Onion,200,1300,1000,08-02-2024
2081,Nashik,Onion,200,1366,1050,06-02-2024
2082,Nashik,Onion,200,1392,1150,03-02-2024
2083,Nashik,Onion,200,1440,1200,23-01-2024
2084,Nashik,Onion,200,1610,1400,19-01-2024
2085,Nashik,Onion,200,1670,1450,17-01-2024
2086,Nashik,Onion,200,1903,1700,04-01-2024
2087,Nashik,Onion,200,1913,1700,11-01-2024
2088,Nashik,Onion,200,2111,1850,09-01-2024
2089,Nashik,Onion,200,2500,1900,24-12-2024
2090,Nashik,Onion,200,2600,1900,26-12-2024
2091,Nashik,Onion,200,2711,2300,01-01-2025
2092,Nashik,Onion,200,2799,2400,31-12-2024
2093,Nashik,Onion,200,2840,2200,30-12-2024
2094,Nashik,Onion,200,2900,2200,28-12-2024
2095,Nashik,Onion,200,3051,2000,27-12-2024
2096,Nashik,Onion,205,1474,1180,02-02-2024
2097,Nashik,Onion,250,1271,1050,30-01-2024
2098,Nashik,Onion,250,1425,1251,28-03-2024
2099,Nashik,Onion,270,1360,1100,18-03-2024
2100,Nashik,Onion,300,1270,1050,11-02-2024
2101,Nashik,Onion,300,1300,1100,05-02-2024
2102,Nashik,Onion,300,1320,1100,19-03-2024
2103,Nashik,Onion,300,1320,1200,16-02-2024
2104,Nashik,Onion,300,1337,1100,12-02-2024
2105,Nashik,Onion,300,1339,1100,13-02-2024
2106,Nashik,Onion,300,1366,1266,14-02-2024
2107,Nashik,Onion,300,1381,1150,31-01-2024
2108,Nashik,Onion,300,1489,1200,22-02-2024
2109,Nashik,Onion,300,1557,1375,20-01-2024
2110,Nashik,Onion,300,1591,1320,18-01-2024
2111,Nashik,Onion,300,1625,1300,21-02-2024
2112,Nashik,Onion,300,1708,1600,15-01-2024
2113,Nashik,Onion,300,1721,1500,20-02-2024
2114,Nashik,Onion,300,1761,1550,01-03-2024
2115,Nashik,Onion,300,1819,1650,13-01-2024
2116,Nashik,Onion,300,1900,1600,11-03-2024
2117,Nashik,Onion,300,2001,1750,09-03-2024
2118,Nashik,Onion,300,2030,1800,08-01-2024
2119,Nashik,Onion,300,2202,1800,23-12-2024
2120,Nashik,Onion,300,4000,2751,19-11-2024
2121,Nashik,Onion,305,1465,1300,16-03-2024
2122,Nashik,Onion,305,1520,1300,01-02-2024
2123,Nashik,Onion,310,1324,1210,20-03-2024
2124,Nashik,Onion,350,1285,1130,22-03-2024
2125,Nashik,Onion,350,2100,1800,21-12-2024
2126,Nashik,Onion,385,4000,3400,07-12-2024
2127,Nashik,Onion,400,1388,1250,15-02-2024
2128,Nashik,Onion,400,1671,1500,13-03-2024
2129,Nashik,Onion,400,1718,1550,12-03-2024
2130,Nashik,Onion,400,1785,1550,29-02-2024
2131,Nashik,Onion,400,1801,1550,27-02-2024
2132,Nashik,Onion,400,1801,1575,04-03-2024
2133,Nashik,Onion,400,1827,1600,02-03-2024
2134,Nashik,Onion,400,1834,1650,28-02-2024
2135,Nashik,Onion,400,1872,1650,12-01-2024
2136,Nashik,Onion,400,1948,1700,08-03-2024
2137,Nashik,Onion,400,2100,1800,20-12-2024
2138,Nashik,Onion,400,2100,1950,07-03-2024
2139,Nashik,Onion,400,2180,1800,03-01-2024
2140,Nashik,Onion,400,3999,1800,05-12-2024
2141,Nashik,Onion,400,4315,3300,04-12-2024
2142,Nashik,Onion,400,4360,3800,02-12-2024
2143,Nashik,Onion,400,4530,3550,06-12-2024
2144,Nashik,Onion,401,2300,2000,18-12-2024
2145,Nashik,Onion,401,2550,2100,17-12-2024
2146,Nashik,Onion,407,1600,1450,15-03-2024
2147,Nashik,Onion,410,2079,1800,10-01-2024
2148,Nashik,Onion,411,2740,2300,16-12-2024
2149,Nashik,Onion,415,2400,1800,25-12-2024
2150,Nashik,Onion,420,2571,2000,19-12-2024
2151,Nashik,Onion,422,1340,1250,21-03-2024
2152,Nashik,Onion,480,3981,3400,09-12-2024
2153,Nashik,Onion,500,1692,1500,14-03-2024
2154,Nashik,Onion,500,1800,1550,23-02-2024
2155,Nashik,Onion,500,1865,1625,24-02-2024
2156,Nashik,Onion,500,1896,1700,05-03-2024
2157,Nashik,Onion,500,1908,1600,05-01-2024
2158,Nashik,Onion,500,2043,1900,01-01-2024
2159,Nashik,Onion,500,2070,1750,06-03-2024
2160,Nashik,Onion,500,2151,1950,02-01-2024
2161,Nashik,Onion,500,3400,2700,28-10-2024
2162,Nashik,Onion,500,3700,3100,22-11-2024
2163,Nashik,Onion,500,3840,2800,18-11-2024
2164,Nashik,Onion,500,3890,3300,12-12-2024
2165,Nashik,Onion,500,3900,3400,21-11-2024
2166,Nashik,Onion,500,4000,3500,23-11-2024
2167,Nashik,Onion,500,4175,3500,10-12-2024
2168,Nashik,Onion,500,4176,3500,16-11-2024
2169,Nashik,Onion,500,4180,3500,03-12-2024
2170,Nashik,Onion,500,4365,3500,12-11-2024
2171,Nashik,Onion,500,4381,3600,09-11-2024
2172,Nashik,Onion,500,4551,3800,11-11-2024
2173,Nashik,Onion,500,4571,3701,25-11-2024
2174,Nashik,Onion,500,4700,4000,13-11-2024
2175,Nashik,Onion,558,1439,1200,26-03-2024
2176,Nashik,Onion,600,3160,2500,25-10-2024
2177,Nashik,Onion,600,3301,2700,14-12-2024
2178,Nashik,Onion,600,3636,3300,13-12-2024
2179,Nashik,Onion,600,4360,3651,27-11-2024
2180,Nashik,Onion,600,5000,4400,26-11-2024
2181,Nashik,Onion,650,4664,4000,08-11-2024
2182,Nashik,Onion,700,1486,1350,27-03-2024
2183,Nashik,Onion,700,3300,2771,26-10-2024
2184,Nashik,Onion,700,4301,3500,11-12-2024
2185,Nashik,Onion,700,4500,3500,06-11-2024
2186,Nashik,Onion,722,1269,1000,23-03-2024
2187,Nashik,Onion,750,4600,4000,30-11-2024
2188,Nashik,Onion,800,2013,1800,06-01-2024
2189,Nashik,Onion,870,3460,2200,24-10-2024
2190,Nashik,Onion,881,4601,3900,14-11-2024
2191,Nashik,Onion,900,3821,3200,23-10-2024
2192,Nashik,Onion,900,4555,4000,07-11-2024
2193,Nashik,Onion,951,2751,1301,15-10-2024
2194,Nashik,Onion,1000,4441,4000,28-11-2024
2195,Nashik,Onion,1000,4500,3500,05-11-2024
2196,Nashik,Onion,1100,2751,2551,16-10-2024
2197,Nashik,Onion,1101,5151,3000,12-10-2024
2198,Nashik,Onion,1213,1213,1213,18-10-2024
2199,Nashik,Onion,1400,2223,1400,17-10-2024
2200,Nashik,Onion,1745,3110,1745,14-10-2024
2201,Nashik,Onion,1769,3240,2621,21-10-2024
2202,Nashik,Onion,2168,2288,2251,24-01-2024
2203,Nashik,Onion,2350,3400,3136,22-10-2024
2204,Nashik,Onion,2501,2701,2700,19-10-2024
2205,Nashik,Onion,500,1880,1600,26-12-2024
2206,Nashik,Onion,600,2300,2151,01-01-2025
2207,Nashik,Onion,700,1880,1600,27-12-2024
2208,Nashik,Onion,741,1436,1340,23-12-2024
2209,Nashik,Onion,751,1600,1200,24-12-2024
2210,Nashik,Onion,760,1421,1300,21-12-2024
2211,Nashik,Onion,800,1401,1100,20-12-2024
2212,Nashik,Onion,850,2199,2071,14-12-2024
2213,Nashik,Onion,900,3300,2800,02-12-2024
2214,Nashik,Onion,951,1701,1100,18-12-2024
2215,Nashik,Onion,975,1800,1500,16-12-2024
2216,Nashik,Onion,1000,2850,2200,13-12-2024
2217,Nashik,Onion,1051,1861,1550,30-12-2024
2218,Nashik,Onion,1200,1490,1300,19-12-2024
2219,Nashik,Onion,1250,2100,2000,07-12-2024
2220,Nashik,Onion,1250,2500,2252,04-12-2024
2221,Nashik,Onion,1500,2450,1900,06-12-2024
2222,Nashik,Onion,1561,2590,1900,09-12-2024
2223,Nashik,Onion,1590,2951,2450,12-12-2024
2224,Nashik,Onion,1821,3211,2595,10-12-2024
2225,Nashik,Onion,2000,3100,2000,27-11-2024
2226,Nashik,Onion,2201,3190,2201,28-11-2024
2227,Nashik,Onion,2551,3270,3161,26-11-2024
2228,Nashik,Onion,100,1435,1200,22-03-2024
2229,Nashik,Onion,150,1380,1200,21-03-2024
2230,Nashik,Onion,200,1515,1300,25-04-2024
2231,Nashik,Onion,200,1960,1600,22-05-2024
2232,Nashik,Onion,200,2000,1700,16-05-2024
2233,Nashik,Onion,200,2100,1700,15-05-2024
2234,Nashik,Onion,200,2125,1700,17-05-2024
2235,Nashik,Onion,200,2150,1900,28-05-2024
2236,Nashik,Onion,200,2551,1600,24-05-2024
2237,Nashik,Onion,250,1600,1300,19-04-2024
2238,Nashik,Onion,250,1635,1400,15-03-2024
2239,Nashik,Onion,250,2100,1600,23-05-2024
2240,Nashik,Onion,250,2100,1700,21-05-2024
2241,Nashik,Onion,300,1375,1100,18-03-2024
2242,Nashik,Onion,300,1375,1200,19-03-2024
2243,Nashik,Onion,300,1475,1300,26-03-2024
2244,Nashik,Onion,300,1585,1300,24-04-2024
2245,Nashik,Onion,300,1650,1300,29-04-2024
2246,Nashik,Onion,300,1895,1550,07-05-2024
2247,Nashik,Onion,300,1950,1600,27-05-2024
2248,Nashik,Onion,300,2000,1800,13-05-2024
2249,Nashik,Onion,300,2130,1900,14-05-2024
2250,Nashik,Onion,300,2205,1900,06-05-2024
2251,Nashik,Onion,300,2300,1500,08-05-2024
2252,Nashik,Onion,400,2500,2150,06-06-2024
2253,Nashik,Onion,500,1600,1450,14-03-2024
2254,Nashik,Onion,500,1610,1450,13-03-2024
2255,Nashik,Onion,500,1655,1450,12-03-2024
2256,Nashik,Onion,500,1685,1300,11-03-2024
2257,Nashik,Onion,500,2205,1800,30-05-2024
2258,Nashik,Onion,500,2250,1900,29-05-2024
2259,Nashik,Onion,500,2400,1900,31-05-2024
2260,Nashik,Onion,500,2510,2250,11-06-2024
2261,Nashik,Onion,500,2600,1900,03-06-2024
2262,Nashik,Onion,500,3100,2100,07-06-2024
2263,Nashik,Onion,500,3131,2450,10-06-2024
2264,Nashik,Onion,500,4005,3700,06-09-2024
2265,Nashik,Onion,680,3500,2750,27-06-2024
2266,Nashik,Onion,700,2300,2000,05-06-2024
2267,Nashik,Onion,700,3500,3000,20-06-2024
2268,Nashik,Onion,800,2750,2650,26-07-2024
2269,Nashik,Onion,800,2895,2700,29-07-2024
2270,Nashik,Onion,805,3405,2950,28-06-2024
2271,Nashik,Onion,815,3200,2900,04-07-2024
2272,Nashik,Onion,900,3211,2650,31-07-2024
2273,Nashik,Onion,1000,2800,2600,30-07-2024
2274,Nashik,Onion,1000,2860,2650,02-08-2024
2275,Nashik,Onion,1000,2965,2750,24-07-2024
2276,Nashik,Onion,1000,3115,2700,10-07-2024
2277,Nashik,Onion,1000,3130,2700,05-07-2024
2278,Nashik,Onion,1000,3155,2800,03-07-2024
2279,Nashik,Onion,1000,3200,2700,01-07-2024
2280,Nashik,Onion,1000,3200,2700,25-07-2024
2281,Nashik,Onion,1000,3605,3100,29-08-2024
2282,Nashik,Onion,1000,4000,3200,30-08-2024
2283,Nashik,Onion,1000,4000,3600,27-08-2024
2284,Nashik,Onion,1000,4405,4000,16-10-2024
2285,Nashik,Onion,1000,4510,4000,15-10-2024
2286,Nashik,Onion,1000,4800,4400,26-10-2024
2287,Nashik,Onion,1100,3210,2950,02-07-2024
2288,Nashik,Onion,1200,2770,2600,01-08-2024
2289,Nashik,Onion,1200,2900,2750,22-07-2024
2290,Nashik,Onion,1200,3900,3550,24-08-2024
2291,Nashik,Onion,1200,4400,4000,14-10-2024
2292,Nashik,Onion,1255,2890,2700,23-07-2024
2293,Nashik,Onion,1300,3200,2800,05-08-2024
2294,Nashik,Onion,1300,3310,3000,09-08-2024
2295,Nashik,Onion,1400,3000,2800,06-08-2024
2296,Nashik,Onion,1400,3100,2800,07-08-2024
2297,Nashik,Onion,1400,3100,2900,08-08-2024
2298,Nashik,Onion,1400,3115,2800,11-07-2024
2299,Nashik,Onion,1500,3600,3500,12-08-2024
2300,Nashik,Onion,1500,3820,3500,26-08-2024
2301,Nashik,Onion,1500,3860,3450,20-08-2024
2302,Nashik,Onion,1500,3900,3700,28-08-2024
2303,Nashik,Onion,1500,4100,3600,30-09-2024
2304,Nashik,Onion,1500,4155,3800,11-09-2024
2305,Nashik,Onion,1500,4180,3700,09-10-2024
2306,Nashik,Onion,1500,4200,3600,09-09-2024
2307,Nashik,Onion,1500,4235,3600,04-09-2024
2308,Nashik,Onion,1500,4235,3600,05-09-2024
2309,Nashik,Onion,1500,4330,3900,01-10-2024
2310,Nashik,Onion,1500,4380,4000,10-10-2024
2311,Nashik,Onion,1500,4500,4000,03-10-2024
2312,Nashik,Onion,1500,4505,3000,17-10-2024
2313,Nashik,Onion,1500,4570,4000,04-10-2024
2314,Nashik,Onion,1500,4800,4200,18-09-2024
2315,Nashik,Onion,1500,6161,4000,10-09-2024
2316,Nashik,Onion,1500,7051,5505,18-11-2024
2317,Nashik,Onion,1600,4500,4000,18-10-2024
2318,Nashik,Onion,1700,4405,4000,11-10-2024
2319,Nashik,Onion,1800,4050,3700,23-08-2024
2320,Nashik,Onion,1800,5151,3600,22-08-2024
2321,Nashik,Onion,2000,4380,4000,13-09-2024
2322,Nashik,Onion,2000,4500,4500,26-09-2024
2323,Nashik,Onion,2000,4535,4200,27-09-2024
2324,Nashik,Onion,2000,4555,3800,12-09-2024
2325,Nashik,Onion,2000,4770,4300,25-10-2024
2326,Nashik,Onion,2000,4855,4400,19-09-2024
2327,Nashik,Onion,2000,4905,4500,21-10-2024
2328,Nashik,Onion,2000,4960,4300,24-10-2024
2329,Nashik,Onion,2000,5000,4600,20-09-2024
2330,Nashik,Onion,2000,5000,4700,23-09-2024
2331,Nashik,Onion,2000,5005,4300,23-10-2024
2332,Nashik,Onion,2000,5005,4700,24-09-2024
2333,Nashik,Onion,2000,5790,5200,14-11-2024
2334,Nashik,Onion,2000,5795,5400,05-11-2024
2335,Nashik,Onion,2000,6065,5500,06-11-2024
2336,Nashik,Onion,3000,5740,5200,13-11-2024
2337,Nashik,Onion,3000,6000,4500,21-11-2024
2338,Nashik,Onion,3000,6000,5300,26-11-2024
2339,Nashik,Onion,3000,6025,5200,15-11-2024
2340,Nashik,Onion,3500,6505,5000,27-11-2024
2341,Nashik,Onion,100,1180,900,29-01-2024
2342,Nashik,Onion,100,1195,100,25-01-2024
2343,Nashik,Onion,100,1195,1075,08-02-2024
2344,Nashik,Onion,100,1250,1075,06-02-2024
2345,Nashik,Onion,100,1260,1000,24-01-2024
2346,Nashik,Onion,100,1265,1075,07-02-2024
2347,Nashik,Onion,100,1280,1000,23-01-2024
2348,Nashik,Onion,100,1280,1000,30-01-2024
2349,Nashik,Onion,100,1315,1050,05-02-2024
2350,Nashik,Onion,100,1375,1100,31-01-2024
2351,Nashik,Onion,100,1450,1200,19-01-2024
2352,Nashik,Onion,100,1465,1200,01-02-2024
2353,Nashik,Onion,100,1490,1200,02-02-2024
2354,Nashik,Onion,100,1680,1400,18-01-2024
2355,Nashik,Onion,100,1820,1500,17-01-2024
2356,Nashik,Onion,100,1830,1300,23-02-2024
2357,Nashik,Onion,100,1910,1600,11-01-2024
2358,Nashik,Onion,100,1935,1700,08-01-2024
2359,Nashik,Onion,100,1940,1700,12-01-2024
2360,Nashik,Onion,100,1960,1600,10-01-2024
2361,Nashik,Onion,100,1960,1700,09-01-2024
2362,Nashik,Onion,100,2105,1500,03-01-2024
2363,Nashik,Onion,100,2105,1700,04-01-2024
2364,Nashik,Onion,100,2165,1900,01-01-2024
2365,Nashik,Onion,150,2351,1400,24-12-2024
2366,Nashik,Onion,170,1225,1000,21-03-2024
2367,Nashik,Onion,170,1300,1100,19-03-2024
2368,Nashik,Onion,200,1680,1250,23-12-2024
2369,Nashik,Onion,200,2040,1700,20-12-2024
2370,Nashik,Onion,200,2235,2000,02-01-2024
2371,Nashik,Onion,200,2790,2400,01-01-2025
2372,Nashik,Onion,200,4405,2550,21-11-2024
2373,Nashik,Onion,250,2340,1750,27-12-2024
2374,Nashik,Onion,300,1190,900,12-02-2024
2375,Nashik,Onion,300,1195,900,09-02-2024
2376,Nashik,Onion,300,1255,1100,15-02-2024
2377,Nashik,Onion,300,1275,1000,13-02-2024
2378,Nashik,Onion,300,1330,1050,14-02-2024
2379,Nashik,Onion,300,1550,1300,15-03-2024
2380,Nashik,Onion,300,1550,1400,14-03-2024
2381,Nashik,Onion,300,2350,1650,26-12-2024
2382,Nashik,Onion,300,2350,1750,18-12-2024
2383,Nashik,Onion,300,3000,2200,16-12-2024
2384,Nashik,Onion,300,3925,3200,12-12-2024
2385,Nashik,Onion,400,1580,1300,22-02-2024
2386,Nashik,Onion,400,1600,1400,21-02-2024
2387,Nashik,Onion,400,1665,1200,29-02-2024
2388,Nashik,Onion,400,1795,1500,01-03-2024
2389,Nashik,Onion,400,1810,1500,20-02-2024
2390,Nashik,Onion,400,2430,1900,30-12-2024
2391,Nashik,Onion,500,1375,1100,18-03-2024
2392,Nashik,Onion,500,1650,1450,12-03-2024
2393,Nashik,Onion,500,1655,1450,13-03-2024
2394,Nashik,Onion,500,1685,1400,11-03-2024
2395,Nashik,Onion,500,1780,1100,05-03-2024
2396,Nashik,Onion,500,1810,1000,06-03-2024
2397,Nashik,Onion,500,1830,1500,04-03-2024
2398,Nashik,Onion,500,1850,1600,27-02-2024
2399,Nashik,Onion,500,1885,800,28-02-2024
2400,Nashik,Onion,500,2250,1800,17-12-2024
2401,Nashik,Onion,500,3025,2400,31-12-2024
2402,Nashik,Onion,500,3895,3400,09-12-2024
2403,Nashik,Onion,500,3925,3000,13-12-2024
2404,Nashik,Onion,500,3955,3400,05-12-2024
2405,Nashik,Onion,500,3960,3400,04-12-2024
2406,Nashik,Onion,500,4105,3000,03-12-2024
2407,Nashik,Onion,500,4155,3500,10-12-2024
2408,Nashik,Onion,500,4300,3000,02-12-2024
2409,Nashik,Onion,500,4605,3000,26-11-2024
2410,Nashik,Onion,500,4860,3000,27-11-2024
2411,Nashik,Onion,100,1611,1250,03-05-2024
2412,Nashik,Onion,100,3351,3050,08-08-2024
2413,Nashik,Onion,110,1801,1350,24-05-2024
2414,Nashik,Onion,150,1531,1350,08-05-2024
2415,Nashik,Onion,150,2000,1450,27-05-2024
2416,Nashik,Onion,160,1755,1450,17-05-2024
2417,Nashik,Onion,175,1651,1350,07-05-2024
2418,Nashik,Onion,200,1515,1150,02-05-2024
2419,Nashik,Onion,200,1551,1250,29-04-2024
2420,Nashik,Onion,200,1560,1450,09-05-2024
2421,Nashik,Onion,200,1670,1450,10-05-2024
2422,Nashik,Onion,200,1689,1550,13-03-2024
2423,Nashik,Onion,200,2000,1750,28-05-2024
2424,Nashik,Onion,200,2051,1850,31-05-2024
2425,Nashik,Onion,200,2121,1850,29-05-2024
2426,Nashik,Onion,200,2150,1450,06-05-2024
2427,Nashik,Onion,200,3400,3250,09-08-2024
2428,Nashik,Onion,200,4400,3950,28-10-2024
2429,Nashik,Onion,201,2200,1950,03-06-2024
2430,Nashik,Onion,250,1700,1450,21-05-2024
2431,Nashik,Onion,250,2750,2450,10-06-2024
2432,Nashik,Onion,250,3801,2550,12-12-2024
2433,Nashik,Onion,300,1419,1350,21-03-2024
2434,Nashik,Onion,300,1461,1350,18-03-2024
2435,Nashik,Onion,300,2161,1850,30-05-2024
2436,Nashik,Onion,300,3101,2950,07-08-2024
2437,Nashik,Onion,300,3200,2750,10-07-2024
2438,Nashik,Onion,301,1466,1250,19-03-2024
2439,Nashik,Onion,350,1670,1550,14-03-2024
2440,Nashik,Onion,370,1735,1550,11-03-2024
2441,Nashik,Onion,376,1801,1450,13-05-2024
2442,Nashik,Onion,400,2460,2150,07-06-2024
2443,Nashik,Onion,400,2500,1950,05-06-2024
2444,Nashik,Onion,400,2800,2550,31-07-2024
2445,Nashik,Onion,400,2811,2650,01-08-2024
2446,Nashik,Onion,400,3952,3750,05-09-2024
2447,Nashik,Onion,400,4600,4150,04-10-2024
2448,Nashik,Onion,430,1702,1550,12-03-2024
2449,Nashik,Onion,451,2155,1950,04-06-2024
2450,Nashik,Onion,500,2575,2250,11-06-2024
2451,Nashik,Onion,500,2701,2550,02-08-2024
2452,Nashik,Onion,500,2912,2750,05-08-2024
2453,Nashik,Onion,500,3131,2650,08-07-2024
2454,Nashik,Onion,500,3211,2750,04-07-2024
2455,Nashik,Onion,500,3252,2850,02-07-2024
2456,Nashik,Onion,500,3800,3550,26-08-2024
2457,Nashik,Onion,500,3830,3450,09-09-2024
2458,Nashik,Onion,500,3891,3650,22-08-2024
2459,Nashik,Onion,500,4000,3750,10-09-2024
2460,Nashik,Onion,500,4207,3750,12-09-2024
2461,Nashik,Onion,500,4250,3750,18-10-2024
2462,Nashik,Onion,501,2600,2450,14-06-2024
2463,Nashik,Onion,520,3060,2750,11-07-2024
2464,Nashik,Onion,551,4455,4150,21-10-2024
2465,Nashik,Onion,600,4760,4350,22-10-2024
2466,Nashik,Onion,601,4200,3850,13-09-2024
2467,Nashik,Onion,661,4155,3850,14-10-2024
2468,Nashik,Onion,700,4126,3750,15-10-2024
2469,Nashik,Onion,700,4502,3850,03-09-2024
2470,Nashik,Onion,701,3220,2850,03-07-2024
2471,Nashik,Onion,711,5550,3250,12-11-2024
2472,Nashik,Onion,800,2018,1850,07-03-2024
2473,Nashik,Onion,800,3000,2750,06-08-2024
2474,Nashik,Onion,800,3902,3750,23-08-2024
2475,Nashik,Onion,800,4000,3650,28-08-2024
2476,Nashik,Onion,801,4251,3850,11-09-2024
2477,Nashik,Onion,851,4199,3850,09-10-2024
2478,Nashik,Onion,880,3300,2850,01-07-2024
2479,Nashik,Onion,880,3962,3650,16-10-2024
2480,Nashik,Onion,900,3022,2650,09-07-2024
2481,Nashik,Onion,900,4211,3850,10-10-2024
2482,Nashik,Onion,901,4185,3750,17-10-2024
2483,Nashik,Onion,950,3952,3750,27-08-2024
2484,Nashik,Onion,955,4802,4350,23-09-2024
2485,Nashik,Onion,1000,3200,2750,05-07-2024
2486,Nashik,Onion,1000,4775,4350,20-09-2024
2487,Nashik,Onion,1010,1815,1650,05-03-2024
2488,Nashik,Onion,1020,4061,3650,30-09-2024
2489,Nashik,Onion,1100,4300,3850,27-09-2024
2490,Nashik,Onion,1200,4050,3650,04-09-2024
2491,Nashik,Onion,1200,4600,4050,26-09-2024
2492,Nashik,Onion,1240,4503,4250,19-09-2024
2493,Nashik,Onion,1350,4599,4200,18-09-2024
2494,Nashik,Onion,1400,1900,1850,06-03-2024
2495,Nashik,Onion,1486,4590,4150,03-10-2024
2496,Nashik,Onion,1500,4865,4450,23-10-2024
2497,Nashik,Onion,1501,4770,4450,21-11-2024
2498,Nashik,Onion,1699,5300,4950,13-11-2024
2499,Nashik,Onion,1770,5060,4850,05-11-2024
2500,Nashik,Onion,1801,5799,5450,06-11-2024
2501,Nashik,Onion,1868,4950,4650,11-11-2024
2502,Nashik,Onion,1900,5826,5350,07-11-2024
2503,Nashik,Onion,2060,4200,3950,25-11-2024
2504,Nashik,Onion,2300,4721,4350,24-10-2024
2505,Nashik,Onion,3251,4301,3850,26-11-2024
2506,Nashik,Onion,100,1200,950,29-01-2024
2507,Nashik,Onion,100,1352,1150,23-01-2024
2508,Nashik,Onion,100,1400,1250,02-02-2024
2509,Nashik,Onion,100,1475,1201,19-01-2024
2510,Nashik,Onion,100,1646,1350,18-01-2024
2511,Nashik,Onion,100,1771,1350,01-03-2024
2512,Nashik,Onion,100,1825,1571,08-01-2024
2513,Nashik,Onion,100,1900,1600,05-01-2024
2514,Nashik,Onion,100,2030,1450,20-12-2024
2515,Nashik,Onion,100,2186,1850,02-01-2024
2516,Nashik,Onion,100,2774,1650,17-12-2024
2517,Nashik,Onion,100,3600,2650,04-12-2024
2518,Nashik,Onion,100,3799,2550,03-12-2024
2519,Nashik,Onion,100,4475,2650,02-12-2024
2520,Nashik,Onion,100,5051,3050,07-11-2024
2521,Nashik,Onion,101,1301,1150,30-01-2024
2522,Nashik,Onion,102,1230,950,08-02-2024
2523,Nashik,Onion,110,1213,950,06-02-2024
2524,Nashik,Onion,110,1311,1050,24-01-2024
2525,Nashik,Onion,125,1901,1450,23-12-2024
2526,Nashik,Onion,142,1386,1250,18-03-2024
2527,Nashik,Onion,150,1299,1150,14-02-2024
2528,Nashik,Onion,150,2125,1350,19-12-2024
2529,Nashik,Onion,151,1625,1450,17-01-2024
2530,Nashik,Onion,175,1909,1675,10-01-2024
2531,Nashik,Onion,200,1176,950,10-02-2024
2532,Nashik,Onion,200,1203,1000,12-02-2024
2533,Nashik,Onion,200,1213,1050,07-02-2024
2534,Nashik,Onion,200,1290,1150,16-02-2024
2535,Nashik,Onion,200,1302,1050,15-02-2024
2536,Nashik,Onion,200,1461,1200,01-02-2024
2537,Nashik,Onion,200,1603,1550,14-03-2024
2538,Nashik,Onion,200,1672,1450,29-02-2024
2539,Nashik,Onion,200,1752,1550,11-03-2024
2540,Nashik,Onion,200,1799,1550,28-02-2024
2541,Nashik,Onion,200,1813,1591,12-01-2024
2542,Nashik,Onion,200,1835,1515,04-01-2024
2543,Nashik,Onion,200,2151,1750,03-01-2024
2544,Nashik,Onion,200,2323,1850,26-12-2024
2545,Nashik,Onion,200,2701,1850,16-12-2024
2546,Nashik,Onion,200,2701,2150,30-12-2024
2547,Nashik,Onion,200,2725,2150,31-12-2024
2548,Nashik,Onion,200,3900,3250,06-12-2024
2549,Nashik,Onion,200,4151,2950,26-11-2024
2550,Nashik,Onion,200,4170,3350,10-12-2024
2551,Nashik,Onion,200,4310,2950,21-11-2024
2552,Nashik,Onion,201,1641,1550,13-03-2024
2553,Nashik,Onion,201,2001,1850,07-03-2024
2554,Nashik,Onion,210,2651,1850,01-01-2025
2555,Nashik,Onion,220,1371,1150,31-01-2024
2556,Nashik,Onion,250,1856,1550,20-02-2024
2557,Nashik,Onion,251,1325,1150,21-03-2024
2558,Nashik,Onion,251,1761,1550,12-03-2024
2559,Nashik,Onion,260,1871,1625,11-01-2024
2560,Nashik,Onion,290,1399,1250,19-03-2024
2561,Nashik,Onion,300,1500,1350,21-02-2024
2562,Nashik,Onion,300,1511,1350,22-02-2024
2563,Nashik,Onion,300,1776,1650,05-03-2024
2564,Nashik,Onion,300,1870,1550,04-03-2024
2565,Nashik,Onion,300,2399,1650,18-12-2024
2566,Nashik,Onion,301,4551,3850,12-11-2024
2567,Nashik,Onion,335,4641,2950,13-11-2024
2568,Nashik,Onion,350,4299,3650,06-11-2024
2569,Nashik,Onion,400,1899,1650,09-01-2024
2570,Nashik,Onion,400,1975,1750,06-03-2024
2571,Nashik,Onion,400,4000,2750,05-12-2024
2572,Nashik,Onion,450,4000,3050,25-11-2024
2573,Nashik,Onion,500,4001,2150,09-12-2024
2574,Nashik,Onion,500,4340,3450,27-11-2024
2575,Nashik,Onion,601,1212,1212,25-05-2024
2576,Nashik,Onion,652,4600,3750,11-11-2024
2577,Nashik,Onion,1300,4102,4050,05-11-2024
2578,Nashik,Onion,400,1500,1250,20-03-2024
2579,Nashik,Onion,450,1300,1100,23-03-2024
2580,Nashik,Onion,450,1500,1200,21-03-2024
2581,Nashik,Onion,450,2051,1675,10-01-2024
2582,Nashik,Onion,500,1450,1250,19-04-2024
2583,Nashik,Onion,500,1451,1300,19-03-2024
2584,Nashik,Onion,500,1500,1250,08-02-2024
2585,Nashik,Onion,500,1500,1300,22-04-2024
2586,Nashik,Onion,500,2001,1450,23-05-2024
2587,Nashik,Onion,550,1400,1275,27-04-2024
2588,Nashik,Onion,550,1450,1225,15-04-2024
2589,Nashik,Onion,550,1471,1250,22-03-2024
2590,Nashik,Onion,550,1500,1150,14-05-2024
2591,Nashik,Onion,550,1550,1100,15-05-2024
2592,Nashik,Onion,550,1550,1200,17-05-2024
2593,Nashik,Onion,550,1580,1350,25-03-2024
2594,Nashik,Onion,550,1651,1350,08-05-2024
2595,Nashik,Onion,550,1700,1400,09-05-2024
2596,Nashik,Onion,600,1450,1300,26-04-2024
2597,Nashik,Onion,600,1500,1325,13-04-2024
2598,Nashik,Onion,600,1600,1250,13-05-2024
2599,Nashik,Onion,600,1600,1250,16-05-2024
2600,Nashik,Onion,600,1700,1350,21-05-2024
2601,Nashik,Onion,600,1700,1400,07-05-2024
2602,Nashik,Onion,650,1450,1250,24-04-2024
2603,Nashik,Onion,650,1550,1350,04-04-2024
2604,Nashik,Onion,650,1671,1450,29-03-2024
2605,Nashik,Onion,650,1851,1350,22-05-2024
2606,Nashik,Onion,700,1451,1350,29-04-2024
2607,Nashik,Onion,700,1500,1300,02-05-2024
2608,Nashik,Onion,700,1500,1300,05-04-2024
2609,Nashik,Onion,700,1500,1350,25-04-2024
2610,Nashik,Onion,700,1525,1300,08-04-2024
2611,Nashik,Onion,700,1600,1300,11-05-2024
2612,Nashik,Onion,700,1650,1375,03-04-2024
2613,Nashik,Onion,700,1650,1400,26-03-2024
2614,Nashik,Onion,700,1650,1400,30-03-2024
2615,Nashik,Onion,700,1700,1300,18-05-2024
2616,Nashik,Onion,700,1850,1450,21-02-2024
2617,Nashik,Onion,700,1851,1450,24-05-2024
2618,Nashik,Onion,700,2900,2550,09-07-2024
2619,Nashik,Onion,700,3050,2600,17-07-2024
2620,Nashik,Onion,700,3100,2600,29-06-2024
2621,Nashik,Onion,750,1500,1350,06-04-2024
2622,Nashik,Onion,750,1501,1300,30-04-2024
2623,Nashik,Onion,750,1700,1400,02-04-2024
2624,Nashik,Onion,750,1751,1500,28-03-2024
2625,Nashik,Onion,750,2951,2500,06-07-2024
2626,Nashik,Onion,750,3050,2600,04-07-2024
2627,Nashik,Onion,750,3100,2675,16-07-2024
2628,Nashik,Onion,800,1651,1350,03-05-2024
2629,Nashik,Onion,800,1700,1450,27-03-2024
2630,Nashik,Onion,800,1750,1450,01-04-2024
2631,Nashik,Onion,800,2251,1550,25-05-2024
2632,Nashik,Onion,800,2300,1600,29-05-2024
2633,Nashik,Onion,800,2401,1800,04-06-2024
2634,Nashik,Onion,800,2900,2500,29-07-2024
2635,Nashik,Onion,800,2950,2600,10-07-2024
2636,Nashik,Onion,800,3000,2600,05-07-2024
2637,Nashik,Onion,800,3000,2600,26-06-2024
2638,Nashik,Onion,800,3000,2650,28-06-2024
2639,Nashik,Onion,800,3000,2700,20-07-2024
2640,Nashik,Onion,800,3130,2700,15-07-2024
2641,Nashik,Onion,800,3150,2650,03-07-2024
2642,Nashik,Onion,800,3150,2700,25-06-2024
2643,Nashik,Onion,850,2301,1650,27-05-2024
2644,Nashik,Onion,850,2811,2300,24-07-2024
2645,Nashik,Onion,850,3050,2650,13-07-2024
2646,Nashik,Onion,850,3051,2650,11-07-2024
2647,Nashik,Onion,850,3100,2700,02-07-2024
2648,Nashik,Onion,900,1900,1500,06-05-2024
2649,Nashik,Onion,900,2301,1700,03-06-2024
2650,Nashik,Onion,900,2509,1650,01-06-2024
2651,Nashik,Onion,900,2701,1950,05-06-2024
2652,Nashik,Onion,900,2900,2600,06-08-2024
2653,Nashik,Onion,900,2951,2600,30-07-2024
2654,Nashik,Onion,900,3050,2700,08-07-2024
2655,Nashik,Onion,900,3051,2725,18-07-2024
2656,Nashik,Onion,900,3100,2600,12-07-2024
2657,Nashik,Onion,900,3100,2700,27-06-2024
2658,Nashik,Onion,900,3150,2750,01-07-2024
2659,Nashik,Onion,901,2950,2650,23-07-2024
2660,Nashik,Onion,950,2850,2400,05-08-2024
2661,Nashik,Onion,950,2851,2400,27-07-2024
2662,Nashik,Onion,1000,2200,1600,04-05-2024
2663,Nashik,Onion,1000,2701,1750,30-05-2024
2664,Nashik,Onion,1000,2801,2150,12-06-2024
2665,Nashik,Onion,1000,2851,1800,31-05-2024
2666,Nashik,Onion,1000,2851,2250,13-06-2024
2667,Nashik,Onion,1000,2901,2450,01-08-2024
2668,Nashik,Onion,1000,2951,2150,11-06-2024
2669,Nashik,Onion,1000,2951,2450,26-07-2024
2670,Nashik,Onion,1000,3001,2000,06-06-2024
2671,Nashik,Onion,1000,3025,2750,19-07-2024
2672,Nashik,Onion,1000,3050,2650,07-08-2024
2673,Nashik,Onion,1001,3000,2675,22-07-2024
2674,Nashik,Onion,1050,2950,2500,02-08-2024
2675,Nashik,Onion,1050,3011,2050,07-06-2024
2676,Nashik,Onion,1100,2901,2350,14-06-2024
2677,Nashik,Onion,1100,2901,2450,03-08-2024
2678,Nashik,Onion,1100,3000,2500,25-07-2024
2679,Nashik,Onion,1100,3001,2500,17-06-2024
2680,Nashik,Onion,1100,3100,2600,31-07-2024
2681,Nashik,Onion,1100,3100,2750,24-06-2024
2682,Nashik,Onion,1100,3301,2300,08-06-2024
2683,Nashik,Onion,1100,3501,2800,21-06-2024
2684,Nashik,Onion,1200,2951,2500,15-06-2024
2685,Nashik,Onion,1200,3001,2600,22-06-2024
2686,Nashik,Onion,1200,3251,2750,08-08-2024
2687,Nashik,Onion,1200,3500,2600,10-06-2024
2688,Nashik,Onion,1400,3351,2700,19-06-2024
2689,Nashik,Onion,1500,3300,2800,09-08-2024
2690,Nashik,Onion,1800,3551,3350,10-08-2024
2691,Nashik,Onion,2100,3451,3100,17-08-2024
2692,Nashik,Onion,2100,3751,3450,12-08-2024
2693,Nashik,Onion,2200,3775,3500,13-08-2024
2694,Nashik,Onion,2250,3600,3150,14-08-2024
2695,Nashik,Onion,2300,3600,2650,20-08-2024
2696,Nashik,Onion,2300,3650,3400,31-08-2024
2697,Nashik,Onion,2350,4500,3750,02-09-2024
2698,Nashik,Onion,2400,3900,3600,28-08-2024
2699,Nashik,Onion,2500,4000,3650,27-08-2024
2700,Nashik,Onion,2500,4150,3600,10-09-2024
2701,Nashik,Onion,2600,4000,3700,07-09-2024
2702,Nashik,Onion,2600,4200,3800,12-09-2024
2703,Nashik,Onion,2700,4000,3400,21-08-2024
2704,Nashik,Onion,2700,4100,3750,11-09-2024
2705,Nashik,Onion,2700,4200,3800,05-09-2024
2706,Nashik,Onion,2800,3950,3650,26-08-2024
2707,Nashik,Onion,2800,4050,3600,09-09-2024
2708,Nashik,Onion,2800,4500,3750,04-09-2024
2709,Nashik,Onion,2900,4100,3600,22-08-2024
2710,Nashik,Onion,2900,4200,3800,06-09-2024
2711,Nashik,Onion,2900,4500,4000,13-09-2024
2712,Nashik,Onion,3000,3500,3400,30-08-2024
2713,Nashik,Onion,3000,3900,3600,24-08-2024
2714,Nashik,Onion,3000,4300,3800,30-09-2024
2715,Nashik,Onion,3000,4500,3850,23-08-2024
2716,Nashik,Onion,3000,4500,4250,21-10-2024
2717,Nashik,Onion,3000,5100,4250,03-09-2024
2718,Nashik,Onion,3100,4650,4350,19-09-2024
2719,Nashik,Onion,3100,5001,4300,16-09-2024
2720,Nashik,Onion,3200,4250,3800,04-10-2024
2721,Nashik,Onion,3200,4350,3900,01-10-2024
2722,Nashik,Onion,3200,4500,4000,28-09-2024
2723,Nashik,Onion,3200,4500,4200,19-10-2024
2724,Nashik,Onion,3200,4651,4400,27-09-2024
2725,Nashik,Onion,3200,5200,4500,14-09-2024
2726,Nashik,Onion,3300,3800,3600,29-08-2024
2727,Nashik,Onion,3300,4401,3950,02-10-2024
2728,Nashik,Onion,3300,4450,4000,09-10-2024
2729,Nashik,Onion,3300,4800,4300,18-09-2024
2730,Nashik,Onion,3300,4800,4550,25-09-2024
2731,Nashik,Onion,3300,4950,4650,20-09-2024
2732,Nashik,Onion,3300,5000,4250,01-11-2024
2733,Nashik,Onion,3400,4551,3850,11-10-2024
2734,Nashik,Onion,3400,4600,4250,17-10-2024
2735,Nashik,Onion,3500,4450,4100,16-10-2024
2736,Nashik,Onion,3500,4450,4200,03-10-2024
2737,Nashik,Onion,3500,4601,4100,10-10-2024
2738,Nashik,Onion,3500,4750,4350,05-10-2024
2739,Nashik,Onion,3500,5000,4700,23-09-2024
2740,Nashik,Onion,3500,5001,4500,29-10-2024
2741,Nashik,Onion,3600,4450,4100,12-10-2024
2742,Nashik,Onion,3600,4511,4150,18-10-2024
2743,Nashik,Onion,3600,4550,4250,15-10-2024
2744,Nashik,Onion,3600,4850,4500,24-09-2024
2745,Nashik,Onion,3600,5000,4475,24-10-2024
2746,Nashik,Onion,3600,5011,4550,30-10-2024
2747,Nashik,Onion,3800,4650,4200,14-10-2024
2748,Nashik,Onion,3800,4951,4700,21-09-2024
2749,Nashik,Onion,3800,5000,4650,26-09-2024
2750,Nashik,Onion,3800,5000,4650,28-10-2024
2751,Nashik,Onion,3800,5001,4450,22-10-2024
2752,Nashik,Onion,3800,5050,4350,07-10-2024
2753,Nashik,Onion,3850,5051,4500,23-10-2024
2754,Nashik,Onion,4000,5151,4750,25-10-2024
2755,Nashik,Onion,4000,5301,5000,23-11-2024
2756,Nashik,Onion,4100,5151,4900,02-11-2024
2757,Nashik,Onion,4100,6501,5800,08-11-2024
2758,Nashik,Onion,4200,5150,4850,26-10-2024
2759,Nashik,Onion,4500,5501,5100,22-11-2024
2760,Nashik,Onion,4500,5655,5000,15-11-2024
2761,Nashik,Onion,4500,6000,5301,14-11-2024
2762,Nashik,Onion,4500,6251,6000,09-11-2024
2763,Nashik,Onion,4600,5600,5200,19-11-2024
2764,Nashik,Onion,4700,5601,5200,16-11-2024
2765,Nashik,Onion,4800,5801,5400,21-11-2024
2766,Nashik,Onion,4800,6100,5501,13-11-2024
2767,Nashik,Onion,4900,5801,5500,18-11-2024
2768,Nashik,Onion,5000,6451,5900,11-11-2024
2769,Nashik,Onion,300,1450,1150,25-01-2024
2770,Nashik,Onion,350,1400,1150,10-02-2024
2771,Nashik,Onion,350,1400,1175,24-01-2024
2772,Nashik,Onion,350,1451,1100,29-01-2024
2773,Nashik,Onion,400,1451,1200,09-02-2024
2774,Nashik,Onion,400,1500,1100,15-02-2024
2775,Nashik,Onion,400,1520,1150,07-02-2024
2776,Nashik,Onion,400,1520,1150,17-02-2024
2777,Nashik,Onion,450,1400,1200,12-02-2024
2778,Nashik,Onion,450,1500,1150,01-02-2024
2779,Nashik,Onion,450,1500,1200,06-02-2024
2780,Nashik,Onion,450,1850,1500,19-01-2024
2781,Nashik,Onion,500,1351,1150,22-03-2024
2782,Nashik,Onion,500,1500,1250,13-02-2024
2783,Nashik,Onion,500,1550,1150,14-02-2024
2784,Nashik,Onion,500,1600,1250,05-02-2024
2785,Nashik,Onion,500,1650,1200,16-02-2024
2786,Nashik,Onion,500,1700,1200,31-01-2024
2787,Nashik,Onion,500,2000,1600,29-02-2024
2788,Nashik,Onion,500,2100,1675,17-01-2024
2789,Nashik,Onion,500,2100,1700,09-01-2024
2790,Nashik,Onion,500,2100,1700,13-01-2024
2791,Nashik,Onion,500,2100,1725,12-01-2024
2792,Nashik,Onion,510,1501,1250,20-01-2024
2793,Nashik,Onion,550,1950,1500,18-01-2024
2794,Nashik,Onion,550,2051,1701,16-01-2024
2795,Nashik,Onion,560,1450,1200,02-02-2024
2796,Nashik,Onion,600,1300,1100,21-03-2024
2797,Nashik,Onion,600,1450,1200,23-03-2024
2798,Nashik,Onion,600,1650,1450,19-03-2024
2799,Nashik,Onion,600,1800,1400,22-02-2024
2800,Nashik,Onion,600,1801,1200,30-01-2024
2801,Nashik,Onion,600,1851,1600,05-03-2024
2802,Nashik,Onion,600,1900,1500,01-03-2024
2803,Nashik,Onion,600,2001,1750,15-01-2024
2804,Nashik,Onion,600,2100,1700,20-02-2024
2805,Nashik,Onion,600,2100,1700,28-02-2024
2806,Nashik,Onion,600,2121,1800,06-01-2024
2807,Nashik,Onion,650,1501,1250,23-01-2024
2808,Nashik,Onion,650,2150,1600,23-02-2024
2809,Nashik,Onion,650,2200,1750,11-01-2024
2810,Nashik,Onion,650,2300,1750,08-01-2024
2811,Nashik,Onion,700,1950,1700,11-03-2024
2812,Nashik,Onion,700,2050,1750,27-02-2024
2813,Nashik,Onion,700,2201,1700,24-02-2024
2814,Nashik,Onion,700,2251,1800,05-01-2024
2815,Nashik,Onion,700,2601,2050,16-12-2024
2816,Nashik,Onion,750,1900,1700,04-03-2024
2817,Nashik,Onion,750,2050,1810,06-03-2024
2818,Nashik,Onion,800,2101,1850,04-01-2024
2819,Nashik,Onion,800,2150,2010,07-03-2024
2820,Nashik,Onion,800,2751,2170,17-12-2024
2821,Nashik,Onion,850,1950,1800,08-03-2024
2822,Nashik,Onion,850,2151,1600,23-12-2024
2823,Nashik,Onion,900,2451,1851,24-12-2024
2824,Nashik,Onion,900,2700,1900,28-12-2024
2825,Nashik,Onion,950,2450,1800,03-01-2024
2826,Nashik,Onion,1000,2100,1600,21-12-2024
2827,Nashik,Onion,1000,2301,1700,20-12-2024
2828,Nashik,Onion,1000,2511,1900,26-12-2024
2829,Nashik,Onion,1000,2600,1900,18-12-2024
2830,Nashik,Onion,1000,3900,3400,19-10-2024
2831,Nashik,Onion,1000,4000,3200,12-10-2024
2832,Nashik,Onion,1000,4800,4500,16-11-2024
2833,Nashik,Onion,1050,2500,1850,27-12-2024
2834,Nashik,Onion,1050,3600,3100,16-10-2024
2835,Nashik,Onion,1100,2300,1800,19-12-2024
2836,Nashik,Onion,1100,2701,2300,01-01-2025
2837,Nashik,Onion,1100,3475,2800,14-12-2024
2838,Nashik,Onion,1100,3600,2900,07-10-2024
2839,Nashik,Onion,1100,3600,3200,21-10-2024
2840,Nashik,Onion,1100,3650,3200,18-10-2024
2841,Nashik,Onion,1100,3700,3300,15-10-2024
2842,Nashik,Onion,1100,3901,3250,07-12-2024
2843,Nashik,Onion,1100,4200,3800,15-11-2024
2844,Nashik,Onion,1100,4201,3800,04-12-2024
2845,Nashik,Onion,1100,5100,4400,21-11-2024
2846,Nashik,Onion,1200,2600,1800,02-01-2024
2847,Nashik,Onion,1200,2701,1800,25-12-2024
2848,Nashik,Onion,1200,3100,2450,30-12-2024
2849,Nashik,Onion,1200,3111,2600,31-12-2024
2850,Nashik,Onion,1200,3800,3000,11-10-2024
2851,Nashik,Onion,1200,4100,3400,13-12-2024
2852,Nashik,Onion,1200,4501,3500,12-12-2024
2853,Nashik,Onion,1200,5150,4450,22-11-2024
2854,Nashik,Onion,1300,3600,3200,14-10-2024
2855,Nashik,Onion,1300,3800,3500,17-10-2024
2856,Nashik,Onion,1400,4800,4250,19-11-2024
2857,Nashik,Onion,1400,4801,3900,11-12-2024
2858,Nashik,Onion,1500,3200,2500,05-10-2024
2859,Nashik,Onion,1500,3800,3100,01-11-2024
2860,Nashik,Onion,1500,4150,3450,29-10-2024
2861,Nashik,Onion,1500,4500,3800,14-11-2024
2862,Nashik,Onion,1500,4501,4000,02-12-2024
2863,Nashik,Onion,1500,4801,3900,09-12-2024
2864,Nashik,Onion,1500,4900,4000,10-12-2024
2865,Nashik,Onion,1500,5000,4500,18-11-2024
2866,Nashik,Onion,1600,3851,3300,24-10-2024
2867,Nashik,Onion,1600,4100,3400,30-10-2024
2868,Nashik,Onion,1600,4451,3850,03-12-2024
2869,Nashik,Onion,1600,4650,4200,30-11-2024
2870,Nashik,Onion,1800,4050,3400,23-10-2024
2871,Nashik,Onion,1800,4511,3850,28-11-2024
2872,Nashik,Onion,1900,5000,4000,23-11-2024
2873,Nashik,Onion,2000,4200,3500,22-10-2024
2874,Nashik,Onion,2000,4801,4200,25-11-2024
2875,Nashik,Onion,2100,4701,4100,27-11-2024
2876,Nashik,Onion,2200,4200,3700,25-10-2024
2877,Nashik,Onion,2200,4200,3750,28-10-2024
2878,Nashik,Onion,2300,5001,4300,26-11-2024
2879,Nashik,Onion,2500,3600,3150,03-10-2024
2880,Nashik,Onion,2500,4800,4100,26-10-2024
2881,Nashik,Onion,2700,4500,4000,02-11-2024
2882,Nashik,Onion,2800,3800,3400,28-09-2024
2883,Nashik,Onion,3000,5000,4300,21-09-2024
2884,Nashik,Onion,3000,5100,4400,13-11-2024
2885,Nashik,Onion,3100,5300,4500,09-11-2024
2886,Nashik,Onion,3300,4200,3850,26-09-2024
2887,Nashik,Onion,3400,4500,4000,24-09-2024
2888,Nashik,Onion,3500,4200,3850,23-09-2024
2889,Nashik,Onion,3500,5500,5000,08-11-2024
2890,Nashik,Onion,3600,5500,4800,11-11-2024
2891,Nashik,Onion,300,1511,1375,23-03-2024
2892,Nashik,Onion,300,1548,1350,21-03-2024
2893,Nashik,Onion,300,1560,1375,20-03-2024
2894,Nashik,Onion,300,1561,1400,19-03-2024
2895,Nashik,Onion,300,1580,1350,18-03-2024
2896,Nashik,Onion,300,1605,1400,16-03-2024
2897,Nashik,Onion,300,1615,1375,22-03-2024
2898,Nashik,Onion,300,1680,1450,15-03-2024
2899,Nashik,Onion,400,1432,1380,25-03-2024
2900,Nashik,Onion,400,1592,1425,26-03-2024
2901,Nashik,Onion,400,1688,1550,28-03-2024
2902,Nashik,Onion,400,1701,1601,27-03-2024
2903,Nashik,Onion,400,1731,1500,14-03-2024
2904,Nashik,Onion,400,1931,1450,30-04-2024
2905,Nashik,Onion,400,1990,1451,29-04-2024
2906,Nashik,Onion,400,2000,1560,21-05-2024
2907,Nashik,Onion,400,2012,1550,02-05-2024
2908,Nashik,Onion,400,2025,1500,07-05-2024
2909,Nashik,Onion,400,2051,1651,16-05-2024
2910,Nashik,Onion,400,2105,1500,09-05-2024
2911,Nashik,Onion,400,2151,1450,08-05-2024
2912,Nashik,Onion,400,2196,1700,22-05-2024
2913,Nashik,Onion,400,2319,1800,23-05-2024
2914,Nashik,Onion,400,2370,1750,24-05-2024
2915,Nashik,Onion,400,2415,2000,01-06-2024
2916,Nashik,Onion,400,2421,2100,29-05-2024
2917,Nashik,Onion,451,1831,1351,22-04-2024
2918,Nashik,Onion,500,2051,1600,13-05-2024
2919,Nashik,Onion,500,2070,1550,17-05-2024
2920,Nashik,Onion,500,2100,1450,10-05-2024
2921,Nashik,Onion,500,2101,1550,18-05-2024
2922,Nashik,Onion,500,2130,1550,11-05-2024
2923,Nashik,Onion,500,2290,1800,06-05-2024
2924,Nashik,Onion,500,2310,1775,25-05-2024
2925,Nashik,Onion,500,2370,1800,27-05-2024
2926,Nashik,Onion,500,2425,1951,28-05-2024
2927,Nashik,Onion,500,2500,2200,30-05-2024
2928,Nashik,Onion,500,2600,2100,31-05-2024
2929,Nashik,Onion,600,2411,2100,03-06-2024
2930,Nashik,Onion,600,2461,2051,04-06-2024
2931,Nashik,Onion,700,2907,2500,13-06-2024
2932,Nashik,Onion,700,2916,2500,11-06-2024
2933,Nashik,Onion,700,2970,2550,08-06-2024
2934,Nashik,Onion,700,3053,2625,14-06-2024
2935,Nashik,Onion,700,3071,2700,15-06-2024
2936,Nashik,Onion,700,3300,2850,06-07-2024
2937,Nashik,Onion,700,3325,2850,28-06-2024
2938,Nashik,Onion,700,3500,3100,21-06-2024
2939,Nashik,Onion,700,3503,3050,22-06-2024
2940,Nashik,Onion,700,3560,2900,27-06-2024
2941,Nashik,Onion,700,3605,3000,26-06-2024
2942,Nashik,Onion,800,2391,2100,04-05-2024
2943,Nashik,Onion,800,2555,2225,05-06-2024
2944,Nashik,Onion,800,2714,2351,06-06-2024
2945,Nashik,Onion,800,2835,2400,12-06-2024
2946,Nashik,Onion,800,2891,2451,07-06-2024
2947,Nashik,Onion,800,3352,2950,02-07-2024
2948,Nashik,Onion,800,3402,3000,29-06-2024
2949,Nashik,Onion,800,3625,3250,25-06-2024
2950,Nashik,Onion,900,3201,2850,13-07-2024
2951,Nashik,Onion,1000,3001,2700,03-08-2024
2952,Nashik,Onion,1000,3071,2750,17-06-2024
2953,Nashik,Onion,1000,3160,2650,10-06-2024
2954,Nashik,Onion,1000,3162,2750,18-07-2024
2955,Nashik,Onion,1000,3200,2800,12-07-2024
2956,Nashik,Onion,1000,3200,2850,09-07-2024
2957,Nashik,Onion,1000,3200,2850,18-06-2024
2958,Nashik,Onion,1000,3213,2850,11-07-2024
2959,Nashik,Onion,1000,3251,2900,10-07-2024
2960,Nashik,Onion,1000,3267,2900,05-07-2024
2961,Nashik,Onion,1000,3400,3100,01-07-2024
2962,Nashik,Onion,1000,5501,4500,05-10-2024
2963,Nashik,Onion,1100,3399,2900,04-07-2024
2964,Nashik,Onion,1100,3399,2950,03-07-2024
2965,Nashik,Onion,1100,3586,3250,24-06-2024
2966,Nashik,Onion,1150,3200,2775,23-07-2024
2967,Nashik,Onion,1200,1844,1650,13-03-2024
2968,Nashik,Onion,1200,3001,2750,29-07-2024
2969,Nashik,Onion,1200,3100,2700,20-07-2024
2970,Nashik,Onion,1200,3101,2750,24-07-2024
2971,Nashik,Onion,1200,3111,2700,19-07-2024
2972,Nashik,Onion,1200,3152,2725,25-07-2024
2973,Nashik,Onion,1200,3192,2800,15-07-2024
2974,Nashik,Onion,1200,3201,2750,31-07-2024
2975,Nashik,Onion,1200,3252,2850,08-07-2024
2976,Nashik,Onion,1201,3751,3450,20-08-2024
2977,Nashik,Onion,1300,1830,1625,11-03-2024
2978,Nashik,Onion,1300,3000,2725,30-07-2024
2979,Nashik,Onion,1300,3052,2680,26-07-2024
2980,Nashik,Onion,1300,3100,2850,05-08-2024
2981,Nashik,Onion,1300,3222,2800,16-07-2024
2982,Nashik,Onion,1300,3412,3050,19-06-2024
2983,Nashik,Onion,1300,4126,3280,17-08-2024
2984,Nashik,Onion,1350,3500,3150,20-06-2024
2985,Nashik,Onion,1400,1949,1700,12-03-2024
2986,Nashik,Onion,1400,3100,2700,02-08-2024
2987,Nashik,Onion,1400,3121,2750,22-07-2024
2988,Nashik,Onion,1400,3156,2700,01-08-2024
2989,Nashik,Onion,1425,1751,1650,04-03-2024
2990,Nashik,Onion,1500,1970,1700,05-03-2024
2991,Nashik,Onion,1500,1991,1900,07-03-2024
2992,Nashik,Onion,1500,2960,2650,27-07-2024
2993,Nashik,Onion,1500,3201,2900,06-08-2024
2994,Nashik,Onion,1500,3385,3200,09-08-2024
2995,Nashik,Onion,1500,3400,3080,08-08-2024
2996,Nashik,Onion,1500,3901,3501,30-08-2024
2997,Nashik,Onion,1500,4160,3750,22-08-2024
2998,Nashik,Onion,1600,1916,1700,09-03-2024
2999,Nashik,Onion,1600,4030,3550,29-08-2024
3000,Nashik,Onion,1682,1951,1751,06-03-2024
3001,Nashik,Onion,1700,3326,3050,07-08-2024
3002,Nashik,Onion,1700,4007,3625,31-08-2024
3003,Nashik,Onion,1700,4012,3800,28-08-2024
3004,Nashik,Onion,1700,4035,3801,27-08-2024
3005,Nashik,Onion,1800,4899,4100,30-09-2024
3006,Nashik,Onion,1900,4057,3780,24-08-2024
3007,Nashik,Onion,1900,6290,5550,18-11-2024
3008,Nashik,Onion,2000,3681,3375,10-08-2024
3009,Nashik,Onion,2000,3700,3300,14-08-2024
3010,Nashik,Onion,2000,3860,3500,12-08-2024
3011,Nashik,Onion,2000,4100,3700,21-08-2024
3012,Nashik,Onion,2000,4170,3880,23-08-2024
3013,Nashik,Onion,2000,4171,3851,26-08-2024
3014,Nashik,Onion,2000,4381,3751,09-09-2024
3015,Nashik,Onion,2000,4451,3750,10-09-2024
3016,Nashik,Onion,2000,4730,4100,15-10-2024
3017,Nashik,Onion,2000,4799,3900,11-09-2024
3018,Nashik,Onion,2000,4799,4150,16-10-2024
3019,Nashik,Onion,2000,4851,3900,03-09-2024
3020,Nashik,Onion,2000,5162,4600,24-10-2024
3021,Nashik,Onion,2000,5351,4150,09-10-2024
3022,Nashik,Onion,2200,3971,3250,16-08-2024
3023,Nashik,Onion,2200,4444,3900,06-09-2024
3024,Nashik,Onion,2200,4451,3900,04-09-2024
3025,Nashik,Onion,2200,4790,3601,05-12-2024
3026,Nashik,Onion,2400,4850,4050,13-09-2024
3027,Nashik,Onion,2400,6700,5400,19-11-2024
3028,Nashik,Onion,2500,4625,4000,05-09-2024
3029,Nashik,Onion,2500,4652,4200,01-10-2024
3030,Nashik,Onion,2500,4731,4100,12-09-2024
3031,Nashik,Onion,2500,4899,4400,03-10-2024
3032,Nashik,Onion,2500,4900,4400,14-09-2024
3033,Nashik,Onion,2500,4903,4351,28-09-2024
3034,Nashik,Onion,2500,4926,4200,17-10-2024
3035,Nashik,Onion,2500,4952,4400,26-10-2024
3036,Nashik,Onion,2500,5000,4200,12-10-2024
3037,Nashik,Onion,2500,5000,4500,28-10-2024
3038,Nashik,Onion,2500,5055,4651,21-09-2024
3039,Nashik,Onion,2500,5061,4300,10-10-2024
3040,Nashik,Onion,2500,5151,4500,27-09-2024
3041,Nashik,Onion,2500,5156,4300,18-10-2024
3042,Nashik,Onion,2500,5260,4600,04-10-2024
3043,Nashik,Onion,2500,5299,4700,23-09-2024
3044,Nashik,Onion,2500,5386,4351,21-10-2024
3045,Nashik,Onion,2500,5400,4700,26-09-2024
3046,Nashik,Onion,2500,5400,4800,24-09-2024
3047,Nashik,Onion,2500,5551,4750,19-09-2024
3048,Nashik,Onion,2500,5702,4500,18-09-2024
3049,Nashik,Onion,2500,5890,4825,20-09-2024
3050,Nashik,Onion,2501,5252,4300,19-10-2024
3051,Nashik,Onion,2501,6752,6001,30-11-2024
3052,Nashik,Onion,2600,5460,4600,04-11-2024
3053,Nashik,Onion,2650,4700,4350,14-10-2024
3054,Nashik,Onion,2700,4951,4400,11-10-2024
3055,Nashik,Onion,2700,5151,4450,25-10-2024
3056,Nashik,Onion,2700,5200,3300,12-12-2024
3057,Nashik,Onion,2700,5230,4500,22-10-2024
3058,Nashik,Onion,2750,5151,4600,23-10-2024
3059,Nashik,Onion,2800,6390,5600,16-11-2024
3060,Nashik,Onion,2800,6899,5400,15-11-2024
3061,Nashik,Onion,2900,6900,5500,14-11-2024
3062,Nashik,Onion,3000,5451,4700,16-09-2024
3063,Nashik,Onion,3001,6260,5800,28-11-2024
3064,Nashik,Onion,3052,6300,4675,10-12-2024
3065,Nashik,Onion,3100,6195,5550,06-11-2024
3066,Nashik,Onion,3100,6301,5700,21-11-2024
3067,Nashik,Onion,3100,7031,5600,13-11-2024
3068,Nashik,Onion,3200,6052,5251,05-11-2024
3069,Nashik,Onion,3200,6080,5600,03-12-2024
3070,Nashik,Onion,3200,6731,5600,12-11-2024
3071,Nashik,Onion,3200,6750,5800,07-11-2024
3072,Nashik,Onion,3201,6352,4251,09-12-2024
3073,Nashik,Onion,3300,4851,4500,06-12-2024
3074,Nashik,Onion,3300,6800,5850,08-11-2024
3075,Nashik,Onion,3300,7151,5700,11-11-2024
3076,Nashik,Onion,3400,6180,5650,23-11-2024
3077,Nashik,Onion,3450,7000,5800,09-11-2024
3078,Nashik,Onion,3500,6451,5700,25-11-2024
3079,Nashik,Onion,3500,6500,5700,27-11-2024
3080,Nashik,Onion,3500,6651,6180,04-12-2024
3081,Nashik,Onion,3600,6371,5851,26-11-2024
3082,Nashik,Onion,3700,6415,5800,22-11-2024
3083,Nashik,Onion,4000,5600,4600,07-12-2024
3084,Nashik,Onion,4000,6300,5711,02-12-2024
3085,Nashik,Onion,300,1351,1150,22-03-2024
3086,Nashik,Onion,300,1390,1150,14-02-2024
3087,Nashik,Onion,300,1391,1150,13-02-2024
3088,Nashik,Onion,300,1425,1250,19-03-2024
3089,Nashik,Onion,300,1500,1100,08-02-2024
3090,Nashik,Onion,300,1500,1175,15-02-2024
3091,Nashik,Onion,300,1500,1250,31-01-2024
3092,Nashik,Onion,300,1502,1250,01-02-2024
3093,Nashik,Onion,300,1561,1100,07-02-2024
3094,Nashik,Onion,300,1571,1225,02-02-2024
3095,Nashik,Onion,300,1599,1100,10-02-2024
3096,Nashik,Onion,300,1681,1500,18-01-2024
3097,Nashik,Onion,300,1730,1500,15-03-2024
3098,Nashik,Onion,300,1801,1600,14-03-2024
3099,Nashik,Onion,300,1831,1450,19-01-2024
3100,Nashik,Onion,300,1846,1550,29-02-2024
3101,Nashik,Onion,300,1856,1600,17-01-2024
3102,Nashik,Onion,300,1935,1650,02-03-2024
3103,Nashik,Onion,300,1952,1400,22-02-2024
3104,Nashik,Onion,300,1953,1450,01-03-2024
3105,Nashik,Onion,300,1991,1700,11-03-2024
3106,Nashik,Onion,300,2025,1600,23-02-2024
3107,Nashik,Onion,300,2056,1650,15-01-2024
3108,Nashik,Onion,300,2162,1750,24-02-2024
3109,Nashik,Onion,340,1601,1050,09-02-2024
3110,Nashik,Onion,350,1426,1250,16-02-2024
3111,Nashik,Onion,350,1453,1150,24-01-2024
3112,Nashik,Onion,351,1488,1125,25-01-2024
3113,Nashik,Onion,351,1808,1350,20-01-2024
3114,Nashik,Onion,375,1457,1050,29-01-2024
3115,Nashik,Onion,400,1340,1175,21-03-2024
3116,Nashik,Onion,400,1396,1250,18-03-2024
3117,Nashik,Onion,400,1414,1200,20-03-2024
3118,Nashik,Onion,400,1430,1250,23-03-2024
3119,Nashik,Onion,400,1452,1100,30-01-2024
3120,Nashik,Onion,400,1510,1050,27-01-2024
3121,Nashik,Onion,400,1573,1300,17-02-2024
3122,Nashik,Onion,400,1640,1450,16-03-2024
3123,Nashik,Onion,400,1830,1675,04-03-2024
3124,Nashik,Onion,400,1870,1470,21-02-2024
3125,Nashik,Onion,400,1966,1725,05-03-2024
3126,Nashik,Onion,400,1999,1800,09-03-2024
3127,Nashik,Onion,400,2011,1750,12-03-2024
3128,Nashik,Onion,400,2085,1700,27-02-2024
3129,Nashik,Onion,400,2091,1725,13-01-2024
3130,Nashik,Onion,400,2101,1850,06-03-2024
3131,Nashik,Onion,400,2122,1750,12-01-2024
3132,Nashik,Onion,400,2131,1750,11-01-2024
3133,Nashik,Onion,400,2191,1800,09-01-2024
3134,Nashik,Onion,400,2200,1751,08-01-2024
3135,Nashik,Onion,400,2226,1751,06-01-2024
3136,Nashik,Onion,400,2250,1750,05-01-2024
3137,Nashik,Onion,400,2251,1950,03-01-2024
3138,Nashik,Onion,400,2256,1750,04-01-2024
3139,Nashik,Onion,401,1700,1350,23-01-2024
3140,Nashik,Onion,425,1401,1050,06-02-2024
3141,Nashik,Onion,450,1501,1150,05-02-2024
3142,Nashik,Onion,450,1551,1051,12-02-2024
3143,Nashik,Onion,500,1575,1225,03-02-2024
3144,Nashik,Onion,500,1899,1750,13-03-2024
3145,Nashik,Onion,500,2012,1911,07-03-2024
3146,Nashik,Onion,500,2021,1600,20-02-2024
3147,Nashik,Onion,500,2040,1700,28-02-2024
3148,Nashik,Onion,500,2151,1850,10-01-2024
3149,Nashik,Onion,800,3880,2650,14-12-2024
3150,Nashik,Onion,850,2027,1801,01-01-2024
3151,Nashik,Onion,850,2212,1950,02-01-2024
3152,Nashik,Onion,850,2525,1750,24-12-2024
3153,Nashik,Onion,850,2722,1800,23-12-2024
3154,Nashik,Onion,900,2590,1750,25-12-2024
3155,Nashik,Onion,900,3080,2000,18-12-2024
3156,Nashik,Onion,950,2935,1750,21-12-2024
3157,Nashik,Onion,951,3005,2300,01-01-2025
3158,Nashik,Onion,1000,2651,2050,26-12-2024
3159,Nashik,Onion,1000,3011,1900,19-12-2024
3160,Nashik,Onion,1000,4325,3250,13-12-2024
3161,Nashik,Onion,1000,4451,3500,04-12-2024
3162,Nashik,Onion,1000,4590,3700,10-12-2024
3163,Nashik,Onion,1000,4599,3600,03-12-2024
3164,Nashik,Onion,1000,4626,3650,11-12-2024
3165,Nashik,Onion,1000,4651,3700,12-12-2024
3166,Nashik,Onion,1000,4851,3800,06-12-2024
3167,Nashik,Onion,1050,3025,1900,20-12-2024
3168,Nashik,Onion,1100,2846,2200,27-12-2024
3169,Nashik,Onion,1100,3051,2100,17-12-2024
3170,Nashik,Onion,1200,3040,2550,31-12-2024
3171,Nashik,Onion,1200,4799,3700,05-12-2024
3172,Nashik,Onion,1250,2800,2201,28-12-2024
3173,Nashik,Onion,1300,4552,3800,12-11-2024
3174,Nashik,Onion,1400,4751,3700,14-11-2024
3175,Nashik,Onion,1400,4752,3850,07-12-2024
3176,Nashik,Onion,1500,2899,2400,30-12-2024
3177,Nashik,Onion,1500,3402,2400,16-12-2024
3178,Nashik,Onion,1500,4860,4051,15-11-2024
3179,Nashik,Onion,1500,5300,3800,02-12-2024
3180,Nashik,Onion,1551,4425,4000,08-11-2024
3181,Nashik,Onion,1600,4725,3500,06-11-2024
3182,Nashik,Onion,1600,4800,3850,09-12-2024
3183,Nashik,Onion,1700,4500,3500,13-11-2024
3184,Nashik,Onion,1900,5080,4000,18-11-2024
3185,Nashik,Onion,2000,4500,4000,11-11-2024
3186,Nashik,Onion,2000,5054,3800,19-11-2024
3187,Nashik,Onion,2000,5100,3900,16-11-2024
3188,Nashik,Onion,2100,5395,4000,30-11-2024
3189,Nashik,Onion,2200,4801,4100,07-11-2024
3190,Nashik,Onion,2200,5553,4100,26-11-2024
3191,Nashik,Onion,2200,5601,4200,22-11-2024
3192,Nashik,Onion,2200,5896,4100,21-11-2024
3193,Nashik,Onion,2300,5613,4250,23-11-2024
3194,Nashik,Onion,2301,5800,4300,25-11-2024
3195,Nashik,Onion,2400,5400,3900,27-11-2024
3196,Nashik,Onion,2500,5590,4100,28-11-2024
3197,Nashik,Onion,3100,4226,4000,09-11-2024
3198,Nashik,Onion,300,1500,1400,15-03-2024
3199,Nashik,Onion,400,1339,1250,21-03-2024
3200,Nashik,Onion,400,1363,1250,19-03-2024
3201,Nashik,Onion,400,1381,1225,18-03-2024
3202,Nashik,Onion,400,1400,1300,22-03-2024
3203,Nashik,Onion,400,1411,1200,16-03-2024
3204,Nashik,Onion,400,1726,1600,12-03-2024
3205,Nashik,Onion,441,1370,1270,20-03-2024
3206,Nashik,Onion,450,1600,1451,14-03-2024
3207,Nashik,Onion,500,1414,1325,23-03-2024
3208,Nashik,Onion,500,1430,1340,26-03-2024
3209,Nashik,Onion,500,1585,1450,27-03-2024
3210,Nashik,Onion,500,1625,1475,18-05-2024
3211,Nashik,Onion,500,1681,1490,22-05-2024
3212,Nashik,Onion,500,1686,1480,15-05-2024
3213,Nashik,Onion,500,1700,1450,16-05-2024
3214,Nashik,Onion,500,1701,1400,11-05-2024
3215,Nashik,Onion,500,1703,1500,09-05-2024
3216,Nashik,Onion,500,1764,1650,10-05-2024
3217,Nashik,Onion,500,1852,1700,27-05-2024
3218,Nashik,Onion,500,1900,1590,06-05-2024
3219,Nashik,Onion,500,1921,1750,28-05-2024
3220,Nashik,Onion,600,1353,1250,29-04-2024
3221,Nashik,Onion,600,1627,1470,21-05-2024
3222,Nashik,Onion,600,1660,1400,07-05-2024
3223,Nashik,Onion,600,1680,1500,14-05-2024
3224,Nashik,Onion,600,1700,1525,17-05-2024
3225,Nashik,Onion,600,1720,1560,13-03-2024
3226,Nashik,Onion,600,1800,1650,25-05-2024
3227,Nashik,Onion,600,1825,1650,09-03-2024
3228,Nashik,Onion,600,2070,1840,31-05-2024
3229,Nashik,Onion,601,1750,1525,13-05-2024
3230,Nashik,Onion,700,1421,1275,30-04-2024
3231,Nashik,Onion,700,1456,1300,02-05-2024
3232,Nashik,Onion,700,1740,1575,23-05-2024
3233,Nashik,Onion,700,1752,1580,24-05-2024
3234,Nashik,Onion,700,2010,1875,30-05-2024
3235,Nashik,Onion,700,2055,1850,29-05-2024
3236,Nashik,Onion,700,2689,2325,12-06-2024
3237,Nashik,Onion,751,1351,1250,19-04-2024
3238,Nashik,Onion,800,1411,1250,22-04-2024
3239,Nashik,Onion,800,1961,1700,04-05-2024
3240,Nashik,Onion,800,2051,1825,01-06-2024
3241,Nashik,Onion,800,2570,2225,11-06-2024
3242,Nashik,Onion,801,1704,1550,11-03-2024
3243,Nashik,Onion,900,3001,2650,18-06-2024
3244,Nashik,Onion,1000,2152,1900,03-06-2024
3245,Nashik,Onion,1000,2300,2050,04-06-2024
3246,Nashik,Onion,1000,2386,2025,05-06-2024
3247,Nashik,Onion,1000,2630,2275,10-06-2024
3248,Nashik,Onion,1000,2700,2400,07-06-2024
3249,Nashik,Onion,1000,2702,2425,08-06-2024
3250,Nashik,Onion,1000,2800,2500,14-06-2024
3251,Nashik,Onion,1000,2800,2550,15-06-2024
3252,Nashik,Onion,1000,2900,2600,17-06-2024
3253,Nashik,Onion,1000,2940,2725,23-07-2024
3254,Nashik,Onion,1000,3000,2700,18-07-2024
3255,Nashik,Onion,1000,3000,2700,26-06-2024
3256,Nashik,Onion,1000,3111,2875,19-06-2024
3257,Nashik,Onion,1200,2651,2325,13-06-2024
3258,Nashik,Onion,1200,3057,2825,01-07-2024
3259,Nashik,Onion,1200,3200,2730,19-07-2024
3260,Nashik,Onion,1200,3200,2850,10-07-2024
3261,Nashik,Onion,1300,3101,2801,04-07-2024
3262,Nashik,Onion,1300,3151,2825,25-06-2024
3263,Nashik,Onion,1301,3500,2800,06-07-2024
3264,Nashik,Onion,1400,2800,2650,03-08-2024
3265,Nashik,Onion,1400,2800,2700,02-08-2024
3266,Nashik,Onion,1430,2860,2650,31-07-2024
3267,Nashik,Onion,1500,2861,2650,29-07-2024
3268,Nashik,Onion,1500,2870,2700,25-07-2024
3269,Nashik,Onion,1500,2900,2740,24-07-2024
3270,Nashik,Onion,1500,2950,2720,22-07-2024
3271,Nashik,Onion,1500,3000,2700,16-07-2024
3272,Nashik,Onion,1500,3014,2840,29-06-2024
3273,Nashik,Onion,1500,3052,2780,03-07-2024
3274,Nashik,Onion,1500,3100,2900,02-07-2024
3275,Nashik,Onion,1500,3151,2775,15-07-2024
3276,Nashik,Onion,1500,3152,2840,08-07-2024
3277,Nashik,Onion,1500,3200,2900,21-06-2024
3278,Nashik,Onion,1500,3212,2950,24-06-2024
3279,Nashik,Onion,1500,3300,2800,12-07-2024
3280,Nashik,Onion,1500,3300,2900,20-06-2024
3281,Nashik,Onion,1500,3501,2825,13-07-2024
3282,Nashik,Onion,1590,3211,2800,22-06-2024
3283,Nashik,Onion,1600,2851,2710,26-07-2024
3284,Nashik,Onion,1600,3000,2700,30-07-2024
3285,Nashik,Onion,1600,3100,2850,05-08-2024
3286,Nashik,Onion,1601,2800,2600,01-08-2024
3287,Nashik,Onion,1601,2865,2650,27-07-2024
3288,Nashik,Onion,1601,3200,2800,11-07-2024
3289,Nashik,Onion,1601,3400,2875,09-07-2024
3290,Nashik,Onion,1651,3011,2900,06-08-2024
3291,Nashik,Onion,1700,5751,5100,23-11-2024
3292,Nashik,Onion,1800,3200,2950,07-08-2024
3293,Nashik,Onion,1800,3500,3240,17-08-2024
3294,Nashik,Onion,1900,4011,3100,08-08-2024
3295,Nashik,Onion,2000,3301,3200,09-08-2024
3296,Nashik,Onion,2000,3420,3240,16-08-2024
3297,Nashik,Onion,2000,3471,3360,10-08-2024
3298,Nashik,Onion,2000,3537,3450,12-08-2024
3299,Nashik,Onion,2000,3600,3400,20-08-2024
3300,Nashik,Onion,2000,4000,3410,31-08-2024
3301,Nashik,Onion,2000,4090,3900,04-09-2024
3302,Nashik,Onion,2000,4500,4100,03-09-2024
3303,Nashik,Onion,2000,4575,4300,05-10-2024
3304,Nashik,Onion,2000,4800,4450,04-10-2024
3305,Nashik,Onion,2300,3820,3700,28-08-2024
3306,Nashik,Onion,2300,4260,3800,01-10-2024
3307,Nashik,Onion,2300,4800,4360,26-10-2024
3308,Nashik,Onion,2300,5200,4011,27-11-2024
3309,Nashik,Onion,2400,3801,3625,22-08-2024
3310,Nashik,Onion,2400,4000,3750,10-09-2024
3311,Nashik,Onion,2400,4027,3850,05-09-2024
3312,Nashik,Onion,2400,4251,3750,30-09-2024
3313,Nashik,Onion,2400,4256,4000,12-09-2024
3314,Nashik,Onion,2400,4301,4000,15-10-2024
3315,Nashik,Onion,2400,4381,4150,09-10-2024
3316,Nashik,Onion,2400,4500,4180,18-10-2024
3317,Nashik,Onion,2400,4500,4250,03-10-2024
3318,Nashik,Onion,2400,4500,4250,11-10-2024
3319,Nashik,Onion,2411,4500,4175,17-10-2024
3320,Nashik,Onion,2500,3511,3240,14-08-2024
3321,Nashik,Onion,2500,3601,3450,30-08-2024
3322,Nashik,Onion,2500,3608,3400,29-08-2024
3323,Nashik,Onion,2500,3800,3650,21-08-2024
3324,Nashik,Onion,2500,3956,3830,06-09-2024
3325,Nashik,Onion,2500,4000,3700,09-09-2024
3326,Nashik,Onion,2500,4000,3720,27-08-2024
3327,Nashik,Onion,2500,4256,3900,11-09-2024
3328,Nashik,Onion,2500,4285,3900,28-09-2024
3329,Nashik,Onion,2500,4327,4180,10-10-2024
3330,Nashik,Onion,2500,4401,4100,16-10-2024
3331,Nashik,Onion,2500,4410,4200,19-10-2024
3332,Nashik,Onion,2500,4459,4125,14-10-2024
3333,Nashik,Onion,2500,4500,4250,27-09-2024
3334,Nashik,Onion,2500,4680,4250,21-10-2024
3335,Nashik,Onion,2500,4700,4400,26-09-2024
3336,Nashik,Onion,2500,4800,4300,22-10-2024
3337,Nashik,Onion,2500,4801,4500,25-10-2024
3338,Nashik,Onion,2500,5725,5250,13-11-2024
3339,Nashik,Onion,2501,4256,4025,13-09-2024
3340,Nashik,Onion,2551,3900,3730,26-08-2024
3341,Nashik,Onion,2600,5353,4700,16-11-2024
3342,Nashik,Onion,2601,3911,3750,24-08-2024
3343,Nashik,Onion,2625,4600,4300,12-10-2024
3344,Nashik,Onion,2675,4000,3760,23-08-2024
3345,Nashik,Onion,2700,5001,4675,23-09-2024
3346,Nashik,Onion,2700,5671,4791,18-11-2024
3347,Nashik,Onion,2800,4751,4350,18-09-2024
3348,Nashik,Onion,2800,5481,4850,19-11-2024
3349,Nashik,Onion,2800,5800,5301,22-11-2024
3350,Nashik,Onion,2880,5799,5500,25-11-2024
3351,Nashik,Onion,2900,4799,4500,19-09-2024
3352,Nashik,Onion,3000,4900,4650,23-10-2024
3353,Nashik,Onion,3000,4925,4600,24-10-2024
3354,Nashik,Onion,3000,5000,4600,20-09-2024
3355,Nashik,Onion,3000,5000,4700,24-09-2024
3356,Nashik,Onion,3000,5011,4650,21-09-2024
3357,Nashik,Onion,3000,5535,5000,14-11-2024
3358,Nashik,Onion,3100,5900,5400,26-11-2024
3359,Nashik,Onion,3201,5111,4650,16-09-2024
3360,Nashik,Onion,3401,4708,4450,14-09-2024
3361,Nashik,Onion,3500,6076,5600,06-11-2024
3362,Nashik,Onion,3501,5300,4795,15-11-2024
3363,Nashik,Onion,3650,5921,5350,12-11-2024
3364,Nashik,Onion,3701,5696,5000,05-11-2024
3365,Nashik,Onion,3701,5800,5400,11-11-2024
3366,Nashik,Onion,3800,5752,5450,09-11-2024
3367,Nashik,Onion,4000,6001,5700,07-11-2024
3368,Nashik,Onion,4000,6005,5500,08-11-2024
3369,Nashik,Onion,4800,5651,5125,21-11-2024
3370,Nashik,Onion,300,1100,830,25-01-2024
3371,Nashik,Onion,300,1302,1125,18-03-2024
3372,Nashik,Onion,350,1314,1100,24-01-2024
3373,Nashik,Onion,400,1204,1050,05-02-2024
3374,Nashik,Onion,400,1205,1000,08-02-2024
3375,Nashik,Onion,400,1230,930,27-01-2024
3376,Nashik,Onion,400,1271,1180,03-02-2024
3377,Nashik,Onion,400,1276,1030,30-01-2024
3378,Nashik,Onion,400,1300,1075,12-02-2024
3379,Nashik,Onion,400,1400,1150,16-03-2024
3380,Nashik,Onion,400,1435,1200,20-01-2024
3381,Nashik,Onion,400,1466,1350,15-03-2024
3382,Nashik,Onion,400,1475,1250,18-01-2024
3383,Nashik,Onion,400,1496,1275,19-01-2024
3384,Nashik,Onion,400,1676,1375,01-03-2024
3385,Nashik,Onion,400,1680,1475,17-01-2024
3386,Nashik,Onion,400,1800,1525,13-03-2024
3387,Nashik,Onion,450,1812,1675,02-03-2024
3388,Nashik,Onion,500,1211,1000,29-01-2024
3389,Nashik,Onion,500,1232,1050,13-02-2024
3390,Nashik,Onion,500,1250,1025,07-02-2024
3391,Nashik,Onion,500,1250,1050,10-02-2024
3392,Nashik,Onion,500,1340,1230,02-02-2024
3393,Nashik,Onion,500,1351,1150,31-01-2024
3394,Nashik,Onion,500,1360,1175,15-02-2024
3395,Nashik,Onion,500,1375,1200,01-02-2024
3396,Nashik,Onion,500,1375,1225,23-01-2024
3397,Nashik,Onion,500,1376,1130,14-02-2024
3398,Nashik,Onion,500,1536,1250,17-02-2024
3399,Nashik,Onion,500,1550,1200,22-02-2024
3400,Nashik,Onion,500,1631,1500,15-01-2024
3401,Nashik,Onion,500,1673,1450,29-02-2024
3402,Nashik,Onion,500,1712,1300,14-03-2024
3403,Nashik,Onion,500,1759,1575,11-03-2024
3404,Nashik,Onion,500,1775,1500,12-03-2024
3405,Nashik,Onion,500,1800,1500,23-02-2024
3406,Nashik,Onion,500,1801,1630,06-01-2024
3407,Nashik,Onion,500,1805,1625,04-01-2024
3408,Nashik,Onion,500,1826,1650,12-01-2024
3409,Nashik,Onion,500,1860,1720,09-03-2024
3410,Nashik,Onion,500,1872,1650,05-01-2024
3411,Nashik,Onion,500,1875,1625,28-02-2024
3412,Nashik,Onion,500,1900,1551,21-12-2024
3413,Nashik,Onion,500,1900,1600,20-02-2024
3414,Nashik,Onion,500,1951,1730,06-03-2024
3415,Nashik,Onion,500,1951,1730,10-01-2024
3416,Nashik,Onion,500,2000,1750,07-03-2024
3417,Nashik,Onion,500,2100,1825,02-01-2024
3418,Nashik,Onion,600,1452,1200,16-02-2024
3419,Nashik,Onion,600,1601,1450,21-02-2024
3420,Nashik,Onion,600,1800,1600,13-01-2024
3421,Nashik,Onion,600,1818,1675,05-03-2024
3422,Nashik,Onion,600,1825,1700,04-03-2024
3423,Nashik,Onion,600,1840,1650,08-01-2024
3424,Nashik,Onion,600,1900,1630,27-02-2024
3425,Nashik,Onion,600,1904,1600,24-02-2024
3426,Nashik,Onion,600,1999,1850,03-01-2024
3427,Nashik,Onion,600,2000,1750,09-01-2024
3428,Nashik,Onion,700,1932,1800,01-01-2024
3429,Nashik,Onion,700,2000,1600,24-12-2024
3430,Nashik,Onion,700,2156,1750,26-12-2024
3431,Nashik,Onion,721,4225,3151,25-11-2024
3432,Nashik,Onion,800,1692,1450,23-12-2024
3433,Nashik,Onion,800,2011,1650,25-12-2024
3434,Nashik,Onion,800,2067,1600,20-12-2024
3435,Nashik,Onion,800,2311,1900,27-12-2024
3436,Nashik,Onion,800,2551,2150,01-01-2025
3437,Nashik,Onion,801,4000,3126,23-11-2024
3438,Nashik,Onion,1000,2175,1500,18-12-2024
3439,Nashik,Onion,1000,2200,1450,19-12-2024
3440,Nashik,Onion,1000,2500,1950,16-12-2024
3441,Nashik,Onion,1000,2500,2150,28-12-2024
3442,Nashik,Onion,1000,2600,2050,17-12-2024
3443,Nashik,Onion,1000,2750,2300,30-12-2024
3444,Nashik,Onion,1000,3000,2400,31-12-2024
3445,Nashik,Onion,1000,3240,2800,28-11-2024
3446,Nashik,Onion,1000,3670,2725,05-12-2024
3447,Nashik,Onion,1000,3701,3350,03-12-2024
3448,Nashik,Onion,1000,4061,3001,21-11-2024
3449,Nashik,Onion,1051,4135,3150,27-11-2024
3450,Nashik,Onion,1100,3801,3300,02-12-2024
3451,Nashik,Onion,1500,2800,2350,14-12-2024
3452,Nashik,Onion,1500,3517,3101,04-12-2024
3453,Nashik,Onion,1500,3560,3100,06-12-2024
3454,Nashik,Onion,1500,3585,3050,13-12-2024
3455,Nashik,Onion,1500,3700,3275,09-12-2024
3456,Nashik,Onion,1500,3711,3300,11-12-2024
3457,Nashik,Onion,1500,4000,2750,26-11-2024
3458,Nashik,Onion,1500,4000,3300,07-12-2024
3459,Nashik,Onion,2000,3600,3200,12-12-2024
3460,Nashik,Onion,2000,3751,3250,10-12-2024
3461,Nashik,Onion,2053,3345,2665,22-11-2024
3462,Nashik,Onion,1200,2800,2000,01-08-2024
3463,Nashik,Onion,100,1650,1375,29-04-2024
3464,Nashik,Onion,100,1880,1505,08-05-2024
3465,Nashik,Onion,100,1975,1535,09-05-2024
3466,Nashik,Onion,200,1305,1015,14-02-2024
3467,Nashik,Onion,200,1770,1540,11-03-2024
3468,Nashik,Onion,200,1910,1555,02-05-2024
3469,Nashik,Onion,200,2260,1905,03-06-2024
3470,Nashik,Onion,200,2545,1880,04-01-2024
3471,Nashik,Onion,295,1800,1375,30-04-2024
3472,Nashik,Onion,300,1105,805,02-02-2024
3473,Nashik,Onion,300,1650,1400,22-04-2024
3474,Nashik,Onion,300,1885,1560,21-05-2024
3475,Nashik,Onion,300,1950,1680,22-05-2024
3476,Nashik,Onion,300,2230,1655,10-01-2024
3477,Nashik,Onion,300,2255,1855,06-05-2024
3478,Nashik,Onion,300,2300,2050,31-05-2024
3479,Nashik,Onion,305,1605,1195,01-02-2024
3480,Nashik,Onion,320,1890,1460,25-01-2024
3481,Nashik,Onion,400,1880,1300,24-01-2024
3482,Nashik,Onion,400,1945,1610,17-05-2024
3483,Nashik,Onion,400,2185,1880,30-05-2024
3484,Nashik,Onion,405,1915,1505,19-01-2024
3485,Nashik,Onion,420,2395,2040,05-06-2024
3486,Nashik,Onion,460,1695,1230,23-01-2024
3487,Nashik,Onion,475,2655,2355,12-06-2024
3488,Nashik,Onion,495,1770,1125,30-01-2024
3489,Nashik,Onion,500,1545,1310,26-03-2024
3490,Nashik,Onion,500,2080,1560,17-01-2024
3491,Nashik,Onion,500,2140,1760,27-05-2024
3492,Nashik,Onion,500,2150,1800,28-05-2024
3493,Nashik,Onion,500,2200,1525,18-01-2024
3494,Nashik,Onion,500,2300,1850,03-01-2024
3495,Nashik,Onion,500,2500,2225,06-06-2024
3496,Nashik,Onion,500,2600,2335,11-06-2024
3497,Nashik,Onion,500,2605,1975,02-01-2024
3498,Nashik,Onion,500,2655,2385,14-06-2024
3499,Nashik,Onion,500,3605,2500,16-12-2024
3500,Nashik,Onion,555,2280,1950,04-06-2024
3501,Nashik,Onion,600,1975,1615,12-01-2024
3502,Nashik,Onion,600,2580,2315,07-06-2024
3503,Nashik,Onion,650,3020,2810,27-06-2024
3504,Nashik,Onion,695,2465,1895,01-01-2024
3505,Nashik,Onion,750,2800,2730,30-07-2024
3506,Nashik,Onion,800,2900,2775,05-08-2024
3507,Nashik,Onion,800,3050,2800,11-07-2024
3508,Nashik,Onion,800,3070,2820,03-07-2024
3509,Nashik,Onion,800,4500,4050,01-10-2024
3510,Nashik,Onion,805,2950,2775,15-07-2024
3511,Nashik,Onion,820,3220,2950,24-06-2024
3512,Nashik,Onion,825,3070,2885,05-07-2024
3513,Nashik,Onion,850,3130,2900,04-07-2024
3514,Nashik,Onion,860,4860,4405,25-10-2024
3515,Nashik,Onion,875,960,890,05-02-2024
3516,Nashik,Onion,900,3265,2965,02-07-2024
3517,Nashik,Onion,900,4830,4285,14-10-2024
3518,Nashik,Onion,900,5110,4710,23-09-2024
3519,Nashik,Onion,900,5140,4000,17-12-2024
3520,Nashik,Onion,900,5200,4750,24-09-2024
3521,Nashik,Onion,905,3175,2895,28-06-2024
3522,Nashik,Onion,930,3105,2850,08-07-2024
3523,Nashik,Onion,950,3000,2795,12-07-2024
3524,Nashik,Onion,1000,2825,2680,01-08-2024
3525,Nashik,Onion,1000,2875,2735,23-07-2024
3526,Nashik,Onion,1000,2905,2795,19-07-2024
3527,Nashik,Onion,1000,2910,2785,18-07-2024
3528,Nashik,Onion,1000,2990,2765,18-06-2024
3529,Nashik,Onion,1000,3000,2750,22-07-2024
3530,Nashik,Onion,1000,3160,2905,20-06-2024
3531,Nashik,Onion,1000,3165,2905,10-07-2024
3532,Nashik,Onion,1000,3900,3675,27-08-2024
3533,Nashik,Onion,1000,4260,3880,04-09-2024
3534,Nashik,Onion,1000,4630,4150,10-10-2024
3535,Nashik,Onion,1000,4785,4370,04-10-2024
3536,Nashik,Onion,1000,4950,4440,26-09-2024
3537,Nashik,Onion,1000,5005,4225,18-10-2024
3538,Nashik,Onion,1000,5190,4700,20-09-2024
3539,Nashik,Onion,1000,5810,5415,13-11-2024
3540,Nashik,Onion,1000,5925,5280,14-11-2024
3541,Nashik,Onion,1000,6500,5860,10-12-2024
3542,Nashik,Onion,1005,3090,2895,19-06-2024
3543,Nashik,Onion,1005,3260,2960,01-07-2024
3544,Nashik,Onion,1005,4925,4180,17-10-2024
3545,Nashik,Onion,1005,4990,4465,22-10-2024
3546,Nashik,Onion,1005,6195,5690,22-11-2024
3547,Nashik,Onion,1010,3300,2995,21-06-2024
3548,Nashik,Onion,1025,6645,6100,28-11-2024
3549,Nashik,Onion,1050,5010,4365,21-10-2024
3550,Nashik,Onion,1090,2760,2440,10-06-2024
3551,Nashik,Onion,1100,4575,3975,09-10-2024
3552,Nashik,Onion,1100,5000,4385,28-10-2024
3553,Nashik,Onion,1100,5090,4505,23-10-2024
3554,Nashik,Onion,1100,5100,4425,29-10-2024
3555,Nashik,Onion,1100,5775,5215,18-11-2024
3556,Nashik,Onion,1105,4700,4350,03-10-2024
3557,Nashik,Onion,1200,3900,3720,26-08-2024
3558,Nashik,Onion,1205,4900,4280,16-10-2024
3559,Nashik,Onion,1205,5025,4515,24-10-2024
3560,Nashik,Onion,1205,6865,6200,03-12-2024
3561,Nashik,Onion,1250,3500,3100,18-12-2024
3562,Nashik,Onion,1305,6010,5465,19-11-2024
3563,Nashik,Onion,1405,6805,5735,02-12-2024
3564,Nashik,Onion,1500,4820,4350,11-10-2024
3565,Nashik,Onion,1500,5050,4405,15-10-2024
3566,Nashik,Onion,1525,4870,4375,27-09-2024
3567,Nashik,Onion,1550,6295,5705,25-11-2024
3568,Nashik,Onion,1900,4685,4250,03-09-2024
3569,Nashik,Onion,2000,6375,5460,12-11-2024
3570,Nashik,Onion,2005,6200,5550,21-11-2024
3571,Nashik,Onion,2005,6660,6250,27-11-2024
3572,Nashik,Onion,2080,6550,5855,09-12-2024
3573,Nashik,Onion,2105,6360,5570,11-11-2024
3574,Nashik,Onion,2300,6900,6005,07-11-2024
3575,Nashik,Onion,2400,6775,6015,06-12-2024
3576,Nashik,Onion,2500,6955,5565,05-12-2024
3577,Nashik,Onion,2505,6650,5850,11-12-2024
3578,Nashik,Onion,3005,6325,5875,08-11-2024
3579,Nashik,Onion,3005,6795,6150,04-12-2024
3580,Nashik,Onion,4010,4010,4010,19-12-2024
3581,Nashik,Onion,100,1250,950,30-01-2024
3582,Nashik,Onion,100,1260,950,25-01-2024
3583,Nashik,Onion,100,1350,1005,23-01-2024
3584,Nashik,Onion,100,1415,1005,06-02-2024
3585,Nashik,Onion,100,1475,1045,05-02-2024
3586,Nashik,Onion,100,1650,1420,19-01-2024
3587,Nashik,Onion,100,1695,1410,01-03-2024
3588,Nashik,Onion,100,1955,1750,07-03-2024
3589,Nashik,Onion,100,2010,1570,04-01-2024
3590,Nashik,Onion,100,3800,3050,19-11-2024
3591,Nashik,Onion,100,3850,3300,21-11-2024
3592,Nashik,Onion,110,1390,975,09-02-2024
3593,Nashik,Onion,150,1250,925,24-01-2024
3594,Nashik,Onion,150,1755,1325,21-02-2024
3595,Nashik,Onion,150,2235,1650,03-01-2024
3596,Nashik,Onion,200,1255,1060,16-02-2024
3597,Nashik,Onion,200,1320,1105,15-02-2024
3598,Nashik,Onion,200,1350,1155,02-02-2024
3599,Nashik,Onion,200,1350,1165,01-02-2024
3600,Nashik,Onion,200,1365,1005,31-01-2024
3601,Nashik,Onion,200,1395,995,12-02-2024
3602,Nashik,Onion,200,1430,1005,13-02-2024
3603,Nashik,Onion,200,1445,1150,18-03-2024
3604,Nashik,Onion,200,1490,1010,07-02-2024
3605,Nashik,Onion,200,1515,1325,15-03-2024
3606,Nashik,Onion,200,1590,1335,13-03-2024
3607,Nashik,Onion,200,1705,1495,29-02-2024
3608,Nashik,Onion,200,1725,1440,17-01-2024
3609,Nashik,Onion,200,1785,1495,04-03-2024
3610,Nashik,Onion,200,1845,1595,06-03-2024
3611,Nashik,Onion,200,1885,1560,05-03-2024
3612,Nashik,Onion,200,1885,1650,27-02-2024
3613,Nashik,Onion,200,2015,1665,12-01-2024
3614,Nashik,Onion,230,2130,1750,01-01-2024
3615,Nashik,Onion,255,1555,1305,22-02-2024
3616,Nashik,Onion,300,1375,1155,19-03-2024
3617,Nashik,Onion,300,1565,1380,14-03-2024
3618,Nashik,Onion,300,1630,1400,18-01-2024
3619,Nashik,Onion,300,1700,1575,12-03-2024
3620,Nashik,Onion,300,1755,1530,20-02-2024
3621,Nashik,Onion,300,1955,1540,10-01-2024
3622,Nashik,Onion,300,2395,1765,02-01-2024
3623,Nashik,Onion,345,4951,3400,22-11-2024
3624,Nashik,Onion,400,2695,2160,17-12-2024
3625,Nashik,Onion,400,4240,3725,10-12-2024
3626,Nashik,Onion,405,4400,3600,25-11-2024
3627,Nashik,Onion,425,2410,1840,19-12-2024
3628,Nashik,Onion,450,2175,1695,23-12-2024
3629,Nashik,Onion,450,2525,1945,18-12-2024
3630,Nashik,Onion,450,4295,3305,11-12-2024
3631,Nashik,Onion,455,2780,2210,16-12-2024
3632,Nashik,Onion,545,3995,3555,27-11-2024
3633,Nashik,Onion,550,4325,3865,03-12-2024
3634,Nashik,Onion,605,4450,3575,28-11-2024
3635,Nashik,Onion,650,4525,3460,05-12-2024
3636,Nashik,Onion,650,4800,3775,09-12-2024
3637,Nashik,Onion,750,4275,3300,06-12-2024
3638,Nashik,Onion,750,4300,3800,04-12-2024
3639,Nashik,Onion,800,4155,3565,02-12-2024
3640,Nashik,Onion,1250,1500,1400,21-03-2024
3641,Nashik,Onion,1250,1600,1400,15-04-2024
3642,Nashik,Onion,1250,1805,1500,22-04-2024
3643,Nashik,Onion,1300,1800,1500,23-04-2024
3644,Nashik,Onion,1400,2100,1750,13-05-2024
3645,Nashik,Onion,1400,2200,1800,15-05-2024
3646,Nashik,Onion,1600,2000,1850,11-05-2024
3647,Nashik,Onion,1700,2450,2100,04-05-2024
3648,Nashik,Onion,1800,2400,2100,01-06-2024
3649,Nashik,Onion,1800,2400,2100,03-06-2024
3650,Nashik,Onion,1800,2400,2100,29-05-2024
3651,Nashik,Onion,1800,2500,2150,04-06-2024
3652,Nashik,Onion,1900,2600,2300,05-06-2024
3653,Nashik,Onion,2000,2715,2350,06-06-2024
3654,Nashik,Onion,2100,2800,2500,12-06-2024
3655,Nashik,Onion,2100,3000,2650,13-06-2024
3656,Nashik,Onion,2200,2800,2500,11-06-2024
3657,Nashik,Onion,2200,3000,2750,08-06-2024
3658,Nashik,Onion,2300,3010,2700,10-06-2024
3659,Nashik,Onion,2500,3100,2800,15-06-2024
3660,Nashik,Onion,2700,2965,2815,31-07-2024
3661,Nashik,Onion,2700,3000,2800,25-07-2024
3662,Nashik,Onion,2700,3000,2800,29-07-2024
3663,Nashik,Onion,2700,3000,2820,24-07-2024
3664,Nashik,Onion,2700,3000,2825,30-07-2024
3665,Nashik,Onion,2700,3050,2800,23-07-2024
3666,Nashik,Onion,2700,3100,2800,15-07-2024
3667,Nashik,Onion,2700,3100,2900,06-07-2024
3668,Nashik,Onion,2700,3100,2925,05-08-2024
3669,Nashik,Onion,2700,3190,2850,16-07-2024
3670,Nashik,Onion,2700,3200,2900,08-07-2024
3671,Nashik,Onion,2700,3250,2900,11-07-2024
3672,Nashik,Onion,2700,3305,3050,18-06-2024
3673,Nashik,Onion,2700,3351,2950,22-06-2024
3674,Nashik,Onion,2700,3400,3000,26-06-2024
3675,Nashik,Onion,2700,3400,3000,29-06-2024
3676,Nashik,Onion,2715,3015,2810,01-08-2024
3677,Nashik,Onion,2725,3055,2850,20-07-2024
3678,Nashik,Onion,2750,3025,2800,22-07-2024
3679,Nashik,Onion,2750,3150,2850,18-07-2024
3680,Nashik,Onion,2750,3400,3050,27-06-2024
3681,Nashik,Onion,2800,3075,2900,13-07-2024
3682,Nashik,Onion,2800,3255,3000,10-07-2024
3683,Nashik,Onion,2800,3300,3050,06-08-2024
3684,Nashik,Onion,2800,3305,2950,09-07-2024
3685,Nashik,Onion,2800,3310,3100,04-07-2024
3686,Nashik,Onion,2800,3400,3000,24-06-2024
3687,Nashik,Onion,2800,3405,3100,19-06-2024
3688,Nashik,Onion,2850,3400,3100,07-08-2024
3689,Nashik,Onion,2900,3400,3100,03-07-2024
3690,Nashik,Onion,2900,3405,3100,25-06-2024
3691,Nashik,Onion,2900,3500,3200,01-07-2024
3692,Nashik,Onion,2900,3530,3100,20-06-2024
3693,Nashik,Onion,3000,3550,3300,10-08-2024
3694,Nashik,Onion,3100,3705,3275,17-08-2024
3695,Nashik,Onion,3100,3855,3450,29-08-2024
3696,Nashik,Onion,3200,3805,3450,12-08-2024
3697,Nashik,Onion,3400,4100,3650,28-08-2024
3698,Nashik,Onion,3400,4105,3750,22-08-2024
3699,Nashik,Onion,3400,4150,3700,21-08-2024
3700,Nashik,Onion,3500,4000,3800,23-08-2024
3701,Nashik,Onion,3500,4050,3700,24-08-2024
3702,Nashik,Onion,3500,4400,3800,09-09-2024
3703,Nashik,Onion,3650,4110,3700,27-08-2024
3704,Nashik,Onion,3700,4300,4000,26-08-2024
3705,Nashik,Onion,3700,4550,4000,04-09-2024
3706,Nashik,Onion,3725,4600,4000,01-10-2024
3707,Nashik,Onion,3750,4700,4100,11-09-2024
3708,Nashik,Onion,3750,5100,4100,30-09-2024
3709,Nashik,Onion,3800,4500,4000,10-09-2024
3710,Nashik,Onion,3800,5105,4200,16-10-2024
3711,Nashik,Onion,3900,5000,4100,12-09-2024
3712,Nashik,Onion,3900,5000,4500,10-10-2024
3713,Nashik,Onion,3900,5100,4300,19-10-2024
3714,Nashik,Onion,4000,5000,4255,28-09-2024
3715,Nashik,Onion,4000,5100,4200,15-10-2024
3716,Nashik,Onion,4000,5100,4355,14-10-2024
3717,Nashik,Onion,4000,5100,4455,28-10-2024
3718,Nashik,Onion,4100,5100,4550,05-10-2024
3719,Nashik,Onion,4100,5500,4600,21-10-2024
3720,Nashik,Onion,4100,6000,4600,18-09-2024
3721,Nashik,Onion,4300,5300,4600,26-10-2024
3722,Nashik,Onion,4300,5800,4600,19-09-2024
3723,Nashik,Onion,4405,5500,4925,23-10-2024
3724,Nashik,Onion,4405,5505,4815,22-10-2024
3725,Nashik,Onion,4500,5300,5000,16-09-2024
3726,Nashik,Onion,4500,6000,4800,26-09-2024
3727,Nashik,Onion,4700,6000,5000,21-09-2024
3728,Nashik,Onion,4700,6705,5505,11-11-2024
3729,Nashik,Onion,4900,6200,5700,23-11-2024
3730,Nashik,Onion,5000,5900,5455,16-11-2024
3731,Nashik,Onion,5000,6000,5365,21-11-2024
3732,Nashik,Onion,5000,6000,5600,25-11-2024
3733,Nashik,Onion,5000,6105,5600,14-11-2024
3734,Nashik,Onion,5000,6200,5600,18-11-2024
3735,Nashik,Onion,5000,6505,5500,12-11-2024
3736,Nashik,Onion,5000,6505,6000,09-11-2024
3737,Nashik,Onion,5200,6705,6000,26-11-2024
3738,Nashik,Onion,5300,6205,5900,06-11-2024
3739,Nashik,Onion,5300,7000,6505,27-11-2024
3740,Nashik,Onion,5400,6350,6250,03-12-2024
3741,Nashik,Onion,5400,6905,6500,28-11-2024
3742,Nashik,Onion,5500,6505,6205,02-12-2024
3743,Nashik,Onion,5700,7000,6005,07-11-2024
3744,Nashik,Onion,1600,2200,1900,07-05-2024
3745,Nashik,Onion,2100,2900,2660,01-01-2025
3746,Nashik,Onion,100,3333,2730,27-06-2024
3747,Nashik,Onion,200,1600,1294.23,12-04-2024
3748,Nashik,Onion,200,1670,1281.88,15-04-2024
3749,Nashik,Onion,200,2014,1355.21,16-05-2024
3750,Nashik,Onion,200,3434,3062.17,16-08-2024
3751,Nashik,Onion,201,1925,1126.33,29-04-2024
3752,Nashik,Onion,250,3075,2720,18-07-2024
3753,Nashik,Onion,251,1771,1208.84,23-04-2024
3754,Nashik,Onion,300,1500,1295.39,05-04-2024
3755,Nashik,Onion,300,1700,1272.55,18-04-2024
3756,Nashik,Onion,300,1717,1257.24,19-04-2024
3757,Nashik,Onion,300,2011,1269.7,08-05-2024
3758,Nashik,Onion,300,2361,1726.88,31-05-2024
3759,Nashik,Onion,300,2655,2200,06-06-2024
3760,Nashik,Onion,300,3051,2752,22-07-2024
3761,Nashik,Onion,300,3054,2710,15-07-2024
3762,Nashik,Onion,300,3200,2800,19-06-2024
3763,Nashik,Onion,300,3251,2795,11-07-2024
3764,Nashik,Onion,300,6000,4508.32,18-11-2024
3765,Nashik,Onion,351,1900,1323.88,15-05-2024
3766,Nashik,Onion,400,2400,1704.38,30-05-2024
3767,Nashik,Onion,400,3125,2762,16-07-2024
3768,Nashik,Onion,400,3401,2850,21-06-2024
3769,Nashik,Onion,412,4900,4026.98,03-10-2024
3770,Nashik,Onion,500,2323,1749.58,03-06-2024
3771,Nashik,Onion,500,2651,2127.58,07-06-2024
3772,Nashik,Onion,500,2700,2111.76,13-06-2024
3773,Nashik,Onion,500,2800,2085.04,11-06-2024
3774,Nashik,Onion,500,3000,2673.14,26-07-2024
3775,Nashik,Onion,500,3100,2720,19-07-2024
3776,Nashik,Onion,500,3352,2900,20-06-2024
3777,Nashik,Onion,500,3400,2750,25-06-2024
3778,Nashik,Onion,500,3400,2960,04-07-2024
3779,Nashik,Onion,500,3500,3061.11,14-08-2024
3780,Nashik,Onion,500,3500,3120.71,09-08-2024
3781,Nashik,Onion,500,3501,2800,24-06-2024
3782,Nashik,Onion,500,4701,3841.64,10-10-2024
3783,Nashik,Onion,500,4800,3956.38,18-10-2024
3784,Nashik,Onion,500,6001,5119.86,13-11-2024
3785,Nashik,Onion,500,6501,5005.74,08-11-2024
3786,Nashik,Onion,511,4500,3721.58,30-09-2024
3787,Nashik,Onion,540,3351,2910,02-07-2024
3788,Nashik,Onion,600,4501,3808.38,01-10-2024
3789,Nashik,Onion,600,6270,5175.67,22-11-2024
3790,Nashik,Onion,680,3051,2712.99,05-08-2024
3791,Nashik,Onion,700,2912,2553.65,02-08-2024
3792,Nashik,Onion,702,3212,2792.38,08-07-2024
3793,Nashik,Onion,751,3900,3603.08,21-08-2024
3794,Nashik,Onion,752,5212,3522.99,05-12-2024
3795,Nashik,Onion,800,3400,2861.74,01-07-2024
3796,Nashik,Onion,800,3814,3331.58,29-08-2024
3797,Nashik,Onion,800,4100,3596.82,26-08-2024
3798,Nashik,Onion,800,4300,3622.23,06-09-2024
3799,Nashik,Onion,855,3222,2750,26-06-2024
3800,Nashik,Onion,900,2900,2532.93,01-08-2024
3801,Nashik,Onion,900,4353,3669.74,05-09-2024
3802,Nashik,Onion,900,5000,4067.4,27-09-2024
3803,Nashik,Onion,950,3011,2656.94,29-07-2024
3804,Nashik,Onion,1000,3135,2812,09-07-2024
3805,Nashik,Onion,1000,3300,2979.15,08-08-2024
3806,Nashik,Onion,1000,3435,3043.78,07-08-2024
3807,Nashik,Onion,1000,4100,3703.74,23-08-2024
3808,Nashik,Onion,1000,4301,3788.59,11-09-2024
3809,Nashik,Onion,1000,4353,3874.33,12-09-2024
3810,Nashik,Onion,1000,4451,3796.74,04-09-2024
3811,Nashik,Onion,1000,4711,3954.01,03-09-2024
3812,Nashik,Onion,1000,4711,4026.16,18-09-2024
3813,Nashik,Onion,1000,4856,4209.44,19-09-2024
3814,Nashik,Onion,1000,6230,5105.76,25-11-2024
3815,Nashik,Onion,1002,5100,4212.43,04-10-2024
3816,Nashik,Onion,1100,2700,1772.12,13-12-2024
3817,Nashik,Onion,1101,1825,1335.49,20-12-2024
3818,Nashik,Onion,1200,2928,2677.08,30-07-2024
3819,Nashik,Onion,1200,4141,3717.12,27-08-2024
3820,Nashik,Onion,1200,4311,3717.29,10-09-2024
3821,Nashik,Onion,1212,1212,1212,31-12-2024
3822,Nashik,Onion,200,1515,1303.4,12-04-2024
3823,Nashik,Onion,200,6500,2763.6,18-11-2024
3824,Nashik,Onion,200,6601,3221.87,13-11-2024
3825,Nashik,Onion,300,1552,1285.69,15-04-2024
3826,Nashik,Onion,300,5512,2942.03,05-12-2024
3827,Nashik,Onion,300,6001,2549.66,08-11-2024
3828,Nashik,Onion,300,6500,3365.36,22-11-2024
3829,Nashik,Onion,300,6600,3452.69,25-11-2024
3830,Nashik,Onion,311,3100,2296.45,10-10-2024
3831,Nashik,Onion,400,3000,1785.76,20-12-2024
3832,Nashik,Onion,500,1352,1242.24,05-04-2024
3833,Nashik,Onion,500,3170,2200.7,31-12-2024
3834,Nashik,Onion,500,4500,2758.75,13-12-2024
3835,Nashik,Onion,600,3535,2425.26,18-10-2024
3836,Nashik,Onion,1000,3300,2304.52,03-10-2024
3837,Nashik,Onion,1525,4201,3252.42,04-10-2024
3838,Nashik,Onion,2000,3850,3344.71,01-10-2024
3839,Nashik,Onion,2000,4000,3301.74,27-09-2024
3840,Nashik,Onion,2700,2700,2700,30-09-2024
3841,Nashik,Onion,3896,3896,3896,18-09-2024
3842,Nashik,Onion,200,1375,1250,02-05-2024
3843,Nashik,Onion,300,1616,1400,15-05-2024
3844,Nashik,Onion,300,1647,1475,13-05-2024
3845,Nashik,Onion,300,1676,1500,21-05-2024
3846,Nashik,Onion,300,1700,1450,09-05-2024
3847,Nashik,Onion,300,2227,1950,31-05-2024
3848,Nashik,Onion,400,1675,1400,08-05-2024
3849,Nashik,Onion,500,1350,1250,22-04-2024
3850,Nashik,Onion,500,1380,1250,26-04-2024
3851,Nashik,Onion,500,1390,1300,24-04-2024
3852,Nashik,Onion,500,1404,1300,23-04-2024
3853,Nashik,Onion,500,1407,1300,25-04-2024
3854,Nashik,Onion,500,1665,1550,06-05-2024
3855,Nashik,Onion,500,1696,1500,07-05-2024
3856,Nashik,Onion,500,1700,1550,23-05-2024
3857,Nashik,Onion,500,1717,1550,22-05-2024
3858,Nashik,Onion,500,1720,1550,24-05-2024
3859,Nashik,Onion,500,1855,1650,27-05-2024
3860,Nashik,Onion,500,2031,1800,28-05-2024
3861,Nashik,Onion,500,2201,2050,30-05-2024
3862,Nashik,Onion,500,2240,2100,03-06-2024
3863,Nashik,Onion,500,2255,2000,29-05-2024
3864,Nashik,Onion,500,2372,2100,05-06-2024
3865,Nashik,Onion,500,2400,2100,04-06-2024
3866,Nashik,Onion,500,2488,2400,06-06-2024
3867,Nashik,Onion,500,2664,2550,07-06-2024
3868,Nashik,Onion,500,2666,2450,14-06-2024
3869,Nashik,Onion,500,2667,2450,12-06-2024
3870,Nashik,Onion,500,2721,2650,22-07-2024
3871,Nashik,Onion,500,2725,2650,23-07-2024
3872,Nashik,Onion,500,2740,2650,26-07-2024
3873,Nashik,Onion,500,2754,2700,24-07-2024
3874,Nashik,Onion,500,2757,2700,19-07-2024
3875,Nashik,Onion,500,2831,2700,16-07-2024
3876,Nashik,Onion,500,2850,2750,18-07-2024
3877,Nashik,Onion,500,2851,2750,12-07-2024
3878,Nashik,Onion,500,2875,2700,18-06-2024
3879,Nashik,Onion,500,2881,2750,09-07-2024
3880,Nashik,Onion,500,2887,2700,26-06-2024
3881,Nashik,Onion,500,2903,2775,15-07-2024
3882,Nashik,Onion,500,2934,2800,28-06-2024
3883,Nashik,Onion,500,2941,2750,10-07-2024
3884,Nashik,Onion,500,2941,2800,11-07-2024
3885,Nashik,Onion,500,2941,2800,27-06-2024
3886,Nashik,Onion,500,2951,2650,10-06-2024
3887,Nashik,Onion,500,2981,2800,25-06-2024
3888,Nashik,Onion,500,3000,2800,08-07-2024
3889,Nashik,Onion,500,3007,2850,02-07-2024
3890,Nashik,Onion,500,3011,2850,21-06-2024
3891,Nashik,Onion,500,3026,2850,05-07-2024
3892,Nashik,Onion,500,3036,2875,04-07-2024
3893,Nashik,Onion,500,3050,2800,24-06-2024
3894,Nashik,Onion,500,3050,2850,03-07-2024
3895,Nashik,Onion,500,3100,2400,11-06-2024
3896,Nashik,Onion,500,3182,3100,08-08-2024
3897,Nashik,Onion,1000,2730,2650,30-07-2024
3898,Nashik,Onion,1000,2740,2650,29-07-2024
3899,Nashik,Onion,1000,2761,2700,01-08-2024
3900,Nashik,Onion,1000,4169,3950,15-10-2024
3901,Nashik,Onion,1000,4201,4000,02-09-2024
3902,Nashik,Onion,1000,4228,4125,09-10-2024
3903,Nashik,Onion,1000,4250,4150,17-10-2024
3904,Nashik,Onion,1000,4300,4175,18-10-2024
3905,Nashik,Onion,1000,4300,4200,10-10-2024
3906,Nashik,Onion,1000,4391,4220,16-10-2024
3907,Nashik,Onion,1500,2750,2700,31-07-2024
3908,Nashik,Onion,1500,2950,2700,02-08-2024
3909,Nashik,Onion,1500,3301,3155,16-08-2024
3910,Nashik,Onion,1500,3600,3420,29-08-2024
3911,Nashik,Onion,1500,3850,3775,27-08-2024
3912,Nashik,Onion,1500,3851,3480,30-08-2024
3913,Nashik,Onion,1500,4000,3730,28-08-2024
3914,Nashik,Onion,1500,4000,3750,30-09-2024
3915,Nashik,Onion,1500,4100,3800,04-09-2024
3916,Nashik,Onion,1500,4174,3950,01-10-2024
3917,Nashik,Onion,1500,4400,4250,28-10-2024
3918,Nashik,Onion,1500,4403,4250,14-10-2024
3919,Nashik,Onion,1500,4519,4350,21-10-2024
3920,Nashik,Onion,1500,4525,4400,11-10-2024
3921,Nashik,Onion,1500,4611,4475,04-10-2024
3922,Nashik,Onion,1500,4751,4600,25-10-2024
3923,Nashik,Onion,1500,4765,4450,22-10-2024
3924,Nashik,Onion,1500,4828,4700,23-10-2024
3925,Nashik,Onion,1500,4873,4700,24-10-2024
3926,Nashik,Onion,2000,2751,2700,25-07-2024
3927,Nashik,Onion,2000,3006,2950,07-08-2024
3928,Nashik,Onion,2000,3056,2925,06-08-2024
3929,Nashik,Onion,2000,3275,3200,19-08-2024
3930,Nashik,Onion,2000,3380,2850,05-08-2024
3931,Nashik,Onion,2000,3865,3760,26-08-2024
3932,Nashik,Onion,2000,3977,3800,06-09-2024
3933,Nashik,Onion,2000,4000,3760,23-08-2024
3934,Nashik,Onion,2000,4000,3850,10-09-2024
3935,Nashik,Onion,2000,4074,3850,05-09-2024
3936,Nashik,Onion,2000,4390,4000,27-09-2024
3937,Nashik,Onion,2000,4444,3810,09-09-2024
3938,Nashik,Onion,2000,4550,4400,18-09-2024
3939,Nashik,Onion,2000,4648,4500,19-09-2024
3940,Nashik,Onion,2000,4926,4850,24-09-2024
3941,Nashik,Onion,2000,4980,4900,23-09-2024
3942,Nashik,Onion,2100,3267,3150,09-08-2024
3943,Nashik,Onion,2100,4263,4105,13-09-2024
3944,Nashik,Onion,2101,4308,4100,12-09-2024
3945,Nashik,Onion,2200,4601,4478,03-10-2024
3946,Nashik,Onion,2200,4756,4490,26-09-2024
3947,Nashik,Onion,2300,4400,3400,13-08-2024
3948,Nashik,Onion,2400,3980,3810,22-08-2024
3949,Nashik,Onion,2430,4300,4000,11-09-2024
3950,Nashik,Onion,2500,3610,3500,20-08-2024
3951,Nashik,Onion,2500,3941,3860,21-08-2024
3952,Nashik,Onion,2500,4505,4400,03-09-2024
3953,Nashik,Onion,2500,5013,4820,20-09-2024
3954,Nashik,Onion,200,1206,950,29-01-2024
3955,Nashik,Onion,200,1220,990,25-01-2024
3956,Nashik,Onion,200,1235,1050,30-01-2024
3957,Nashik,Onion,200,1302,1150,18-03-2024
3958,Nashik,Onion,200,1376,1050,24-01-2024
3959,Nashik,Onion,200,1401,1200,23-01-2024
3960,Nashik,Onion,200,1441,1300,15-03-2024
3961,Nashik,Onion,200,1503,1400,26-03-2024
3962,Nashik,Onion,200,1529,1350,17-01-2024
3963,Nashik,Onion,200,1545,1400,14-03-2024
3964,Nashik,Onion,200,1594,1475,13-03-2024
3965,Nashik,Onion,200,1630,1250,19-01-2024
3966,Nashik,Onion,200,1630,1350,18-01-2024
3967,Nashik,Onion,200,1700,1550,11-03-2024
3968,Nashik,Onion,200,1751,1500,29-02-2024
3969,Nashik,Onion,200,2045,1750,18-12-2024
3970,Nashik,Onion,200,2051,1830,20-12-2024
3971,Nashik,Onion,200,2300,1700,23-12-2024
3972,Nashik,Onion,300,1248,1100,07-02-2024
3973,Nashik,Onion,300,1255,1050,08-02-2024
3974,Nashik,Onion,300,1271,1100,15-02-2024
3975,Nashik,Onion,300,1275,1050,20-03-2024
3976,Nashik,Onion,300,1280,1125,13-02-2024
3977,Nashik,Onion,300,1285,1050,09-02-2024
3978,Nashik,Onion,300,1290,1150,16-02-2024
3979,Nashik,Onion,300,1292,1150,21-03-2024
3980,Nashik,Onion,300,1301,1100,05-02-2024
3981,Nashik,Onion,300,1303,1100,12-02-2024
3982,Nashik,Onion,300,1315,1175,19-03-2024
3983,Nashik,Onion,300,1340,1150,14-02-2024
3984,Nashik,Onion,300,1343,1200,31-01-2024
3985,Nashik,Onion,300,1450,1250,02-02-2024
3986,Nashik,Onion,300,1503,1300,01-02-2024
3987,Nashik,Onion,300,1615,1300,21-02-2024
3988,Nashik,Onion,300,1643,1400,22-02-2024
3989,Nashik,Onion,300,1655,1400,15-01-2024
3990,Nashik,Onion,300,1936,1750,20-02-2024
3991,Nashik,Onion,400,1525,1450,27-03-2024
3992,Nashik,Onion,400,1675,1400,08-05-2024
3993,Nashik,Onion,500,1610,1500,12-03-2024
3994,Nashik,Onion,500,1745,1600,04-03-2024
3995,Nashik,Onion,500,1760,1600,05-03-2024
3996,Nashik,Onion,500,1805,1650,08-01-2024
3997,Nashik,Onion,500,1820,1700,05-01-2024
3998,Nashik,Onion,500,1826,1650,06-03-2024
3999,Nashik,Onion,500,1839,1600,12-01-2024
4000,Nashik,Onion,500,1850,1700,23-02-2024
4001,Nashik,Onion,500,1886,1700,04-01-2024
4002,Nashik,Onion,500,1900,1650,11-01-2024
4003,Nashik,Onion,500,1900,1725,09-01-2024
4004,Nashik,Onion,500,1967,1750,27-02-2024
4005,Nashik,Onion,500,2029,1900,02-01-2024
4006,Nashik,Onion,500,2036,1825,03-01-2024
4007,Nashik,Onion,500,2171,1900,17-12-2024
4008,Nashik,Onion,500,2350,1900,26-12-2024
4009,Nashik,Onion,500,2401,2050,16-12-2024
4010,Nashik,Onion,500,2450,2100,27-12-2024
4011,Nashik,Onion,500,2790,2400,01-01-2025
4012,Nashik,Onion,500,2873,2450,30-12-2024
4013,Nashik,Onion,500,2935,2650,31-12-2024
4014,Nashik,Onion,500,3300,2850,13-12-2024
4015,Nashik,Onion,500,3626,3325,12-12-2024
4016,Nashik,Onion,500,3821,3100,03-12-2024
4017,Nashik,Onion,500,3851,3200,02-12-2024
4018,Nashik,Onion,500,4000,3775,04-12-2024
4019,Nashik,Onion,500,4060,3550,05-12-2024
4020,Nashik,Onion,500,4060,3550,06-12-2024
4021,Nashik,Onion,1000,5300,4550,22-11-2024
4022,Nashik,Onion,1000,5460,4350,12-11-2024
4023,Nashik,Onion,1000,5801,4750,11-11-2024
4024,Nashik,Onion,1200,3930,3675,09-12-2024
4025,Nashik,Onion,1500,4230,3900,10-12-2024
4026,Nashik,Onion,1500,4700,4000,25-11-2024
4027,Nashik,Onion,1500,5376,4525,15-11-2024
4028,Nashik,Onion,1500,5401,4550,19-11-2024
4029,Nashik,Onion,1500,5651,4525,18-11-2024
4030,Nashik,Onion,1500,5701,4600,27-11-2024
4031,Nashik,Onion,1500,5886,4976,14-11-2024
4032,Nashik,Onion,1500,5900,4700,28-11-2024
4033,Nashik,Onion,1500,5990,4941,26-11-2024
4034,Nashik,Onion,2000,5300,4475,21-11-2024
4035,Nashik,Onion,2000,5611,5200,05-11-2024
4036,Nashik,Onion,2000,6003,4900,13-11-2024
4037,Nashik,Onion,2000,6101,5800,07-11-2024
4038,Nashik,Onion,2000,6155,6000,06-11-2024
4039,Nashik,Onion,2000,6301,5950,08-11-2024
4040,Nashik,Onion,501,1470,1250,20-03-2024
4041,Nashik,Onion,501,1850,1400,01-01-2024
4042,Nashik,Onion,501,2001,1750,02-01-2024
4043,Nashik,Onion,551,1844,1550,09-01-2024
4044,Nashik,Onion,600,1450,1300,21-03-2024
4045,Nashik,Onion,600,1450,1300,22-03-2024
4046,Nashik,Onion,600,1470,1250,19-03-2024
4047,Nashik,Onion,600,1525,1375,26-03-2024
4048,Nashik,Onion,601,1600,1450,14-03-2024
4049,Nashik,Onion,651,1650,1450,28-03-2024
4050,Nashik,Onion,651,1665,1450,27-03-2024
4051,Nashik,Onion,700,1490,1300,18-03-2024
4052,Nashik,Onion,751,1826,1450,08-05-2024
4053,Nashik,Onion,801,2051,1601,07-05-2024
4054,Nashik,Onion,1000,2925,2650,29-07-2024
4055,Nashik,Onion,1000,2971,2700,05-08-2024
4056,Nashik,Onion,1000,3051,2850,15-07-2024
4057,Nashik,Onion,1000,4371,3750,16-10-2024
4058,Nashik,Onion,1000,4400,3800,17-10-2024
4059,Nashik,Onion,1000,4451,3900,18-10-2024
4060,Nashik,Onion,1000,4675,3950,21-10-2024
4061,Nashik,Onion,1100,2860,2650,01-08-2024
4062,Nashik,Onion,1100,3100,2850,06-08-2024
4063,Nashik,Onion,1500,3400,3000,09-08-2024
4064,Nashik,Onion,1500,3600,3250,12-08-2024
4065,Nashik,Onion,1500,3611,3200,20-08-2024
4066,Nashik,Onion,1500,3661,3250,29-08-2024
4067,Nashik,Onion,1500,3851,3600,22-08-2024
4068,Nashik,Onion,1500,3871,3650,28-08-2024
4069,Nashik,Onion,1500,3900,3700,23-08-2024
4070,Nashik,Onion,1500,4271,3500,30-09-2024
4071,Nashik,Onion,1500,4310,3800,09-10-2024
4072,Nashik,Onion,1500,4401,3900,03-09-2024
4073,Nashik,Onion,1500,4401,3900,04-09-2024
4074,Nashik,Onion,1500,4444,3900,18-09-2024
4075,Nashik,Onion,1500,4486,3850,10-10-2024
4076,Nashik,Onion,1500,4500,3800,15-10-2024
4077,Nashik,Onion,1500,4550,3900,14-10-2024
4078,Nashik,Onion,1500,4625,3950,27-09-2024
4079,Nashik,Onion,1500,4680,4100,11-10-2024
4080,Nashik,Onion,1500,4701,4000,01-10-2024
4081,Nashik,Onion,1500,4715,4100,25-10-2024
4082,Nashik,Onion,1500,4775,4100,23-10-2024
4083,Nashik,Onion,1500,4816,4200,24-10-2024
4084,Nashik,Onion,1500,4851,4100,04-10-2024
4085,Nashik,Onion,1500,4851,4100,26-09-2024
4086,Nashik,Onion,1500,4891,4300,22-10-2024
4087,Nashik,Onion,1500,5001,4300,03-10-2024
4088,Nashik,Onion,1500,5001,4500,24-09-2024
4089,Nashik,Onion,1500,5012,4500,23-09-2024
4090,Nashik,Onion,1500,5240,4500,04-12-2024
4091,Nashik,Onion,1500,5300,4500,19-11-2024
4092,Nashik,Onion,1500,5700,5100,13-11-2024
4093,Nashik,Onion,1500,5757,5200,12-11-2024
4094,Nashik,Onion,1500,5900,4500,21-11-2024
4095,Nashik,Onion,2000,5051,4100,03-12-2024
4096,Nashik,Onion,2000,5151,4500,11-11-2024
4097,Nashik,Onion,2000,5575,4900,08-11-2024
4098,Nashik,Onion,2000,5626,4800,18-11-2024
4099,Nashik,Onion,2000,5701,5450,14-11-2024
4100,Nashik,Onion,2000,5858,5400,06-11-2024
4101,Nashik,Onion,2000,5902,5000,05-12-2024
4102,Nashik,Onion,2000,6011,5700,25-11-2024
4103,Nashik,Onion,2000,6068,5500,27-11-2024
4104,Nashik,Onion,2000,6100,5500,28-11-2024
4105,Nashik,Onion,2000,6100,5700,07-11-2024
4106,Nashik,Onion,2000,6110,5500,26-11-2024
4107,Nashik,Onion,2000,6571,5500,22-11-2024
4108,Nashik,Onion,500,1300,1200,22-03-2024
4109,Nashik,Onion,500,1400,1250,19-03-2024
4110,Nashik,Onion,500,2612,1800,20-12-2024
4111,Nashik,Onion,501,1350,1200,21-03-2024
4112,Nashik,Onion,501,1400,1200,26-03-2024
4113,Nashik,Onion,501,1400,1250,20-03-2024
4114,Nashik,Onion,501,1417,1250,23-01-2024
4115,Nashik,Onion,551,1425,1250,27-03-2024
4116,Nashik,Onion,600,1400,1250,18-03-2024
4117,Nashik,Onion,601,1300,900,29-01-2024
4118,Nashik,Onion,601,1370,1200,24-01-2024
4119,Nashik,Onion,601,1700,1500,14-03-2024
4120,Nashik,Onion,651,1277,1150,06-02-2024
4121,Nashik,Onion,651,1300,1100,07-02-2024
4122,Nashik,Onion,651,1300,1150,08-02-2024
4123,Nashik,Onion,651,1380,1150,31-01-2024
4124,Nashik,Onion,651,1500,1250,28-03-2024
4125,Nashik,Onion,651,1645,1400,22-02-2024
4126,Nashik,Onion,651,1700,1450,18-01-2024
4127,Nashik,Onion,651,1750,1500,13-03-2024
4128,Nashik,Onion,651,1850,1550,21-02-2024
4129,Nashik,Onion,651,1851,1600,23-02-2024
4130,Nashik,Onion,700,2001,1850,07-03-2024
4131,Nashik,Onion,700,2413,1800,26-12-2024
4132,Nashik,Onion,700,3300,2300,16-12-2024
4133,Nashik,Onion,700,4071,2800,17-12-2024
4134,Nashik,Onion,701,1330,1150,13-02-2024
4135,Nashik,Onion,701,1351,1170,14-02-2024
4136,Nashik,Onion,701,1361,1100,30-01-2024
4137,Nashik,Onion,701,1700,1450,01-03-2024
4138,Nashik,Onion,701,1750,1400,17-01-2024
4139,Nashik,Onion,701,1750,1500,29-02-2024
4140,Nashik,Onion,701,1790,1680,12-03-2024
4141,Nashik,Onion,701,1800,1550,04-03-2024
4142,Nashik,Onion,701,1850,1500,27-02-2024
4143,Nashik,Onion,701,1862,1550,28-02-2024
4144,Nashik,Onion,701,1950,1750,06-03-2024
4145,Nashik,Onion,701,1975,1700,11-01-2024
4146,Nashik,Onion,701,2150,1901,01-01-2024
4147,Nashik,Onion,721,2013,1750,09-01-2024
4148,Nashik,Onion,751,1370,1150,25-01-2024
4149,Nashik,Onion,751,1400,1150,05-02-2024
4150,Nashik,Onion,751,1499,1250,01-02-2024
4151,Nashik,Onion,751,1651,1350,19-01-2024
4152,Nashik,Onion,751,1825,1500,05-03-2024
4153,Nashik,Onion,751,1900,1700,11-03-2024
4154,Nashik,Onion,751,1961,1700,12-01-2024
4155,Nashik,Onion,751,2000,1800,08-01-2024
4156,Nashik,Onion,751,2000,1800,10-01-2024
4157,Nashik,Onion,751,2067,1800,04-01-2024
4158,Nashik,Onion,751,2070,1650,05-01-2024
4159,Nashik,Onion,751,2151,1900,02-01-2024
4160,Nashik,Onion,850,2250,2000,03-01-2024
4161,Nashik,Onion,900,2890,1950,30-12-2024
4162,Nashik,Onion,900,2915,1900,01-01-2025
4163,Nashik,Onion,900,3026,2000,31-12-2024
4164,Nashik,Onion,1000,3161,2800,08-08-2024
4165,Nashik,Onion,1000,3201,2850,07-08-2024
4166,Nashik,Onion,1000,4300,3200,12-12-2024
4167,Nashik,Onion,1000,5000,4100,11-12-2024
4168,Nashik,Onion,1000,5011,4200,10-12-2024
4169,Nashik,Onion,1000,5040,4000,04-12-2024
4170,Nashik,Onion,1000,5311,4150,09-12-2024
4171,Nashik,Onion,1000,5500,4000,05-12-2024
4172,Nashik,Onion,1000,6001,4500,18-11-2024
4173,Nashik,Onion,1000,6101,4000,19-11-2024
4174,Nashik,Onion,1000,6565,4700,14-11-2024
4175,Nashik,Onion,1000,6641,4100,21-11-2024
4176,Nashik,Onion,1500,4751,4100,03-12-2024
4177,Nashik,Onion,1500,4801,4100,13-11-2024
4178,Nashik,Onion,1500,5101,4100,11-11-2024
4179,Nashik,Onion,1500,5151,4500,06-11-2024
4180,Nashik,Onion,1500,5270,4100,08-11-2024
4181,Nashik,Onion,1500,5700,4100,12-11-2024
4182,Nashik,Onion,1500,6000,4500,07-11-2024
4183,Nashik,Onion,1500,6100,4500,27-11-2024
4184,Nashik,Onion,1500,6101,5000,25-11-2024
4185,Nashik,Onion,1500,6300,5000,28-11-2024
4186,Nashik,Onion,1500,6350,4500,26-11-2024
4187,Nashik,Onion,1501,3251,2900,01-07-2024
4188,Nashik,Onion,2000,6600,5000,22-11-2024
4189,Nashik,Onion,101,1275,1250,30-04-2024
4190,Nashik,Onion,225,1770,1500,15-05-2024
4191,Nashik,Onion,251,1790,1500,09-05-2024
4192,Nashik,Onion,300,1281,1200,29-04-2024
4193,Nashik,Onion,300,1501,1260,18-03-2024
4194,Nashik,Onion,300,1782,1500,08-05-2024
4195,Nashik,Onion,300,1791,1551,16-05-2024
4196,Nashik,Onion,300,1849,1550,11-05-2024
4197,Nashik,Onion,300,2000,1700,06-05-2024
4198,Nashik,Onion,311,1481,1426,27-03-2024
4199,Nashik,Onion,350,1791,1540,18-05-2024
4200,Nashik,Onion,360,1699,1450,17-05-2024
4201,Nashik,Onion,361,1841,1552,13-05-2024
4202,Nashik,Onion,375,1414,1325,20-04-2024
4203,Nashik,Onion,400,1470,1300,22-04-2024
4204,Nashik,Onion,487,1901,1550,27-05-2024
4205,Nashik,Onion,500,1381,1250,20-03-2024
4206,Nashik,Onion,500,1401,1250,21-03-2024
4207,Nashik,Onion,500,1414,1300,22-03-2024
4208,Nashik,Onion,500,1451,1350,23-03-2024
4209,Nashik,Onion,500,1821,1500,22-05-2024
4210,Nashik,Onion,500,1896,1500,24-05-2024
4211,Nashik,Onion,500,1950,1550,25-05-2024
4212,Nashik,Onion,500,2000,1550,23-05-2024
4213,Nashik,Onion,500,2015,1700,04-05-2024
4214,Nashik,Onion,500,2570,2250,12-06-2024
4215,Nashik,Onion,500,5400,4600,22-11-2024
4216,Nashik,Onion,500,5561,3900,23-11-2024
4217,Nashik,Onion,550,3351,3100,17-08-2024
4218,Nashik,Onion,600,2915,2600,26-06-2024
4219,Nashik,Onion,700,2049,1750,01-06-2024
4220,Nashik,Onion,700,2101,1650,29-05-2024
4221,Nashik,Onion,700,2770,2650,19-07-2024
4222,Nashik,Onion,700,2836,2650,13-07-2024
4223,Nashik,Onion,700,2871,2650,12-07-2024
4224,Nashik,Onion,700,3851,3600,26-08-2024
4225,Nashik,Onion,700,4181,3600,09-10-2024
4226,Nashik,Onion,701,2837,2675,05-08-2024
4227,Nashik,Onion,750,2080,1750,31-05-2024
4228,Nashik,Onion,750,2739,2600,22-07-2024
4229,Nashik,Onion,800,2095,1700,30-05-2024
4230,Nashik,Onion,800,2118,1800,03-06-2024
4231,Nashik,Onion,800,2500,2250,07-06-2024
4232,Nashik,Onion,800,2728,2600,03-08-2024
4233,Nashik,Onion,800,2769,2600,24-07-2024
4234,Nashik,Onion,800,2975,2700,29-06-2024
4235,Nashik,Onion,800,3000,2650,22-06-2024
4236,Nashik,Onion,800,3400,3150,14-08-2024
4237,Nashik,Onion,800,3570,3250,30-08-2024
4238,Nashik,Onion,800,3740,3500,29-08-2024
4239,Nashik,Onion,800,3850,3550,24-08-2024
4240,Nashik,Onion,800,4220,3500,30-09-2024
4241,Nashik,Onion,801,2766,2600,20-07-2024
4242,Nashik,Onion,850,2841,2650,15-07-2024
4243,Nashik,Onion,850,4041,3500,09-09-2024
4244,Nashik,Onion,900,2300,1900,05-06-2024
4245,Nashik,Onion,900,2622,2350,13-06-2024
4246,Nashik,Onion,900,2697,2550,01-08-2024
4247,Nashik,Onion,900,2706,2550,29-07-2024
4248,Nashik,Onion,900,3341,3100,16-08-2024
4249,Nashik,Onion,900,3666,3400,31-08-2024
4250,Nashik,Onion,1000,2637,2400,08-06-2024
4251,Nashik,Onion,1000,2712,2550,26-07-2024
4252,Nashik,Onion,1000,2764,2600,18-07-2024
4253,Nashik,Onion,1000,2870,2650,11-07-2024
4254,Nashik,Onion,1000,2931,2700,08-07-2024
4255,Nashik,Onion,1000,2950,2700,06-07-2024
4256,Nashik,Onion,1000,3025,2750,05-07-2024
4257,Nashik,Onion,1000,3111,2700,21-06-2024
4258,Nashik,Onion,1000,3148,2950,07-08-2024
4259,Nashik,Onion,1000,3161,2800,20-06-2024
4260,Nashik,Onion,1000,3251,3100,08-08-2024
4261,Nashik,Onion,1000,4048,3650,04-09-2024
4262,Nashik,Onion,1000,4421,3800,14-10-2024
4263,Nashik,Onion,1001,4490,3700,17-10-2024
4264,Nashik,Onion,1051,4851,4250,26-09-2024
4265,Nashik,Onion,1100,2400,2100,06-06-2024
4266,Nashik,Onion,1100,2691,2350,10-06-2024
4267,Nashik,Onion,1100,2700,2550,02-08-2024
4268,Nashik,Onion,1100,2710,2550,27-07-2024
4269,Nashik,Onion,1100,2800,2450,14-06-2024
4270,Nashik,Onion,1100,3900,3700,22-08-2024
4271,Nashik,Onion,1100,3971,3600,06-09-2024
4272,Nashik,Onion,1100,4772,4200,25-10-2024
4273,Nashik,Onion,1125,2760,2600,25-07-2024
4274,Nashik,Onion,1150,4376,3850,12-09-2024
4275,Nashik,Onion,1200,2951,2650,28-06-2024
4276,Nashik,Onion,1200,3830,3500,21-08-2024
4277,Nashik,Onion,1200,3846,3600,28-08-2024
4278,Nashik,Onion,1225,5700,4700,21-11-2024
4279,Nashik,Onion,1250,4672,4150,19-09-2024
4280,Nashik,Onion,1276,4739,4150,27-09-2024
4281,Nashik,Onion,1300,2865,2550,27-06-2024
4282,Nashik,Onion,1300,2875,2700,10-07-2024
4283,Nashik,Onion,1300,2950,2700,04-07-2024
4284,Nashik,Onion,1300,3051,2750,03-07-2024
4285,Nashik,Onion,1300,3051,2750,24-06-2024
4286,Nashik,Onion,1300,3075,2700,19-06-2024
4287,Nashik,Onion,1300,3886,3650,23-08-2024
4288,Nashik,Onion,1300,4501,4001,21-10-2024
4289,Nashik,Onion,1326,4491,3701,28-09-2024
4290,Nashik,Onion,1400,2740,2550,31-07-2024
4291,Nashik,Onion,1400,3450,3275,10-08-2024
4292,Nashik,Onion,1400,4326,3700,16-10-2024
4293,Nashik,Onion,1400,4371,3900,13-09-2024
4294,Nashik,Onion,1401,4680,4300,04-10-2024
4295,Nashik,Onion,1412,4450,3800,03-10-2024
4296,Nashik,Onion,1500,3020,2750,01-07-2024
4297,Nashik,Onion,1500,3515,3350,12-08-2024
4298,Nashik,Onion,1500,4290,3800,10-10-2024
4299,Nashik,Onion,1500,4401,3800,11-09-2024
4300,Nashik,Onion,1500,4535,3850,19-10-2024
4301,Nashik,Onion,1500,4700,4200,24-10-2024
4302,Nashik,Onion,1500,4701,4300,18-09-2024
4303,Nashik,Onion,1500,4999,4451,23-09-2024
4304,Nashik,Onion,1500,5790,4800,16-11-2024
4305,Nashik,Onion,1500,5891,4900,18-11-2024
4306,Nashik,Onion,1501,4389,3900,11-10-2024
4307,Nashik,Onion,1501,4526,4100,05-10-2024
4308,Nashik,Onion,1501,5000,4400,14-09-2024
4309,Nashik,Onion,1625,5101,4400,20-09-2024
4310,Nashik,Onion,1675,6101,5000,09-11-2024
4311,Nashik,Onion,1700,4580,3900,18-10-2024
4312,Nashik,Onion,1700,6000,4800,13-11-2024
4313,Nashik,Onion,1700,6100,4900,14-11-2024
4314,Nashik,Onion,1800,4199,3750,05-09-2024
4315,Nashik,Onion,1800,4851,4100,26-10-2024
4316,Nashik,Onion,1900,4981,4500,21-09-2024
4317,Nashik,Onion,1900,5000,4600,23-10-2024
4318,Nashik,Onion,1900,5801,4600,27-11-2024
4319,Nashik,Onion,2000,5851,4700,11-11-2024
4320,Nashik,Onion,2001,5776,4700,25-11-2024
4321,Nashik,Onion,2200,6251,5600,08-11-2024
4322,Nashik,Onion,2500,6391,5700,07-11-2024
4323,Nashik,Onion,2850,6026,5050,15-11-2024
4324,Nashik,Onion,200,1219,900,25-01-2024
4325,Nashik,Onion,200,1241,1000,27-01-2024
4326,Nashik,Onion,200,1320,1000,24-01-2024
4327,Nashik,Onion,200,1586,1400,17-01-2024
4328,Nashik,Onion,300,1361,1150,03-02-2024
4329,Nashik,Onion,300,1376,1200,02-02-2024
4330,Nashik,Onion,300,1490,1270,18-03-2024
4331,Nashik,Onion,300,1590,1451,15-03-2024
4332,Nashik,Onion,300,2074,1450,20-12-2024
4333,Nashik,Onion,300,2190,1400,19-12-2024
4334,Nashik,Onion,300,2526,1850,27-12-2024
4335,Nashik,Onion,300,2651,2050,28-12-2024
4336,Nashik,Onion,301,2169,1350,23-12-2024
4337,Nashik,Onion,350,1188,1025,29-01-2024
4338,Nashik,Onion,350,1343,1100,05-02-2024
4339,Nashik,Onion,350,1401,1250,31-01-2024
4340,Nashik,Onion,350,1425,1300,19-01-2024
4341,Nashik,Onion,351,1540,1350,16-03-2024
4342,Nashik,Onion,400,1290,1150,21-03-2024
4343,Nashik,Onion,400,1326,1000,07-02-2024
4344,Nashik,Onion,400,1345,1150,16-02-2024
4345,Nashik,Onion,400,1351,1050,20-03-2024
4346,Nashik,Onion,400,1597,1350,18-01-2024
4347,Nashik,Onion,400,1850,1650,12-01-2024
4348,Nashik,Onion,400,2001,1850,06-03-2024
4349,Nashik,Onion,400,2390,1500,21-12-2024
4350,Nashik,Onion,400,2400,1500,18-12-2024
4351,Nashik,Onion,400,2430,1750,26-12-2024
4352,Nashik,Onion,400,4026,3250,06-12-2024
4353,Nashik,Onion,450,1270,1100,10-02-2024
4354,Nashik,Onion,450,1277,1100,12-02-2024
4355,Nashik,Onion,450,1280,1050,09-02-2024
4356,Nashik,Onion,450,1301,1050,08-02-2024
4357,Nashik,Onion,450,1501,1375,01-02-2024
4358,Nashik,Onion,450,1877,1700,11-01-2024
4359,Nashik,Onion,500,1359,1250,14-02-2024
4360,Nashik,Onion,500,1422,1225,20-01-2024
4361,Nashik,Onion,500,1431,1250,22-03-2024
4362,Nashik,Onion,500,1460,1300,23-03-2024
4363,Nashik,Onion,500,1676,1500,14-03-2024
4364,Nashik,Onion,500,1726,1570,13-03-2024
4365,Nashik,Onion,500,1762,1550,29-02-2024
4366,Nashik,Onion,500,1781,1600,13-01-2024
4367,Nashik,Onion,500,1827,1600,02-03-2024
4368,Nashik,Onion,500,1839,1650,05-01-2024
4369,Nashik,Onion,500,1950,1800,10-01-2024
4370,Nashik,Onion,500,1999,1800,01-01-2024
4371,Nashik,Onion,500,2789,2150,01-01-2025
4372,Nashik,Onion,500,2799,1950,16-12-2024
4373,Nashik,Onion,500,2870,2200,30-12-2024
4374,Nashik,Onion,500,3531,2800,13-12-2024
4375,Nashik,Onion,500,3901,3000,12-12-2024
4376,Nashik,Onion,500,3941,2900,05-12-2024
4377,Nashik,Onion,500,3976,3000,25-11-2024
4378,Nashik,Onion,500,4000,2800,22-11-2024
4379,Nashik,Onion,500,4050,2300,18-11-2024
4380,Nashik,Onion,500,4050,2900,23-11-2024
4381,Nashik,Onion,500,4085,3250,09-12-2024
4382,Nashik,Onion,500,4101,3200,07-12-2024
4383,Nashik,Onion,550,1811,1650,11-03-2024
4384,Nashik,Onion,600,1388,1250,17-02-2024
4385,Nashik,Onion,600,1600,1400,21-02-2024
4386,Nashik,Onion,600,1654,1400,22-02-2024
4387,Nashik,Onion,600,1799,1650,04-03-2024
4388,Nashik,Onion,600,1800,1600,01-03-2024
4389,Nashik,Onion,600,1801,1600,04-01-2024
4390,Nashik,Onion,600,1825,1700,06-01-2024
4391,Nashik,Onion,600,1850,1650,28-02-2024
4392,Nashik,Onion,600,1973,1800,03-01-2024
4393,Nashik,Onion,600,3852,2500,21-11-2024
4394,Nashik,Onion,600,3882,2900,02-12-2024
4395,Nashik,Onion,600,4051,3300,04-12-2024
4396,Nashik,Onion,650,1880,1725,08-01-2024
4397,Nashik,Onion,700,1855,1650,23-02-2024
4398,Nashik,Onion,700,1889,1700,24-02-2024
4399,Nashik,Onion,700,2036,1875,07-03-2024
4400,Nashik,Onion,700,4026,3250,30-11-2024
4401,Nashik,Onion,700,4276,3400,11-12-2024
4402,Nashik,Onion,800,1938,1750,09-03-2024
4403,Nashik,Onion,811,4391,3300,27-11-2024
4404,Nashik,Onion,900,4376,3600,28-11-2024
