Sl no.,District Name,Commodity,Min Price (Rs./Quintal),Max Price (Rs./Quintal),Modal Price (Rs./Quintal),Price Date
1,Ahmednagar,Onion,150,1500,900,18-03-2024
2,Ahmednagar,Onion,150,1500,900,21-03-2024
3,Ahmednagar,Onion,150,1600,1050,08-04-2024
4,Ahmednagar,Onion,150,1600,1050,23-03-2024
5,Ahmednagar,Onion,150,1600,1100,06-04-2024
6,Ahmednagar,Onion,150,1650,1250,09-05-2024
7,Ahmednagar,Onion,150,1700,1250,04-04-2024
8,Ahmednagar,Onion,150,1700,1300,11-05-2024
9,Ahmednagar,Onion,150,1800,1350,16-05-2024
10,Ahmednagar,Onion,150,1800,1450,14-03-2024
11,Ahmednagar,Onion,150,1800,1450,25-03-2024
12,Ahmednagar,Onion,200,1550,1200,25-04-2024
13,Ahmednagar,Onion,200,1600,1150,15-04-2024
14,Ahmednagar,Onion,200,1600,1300,16-03-2024
15,Ahmednagar,Onion,200,1650,1150,29-04-2024
16,Ahmednagar,Onion,200,2100,1650,06-05-2024
17,Ahmednagar,Onion,200,2100,1650,23-05-2024
18,Ahmednagar,Onion,200,2100,1650,25-05-2024
19,Ahmednagar,Onion,200,2200,1700,27-05-2024
20,Ahmednagar,Onion,200,2500,1850,03-06-2024
21,Ahmednagar,Onion,300,2300,1650,04-05-2024
22,Ahmednagar,Onion,300,2600,1950,01-06-2024
23,Ahmednagar,Onion,300,2700,2200,06-06-2024
24,Ahmednagar,Onion,300,3100,2300,17-06-2024
25,Ahmednagar,Onion,400,3100,2400,10-06-2024
26,Ahmednagar,Onion,400,3800,2750,14-12-2024
27,Ahmednagar,Onion,500,3100,2450,22-06-2024
28,Ahmednagar,Onion,500,3150,2050,29-06-2024
29,Ahmednagar,Onion,600,2800,2200,01-08-2024
30,Ahmednagar,Onion,600,2900,2250,05-08-2024
31,Ahmednagar,Onion,600,3000,2300,20-07-2024
32,Ahmednagar,Onion,600,3050,2450,25-07-2024
33,Ahmednagar,Onion,600,3100,2400,27-06-2024
34,Ahmednagar,Onion,600,3100,2550,08-08-2024
35,Ahmednagar,Onion,700,2900,2300,03-08-2024
36,Ahmednagar,Onion,700,2900,2350,29-07-2024
37,Ahmednagar,Onion,700,3000,2450,06-07-2024
38,Ahmednagar,Onion,700,3000,2450,11-07-2024
39,Ahmednagar,Onion,700,3000,2450,13-07-2024
40,Ahmednagar,Onion,700,3100,2550,08-07-2024
41,Ahmednagar,Onion,700,3250,2600,04-07-2024
42,Ahmednagar,Onion,800,3500,3000,19-08-2024
43,Ahmednagar,Onion,800,4500,3400,10-10-2024
44,Ahmednagar,Onion,1000,3500,2750,10-08-2024
45,Ahmednagar,Onion,1000,3500,2850,12-08-2024
46,Ahmednagar,Onion,1000,3500,2900,17-08-2024
47,Ahmednagar,Onion,1000,4100,3300,30-09-2024
48,Ahmednagar,Onion,1000,4200,3400,28-09-2024
49,Ahmednagar,Onion,1000,4500,3400,12-10-2024
50,Ahmednagar,Onion,1000,4500,3400,14-10-2024
51,Ahmednagar,Onion,1000,4500,3650,03-10-2024
52,Ahmednagar,Onion,1000,4600,3800,26-09-2024
53,Ahmednagar,Onion,1000,4700,3600,05-10-2024
54,Ahmednagar,Onion,1000,4800,3900,23-09-2024
55,Ahmednagar,Onion,1200,4300,3650,12-09-2024
56,Ahmednagar,Onion,1400,3800,3200,31-08-2024
57,Ahmednagar,Onion,1400,4000,3400,29-08-2024
58,Ahmednagar,Onion,1500,4000,3600,26-08-2024
59,Ahmednagar,Onion,1500,4200,3600,05-09-2024
60,Ahmednagar,Onion,1500,4300,3600,07-09-2024
61,Ahmednagar,Onion,1500,4300,3800,22-08-2024
62,Ahmednagar,Onion,1500,4400,3700,02-09-2024
63,Ahmednagar,Onion,1500,4700,3600,19-10-2024
64,Ahmednagar,Onion,1500,4700,3900,19-09-2024
65,Ahmednagar,Onion,1500,4800,3600,26-10-2024
66,Ahmednagar,Onion,1500,5000,3800,24-10-2024
67,Ahmednagar,Onion,1500,5000,4000,21-09-2024
68,Ahmednagar,Onion,1500,5200,4000,14-09-2024
69,Ahmednagar,Onion,1500,5500,4100,25-11-2024
70,Ahmednagar,Onion,1500,5600,4200,23-11-2024
71,Ahmednagar,Onion,1600,5500,4000,21-11-2024
72,Ahmednagar,Onion,1800,6000,4600,11-11-2024
73,Ahmednagar,Onion,2000,6000,4300,04-11-2024
74,Ahmednagar,Onion,2000,6200,4800,09-11-2024
75,Ahmednagar,Onion,2200,6500,4500,07-11-2024
76,Ahmednagar,Onion,100,1200,750,25-01-2024
77,Ahmednagar,Onion,100,1500,850,12-02-2024
78,Ahmednagar,Onion,100,1500,900,10-02-2024
79,Ahmednagar,Onion,100,1500,950,29-01-2024
80,Ahmednagar,Onion,100,1600,950,15-02-2024
81,Ahmednagar,Onion,100,1600,1050,17-02-2024
82,Ahmednagar,Onion,100,1600,1200,05-02-2024
83,Ahmednagar,Onion,100,1600,1200,08-02-2024
84,Ahmednagar,Onion,100,1700,1300,14-03-2024
85,Ahmednagar,Onion,100,1900,1350,18-01-2024
86,Ahmednagar,Onion,100,2000,1450,15-01-2024
87,Ahmednagar,Onion,100,2200,1450,08-01-2024
88,Ahmednagar,Onion,100,2250,1550,06-01-2024
89,Ahmednagar,Onion,150,1400,800,18-03-2024
90,Ahmednagar,Onion,150,1400,800,21-03-2024
91,Ahmednagar,Onion,150,1500,950,23-03-2024
92,Ahmednagar,Onion,150,1500,1200,16-03-2024
93,Ahmednagar,Onion,150,1600,1250,03-02-2024
94,Ahmednagar,Onion,150,1700,1350,25-03-2024
95,Ahmednagar,Onion,150,1800,1250,22-02-2024
96,Ahmednagar,Onion,150,1900,1400,11-03-2024
97,Ahmednagar,Onion,150,2000,1450,09-03-2024
98,Ahmednagar,Onion,150,2100,1400,04-03-2024
99,Ahmednagar,Onion,150,2100,1450,02-03-2024
100,Ahmednagar,Onion,150,2300,1750,24-02-2024
101,Ahmednagar,Onion,200,1700,1300,01-02-2024
102,Ahmednagar,Onion,200,2300,1700,26-02-2024
103,Ahmednagar,Onion,200,2400,1550,04-01-2024
104,Ahmednagar,Onion,300,3000,1950,16-12-2024
105,Ahmednagar,Onion,300,3500,2300,12-10-2024
106,Ahmednagar,Onion,300,3600,2400,14-10-2024
107,Ahmednagar,Onion,300,3900,2600,26-10-2024
108,Ahmednagar,Onion,400,3000,1900,23-12-2024
109,Ahmednagar,Onion,400,3000,1950,19-12-2024
110,Ahmednagar,Onion,400,3050,1950,21-12-2024
111,Ahmednagar,Onion,400,3200,2200,26-12-2024
112,Ahmednagar,Onion,400,4000,2700,24-10-2024
113,Ahmednagar,Onion,500,3300,2300,28-12-2024
114,Ahmednagar,Onion,500,3500,2300,10-10-2024
115,Ahmednagar,Onion,500,3500,2600,30-09-2024
116,Ahmednagar,Onion,500,3500,2900,30-12-2024
117,Ahmednagar,Onion,500,3600,2200,03-10-2024
118,Ahmednagar,Onion,500,3600,2500,05-10-2024
119,Ahmednagar,Onion,500,3600,2800,28-09-2024
120,Ahmednagar,Onion,500,4000,2600,04-11-2024
121,Ahmednagar,Onion,500,4200,3000,19-10-2024
122,Ahmednagar,Onion,500,4500,3500,11-11-2024
123,Ahmednagar,Onion,500,4600,3200,21-11-2024
124,Ahmednagar,Onion,500,4800,3700,12-12-2024
125,Ahmednagar,Onion,500,5000,3300,23-11-2024
126,Ahmednagar,Onion,500,5200,3400,25-11-2024
127,Ahmednagar,Onion,600,4800,3600,02-12-2024
128,Ahmednagar,Onion,700,5000,3850,05-12-2024
129,Ahmednagar,Onion,750,5100,3900,07-12-2024
130,Ahmednagar,Onion,800,5400,4000,09-12-2024
131,Ahmednagar,Onion,900,4200,3100,26-09-2024
132,Ahmednagar,Onion,900,4800,3800,09-11-2024
133,Ahmednagar,Onion,1000,4200,3350,23-09-2024
134,Ahmednagar,Onion,1000,5000,3500,07-11-2024
135,Ahmednagar,Onion,150,2111,1551,11-01-2024
136,Ahmednagar,Onion,200,1550,1350,25-04-2024
137,Ahmednagar,Onion,200,1700,1400,17-03-2024
138,Ahmednagar,Onion,200,1700,1451,28-03-2024
139,Ahmednagar,Onion,200,1751,1451,14-03-2024
140,Ahmednagar,Onion,200,2111,1751,12-03-2024
141,Ahmednagar,Onion,200,2151,1851,29-02-2024
142,Ahmednagar,Onion,200,2251,1851,03-03-2024
143,Ahmednagar,Onion,201,1701,1300,02-04-2024
144,Ahmednagar,Onion,300,1250,900,04-02-2024
145,Ahmednagar,Onion,300,1900,1500,21-05-2024
146,Ahmednagar,Onion,300,2300,1500,26-05-2024
147,Ahmednagar,Onion,300,2600,1900,28-05-2024
148,Ahmednagar,Onion,300,3000,2200,16-06-2024
149,Ahmednagar,Onion,350,1500,1300,30-01-2024
150,Ahmednagar,Onion,400,2000,1650,07-05-2024
151,Ahmednagar,Onion,400,2775,2200,06-06-2024
152,Ahmednagar,Onion,400,3000,2200,11-06-2024
153,Ahmednagar,Onion,400,3151,2651,25-06-2024
154,Ahmednagar,Onion,600,3000,2200,13-06-2024
155,Ahmednagar,Onion,600,3000,2641,18-07-2024
156,Ahmednagar,Onion,700,3000,2661,21-07-2024
157,Ahmednagar,Onion,700,3636,2700,09-06-2024
158,Ahmednagar,Onion,800,2800,2200,05-01-2024
159,Ahmednagar,Onion,800,2900,2601,01-08-2024
160,Ahmednagar,Onion,800,3000,2665,30-07-2024
161,Ahmednagar,Onion,800,3051,2686,06-08-2024
162,Ahmednagar,Onion,800,3300,2811,08-08-2024
163,Ahmednagar,Onion,800,3301,2875,02-07-2024
164,Ahmednagar,Onion,800,3351,2875,23-06-2024
165,Ahmednagar,Onion,1000,3200,2675,30-06-2024
166,Ahmednagar,Onion,1000,4100,3500,01-10-2024
167,Ahmednagar,Onion,1000,4500,4200,17-10-2024
168,Ahmednagar,Onion,1000,4501,3941,05-09-2024
169,Ahmednagar,Onion,1000,4711,4200,29-10-2024
170,Ahmednagar,Onion,1000,5400,4800,12-11-2024
171,Ahmednagar,Onion,1000,5555,4000,26-11-2024
172,Ahmednagar,Onion,1000,5711,4700,05-12-2024
173,Ahmednagar,Onion,1000,5851,5000,24-11-2024
174,Ahmednagar,Onion,1001,4201,3501,15-12-2024
175,Ahmednagar,Onion,1001,5701,5000,17-11-2024
176,Ahmednagar,Onion,1001,6501,5800,10-11-2024
177,Ahmednagar,Onion,1100,4001,3501,29-08-2024
178,Ahmednagar,Onion,1100,4001,3600,27-08-2024
179,Ahmednagar,Onion,1100,4551,3900,06-10-2024
180,Ahmednagar,Onion,1100,4800,4400,24-10-2024
181,Ahmednagar,Onion,1100,6100,4500,08-12-2024
182,Ahmednagar,Onion,1200,4001,3500,29-09-2024
183,Ahmednagar,Onion,1200,4400,4000,15-10-2024
184,Ahmednagar,Onion,1200,4511,4200,13-10-2024
185,Ahmednagar,Onion,1200,4711,4200,20-10-2024
186,Ahmednagar,Onion,1200,5751,4900,19-11-2024
187,Ahmednagar,Onion,1200,6000,5200,21-11-2024
188,Ahmednagar,Onion,1200,6001,5100,07-11-2024
189,Ahmednagar,Onion,1300,4401,3800,08-09-2024
190,Ahmednagar,Onion,1300,4721,4300,22-10-2024
191,Ahmednagar,Onion,1500,3851,3261,11-08-2024
192,Ahmednagar,Onion,1500,4300,3700,19-09-2024
193,Ahmednagar,Onion,1500,4300,3800,12-09-2024
194,Ahmednagar,Onion,1500,4500,3600,03-10-2024
195,Ahmednagar,Onion,1800,4421,4021,22-08-2024
196,Ahmednagar,Onion,1800,4800,4200,26-09-2024
197,Ahmednagar,Onion,1900,4201,3700,25-08-2024
198,Ahmednagar,Onion,2000,4311,3800,10-09-2024
199,Ahmednagar,Onion,2000,5300,4900,05-11-2024
200,Ahmednagar,Onion,2200,5501,4800,15-09-2024
201,Ahmednagar,Onion,200,2100,1751,20-02-2024
202,Ahmednagar,Onion,350,2000,1700,16-01-2024
203,Ahmednagar,Onion,500,2200,1900,02-01-2024
204,Ahmednagar,Onion,100,1500,800,19-03-2024
205,Ahmednagar,Onion,100,1500,800,21-03-2024
206,Ahmednagar,Onion,100,1500,800,27-04-2024
207,Ahmednagar,Onion,100,1600,850,02-05-2024
208,Ahmednagar,Onion,100,1600,850,13-04-2024
209,Ahmednagar,Onion,100,1600,850,23-03-2024
210,Ahmednagar,Onion,100,1600,850,25-04-2024
211,Ahmednagar,Onion,100,1650,875,06-04-2024
212,Ahmednagar,Onion,100,1650,875,09-05-2024
213,Ahmednagar,Onion,100,1700,900,06-02-2024
214,Ahmednagar,Onion,100,1700,900,16-03-2024
215,Ahmednagar,Onion,100,1700,900,26-03-2024
216,Ahmednagar,Onion,100,1700,900,28-03-2024
217,Ahmednagar,Onion,100,1900,1000,23-05-2024
218,Ahmednagar,Onion,100,1900,1000,25-05-2024
219,Ahmednagar,Onion,100,2100,1100,18-05-2024
220,Ahmednagar,Onion,100,2100,1100,21-05-2024
221,Ahmednagar,Onion,100,2500,1300,01-06-2024
222,Ahmednagar,Onion,100,2500,1300,28-05-2024
223,Ahmednagar,Onion,100,3000,1550,11-06-2024
224,Ahmednagar,Onion,100,3000,1550,15-06-2024
225,Ahmednagar,Onion,100,3000,1550,22-06-2024
226,Ahmednagar,Onion,100,3000,1550,29-10-2024
227,Ahmednagar,Onion,100,3100,1600,19-12-2024
228,Ahmednagar,Onion,100,3500,1800,08-06-2024
229,Ahmednagar,Onion,150,1650,900,02-04-2024
230,Ahmednagar,Onion,150,1700,925,30-03-2024
231,Ahmednagar,Onion,150,1800,975,14-03-2024
232,Ahmednagar,Onion,200,1600,900,04-04-2024
233,Ahmednagar,Onion,200,1600,900,30-04-2024
234,Ahmednagar,Onion,200,2000,1100,09-01-2024
235,Ahmednagar,Onion,200,2100,1150,04-06-2024
236,Ahmednagar,Onion,200,2100,1150,13-01-2024
237,Ahmednagar,Onion,200,2200,1200,07-05-2024
238,Ahmednagar,Onion,200,2300,1250,04-05-2024
239,Ahmednagar,Onion,200,2600,1400,13-06-2024
240,Ahmednagar,Onion,200,2700,1450,30-05-2024
241,Ahmednagar,Onion,200,2750,1475,06-06-2024
242,Ahmednagar,Onion,200,3000,1600,27-06-2024
243,Ahmednagar,Onion,200,3200,1700,03-10-2024
244,Ahmednagar,Onion,200,3500,1850,01-10-2024
245,Ahmednagar,Onion,200,4500,2350,05-10-2024
246,Ahmednagar,Onion,200,4500,2350,19-10-2024
247,Ahmednagar,Onion,300,3000,1650,09-07-2024
248,Ahmednagar,Onion,300,3050,1675,18-06-2024
249,Ahmednagar,Onion,300,3100,1700,25-06-2024
250,Ahmednagar,Onion,300,3500,1900,06-07-2024
251,Ahmednagar,Onion,400,3100,1750,02-07-2024
252,Ahmednagar,Onion,400,3250,1825,29-06-2024
253,Ahmednagar,Onion,500,2850,1675,03-08-2024
254,Ahmednagar,Onion,500,3000,1750,08-08-2024
255,Ahmednagar,Onion,500,3000,1750,16-07-2024
256,Ahmednagar,Onion,500,3000,1750,20-07-2024
257,Ahmednagar,Onion,500,3000,1750,23-07-2024
258,Ahmednagar,Onion,500,3050,1775,13-07-2024
259,Ahmednagar,Onion,500,3100,1800,30-07-2024
260,Ahmednagar,Onion,500,4300,2400,28-09-2024
261,Ahmednagar,Onion,500,4500,2500,24-09-2024
262,Ahmednagar,Onion,600,3750,2175,17-09-2024
263,Ahmednagar,Onion,1000,3000,2000,27-07-2024
264,Ahmednagar,Onion,1000,3100,2050,11-07-2024
265,Ahmednagar,Onion,1000,3500,2250,10-08-2024
266,Ahmednagar,Onion,1000,3500,2250,20-08-2024
267,Ahmednagar,Onion,1000,3500,2250,31-08-2024
268,Ahmednagar,Onion,1000,3800,2400,10-09-2024
269,Ahmednagar,Onion,1000,4000,2500,13-08-2024
270,Ahmednagar,Onion,1000,4000,2500,27-08-2024
271,Ahmednagar,Onion,1000,5000,3000,21-09-2024
272,Ahmednagar,Onion,1100,2900,2000,25-07-2024
273,Ahmednagar,Onion,1100,4100,2600,24-08-2024
274,Ahmednagar,Onion,1300,3500,2400,29-08-2024
275,Ahmednagar,Onion,1500,2750,2125,18-07-2024
276,Ahmednagar,Onion,1500,3500,2500,17-08-2024
277,Ahmednagar,Onion,1500,4000,2750,05-09-2024
278,Ahmednagar,Onion,1500,4000,2750,07-09-2024
279,Ahmednagar,Onion,1500,4100,2800,19-09-2024
280,Ahmednagar,Onion,1500,4500,3000,26-09-2024
281,Ahmednagar,Onion,1500,5000,3250,14-09-2024
282,Ahmednagar,Onion,1700,3800,2750,03-09-2024
283,Ahmednagar,Onion,2000,2800,2400,01-08-2024
284,Ahmednagar,Onion,200,1800,1000,22-01-2024
285,Ahmednagar,Onion,100,1400,750,10-02-2024
286,Ahmednagar,Onion,100,1550,825,03-02-2024
287,Ahmednagar,Onion,100,1600,850,13-02-2024
288,Ahmednagar,Onion,100,1600,850,15-02-2024
289,Ahmednagar,Onion,100,1700,900,01-02-2024
290,Ahmednagar,Onion,100,1700,900,08-02-2024
291,Ahmednagar,Onion,100,1700,900,17-02-2024
292,Ahmednagar,Onion,100,1900,1000,05-03-2024
293,Ahmednagar,Onion,100,3100,1600,02-11-2024
294,Ahmednagar,Onion,100,3500,1800,21-12-2024
295,Ahmednagar,Onion,100,3750,1925,26-12-2024
296,Ahmednagar,Onion,100,3750,1925,28-12-2024
297,Ahmednagar,Onion,100,5000,2550,09-11-2024
298,Ahmednagar,Onion,100,5000,2550,16-11-2024
299,Ahmednagar,Onion,100,5200,2650,12-12-2024
300,Ahmednagar,Onion,100,5500,2800,07-11-2024
301,Ahmednagar,Onion,100,5500,2800,12-11-2024
302,Ahmednagar,Onion,100,5500,2800,21-11-2024
303,Ahmednagar,Onion,100,5500,2800,23-11-2024
304,Ahmednagar,Onion,100,6000,3050,05-12-2024
305,Ahmednagar,Onion,100,6100,3100,26-11-2024
306,Ahmednagar,Onion,100,6500,3300,07-12-2024
307,Ahmednagar,Onion,200,1700,950,22-02-2024
308,Ahmednagar,Onion,200,1900,1050,18-01-2024
309,Ahmednagar,Onion,200,2000,1100,09-03-2024
310,Ahmednagar,Onion,200,2200,1200,02-03-2024
311,Ahmednagar,Onion,200,2300,1250,06-01-2024
312,Ahmednagar,Onion,200,2300,1250,07-03-2024
313,Ahmednagar,Onion,200,2800,1500,20-02-2024
314,Ahmednagar,Onion,200,3500,1850,12-10-2024
315,Ahmednagar,Onion,200,3800,2000,15-10-2024
316,Ahmednagar,Onion,200,4000,2100,17-10-2024
317,Ahmednagar,Onion,200,4000,2100,24-10-2024
318,Ahmednagar,Onion,200,4100,2150,26-10-2024
319,Ahmednagar,Onion,200,4500,2350,05-11-2024
320,Ahmednagar,Onion,300,2700,1500,24-02-2024
321,Ahmednagar,Onion,400,3500,1950,10-10-2024
322,Ahmednagar,Onion,300,1300,800,21-03-2024
323,Ahmednagar,Onion,300,1300,900,22-03-2024
324,Ahmednagar,Onion,300,1400,1000,23-03-2024
325,Ahmednagar,Onion,300,1400,1000,28-04-2024
326,Ahmednagar,Onion,300,1500,900,20-03-2024
327,Ahmednagar,Onion,300,1500,1000,02-04-2024
328,Ahmednagar,Onion,300,1500,1000,03-04-2024
329,Ahmednagar,Onion,300,1500,1000,03-05-2024
330,Ahmednagar,Onion,300,1500,1000,08-05-2024
331,Ahmednagar,Onion,300,1500,1000,15-05-2024
332,Ahmednagar,Onion,300,1500,1000,17-03-2024
333,Ahmednagar,Onion,300,1500,1000,26-04-2024
334,Ahmednagar,Onion,300,1550,1100,16-03-2024
335,Ahmednagar,Onion,300,1600,1000,27-04-2024
336,Ahmednagar,Onion,300,1600,1100,19-05-2024
337,Ahmednagar,Onion,300,1600,1200,04-04-2024
338,Ahmednagar,Onion,300,1600,1200,06-04-2024
339,Ahmednagar,Onion,300,1700,1000,14-03-2024
340,Ahmednagar,Onion,300,1700,1000,15-03-2024
341,Ahmednagar,Onion,300,1700,1100,01-03-2024
342,Ahmednagar,Onion,300,1700,1100,21-05-2024
343,Ahmednagar,Onion,300,1700,1100,22-05-2024
344,Ahmednagar,Onion,300,1700,1100,25-05-2024
345,Ahmednagar,Onion,300,1700,1100,26-05-2024
346,Ahmednagar,Onion,300,1700,1200,18-05-2024
347,Ahmednagar,Onion,300,1800,1000,06-03-2024
348,Ahmednagar,Onion,300,1800,1100,29-02-2024
349,Ahmednagar,Onion,300,1800,1200,14-05-2024
350,Ahmednagar,Onion,300,1800,1400,07-05-2024
351,Ahmednagar,Onion,300,2000,1000,07-03-2024
352,Ahmednagar,Onion,300,2000,1000,09-03-2024
353,Ahmednagar,Onion,300,2000,1000,12-03-2024
354,Ahmednagar,Onion,300,2000,1100,13-03-2024
355,Ahmednagar,Onion,300,2100,1400,01-06-2024
356,Ahmednagar,Onion,300,2200,1300,31-05-2024
357,Ahmednagar,Onion,300,2200,1400,04-05-2024
358,Ahmednagar,Onion,300,2200,1500,07-06-2024
359,Ahmednagar,Onion,300,2500,1500,08-06-2024
360,Ahmednagar,Onion,300,2500,1500,09-06-2024
361,Ahmednagar,Onion,400,1800,1100,29-03-2024
362,Ahmednagar,Onion,500,1500,1000,07-04-2024
363,Ahmednagar,Onion,500,1500,1000,31-03-2024
364,Ahmednagar,Onion,500,1600,1000,30-03-2024
365,Ahmednagar,Onion,500,1600,1100,24-03-2024
366,Ahmednagar,Onion,500,2100,1000,10-03-2024
367,Ahmednagar,Onion,500,2400,1400,05-03-2024
368,Ahmednagar,Onion,300,2700,1500,27-12-2024
369,Ahmednagar,Onion,500,2000,1000,02-07-2024
370,Ahmednagar,Onion,500,2100,1400,22-10-2024
371,Ahmednagar,Onion,500,2200,1100,03-07-2024
372,Ahmednagar,Onion,500,2200,1500,13-10-2024
373,Ahmednagar,Onion,500,2300,1500,21-12-2024
374,Ahmednagar,Onion,500,2400,1500,20-12-2024
375,Ahmednagar,Onion,500,2500,1500,15-10-2024
376,Ahmednagar,Onion,500,2500,1500,18-10-2024
377,Ahmednagar,Onion,500,2500,1500,22-12-2024
378,Ahmednagar,Onion,500,2500,1500,23-10-2024
379,Ahmednagar,Onion,500,2500,1500,24-11-2024
380,Ahmednagar,Onion,500,2500,1500,29-06-2024
381,Ahmednagar,Onion,500,2500,2000,23-11-2024
382,Ahmednagar,Onion,500,2700,1600,06-07-2024
383,Ahmednagar,Onion,500,2700,1600,11-08-2024
384,Ahmednagar,Onion,500,2700,1600,11-07-2024
385,Ahmednagar,Onion,500,2800,1400,29-12-2024
386,Ahmednagar,Onion,500,2800,1500,30-12-2024
387,Ahmednagar,Onion,500,2800,1700,03-08-2024
388,Ahmednagar,Onion,500,2800,1700,04-08-2024
389,Ahmednagar,Onion,500,2800,1700,10-08-2024
390,Ahmednagar,Onion,500,2800,2000,22-11-2024
391,Ahmednagar,Onion,500,2900,1700,06-08-2024
392,Ahmednagar,Onion,500,2900,1700,08-08-2024
393,Ahmednagar,Onion,500,3000,1500,28-12-2024
394,Ahmednagar,Onion,500,3000,1800,31-12-2024
395,Ahmednagar,Onion,500,3000,1900,16-10-2024
396,Ahmednagar,Onion,500,3000,2000,12-10-2024
397,Ahmednagar,Onion,500,3000,2000,29-10-2024
398,Ahmednagar,Onion,500,3500,2000,15-11-2024
399,Ahmednagar,Onion,500,3500,2000,16-11-2024
400,Ahmednagar,Onion,500,3500,2000,25-10-2024
401,Ahmednagar,Onion,500,3500,2500,13-11-2024
402,Ahmednagar,Onion,500,3800,2400,17-11-2024
403,Ahmednagar,Onion,500,3800,2500,03-12-2024
404,Ahmednagar,Onion,500,3800,2500,04-12-2024
405,Ahmednagar,Onion,500,4000,2500,12-11-2024
406,Ahmednagar,Onion,500,4000,2500,26-11-2024
407,Ahmednagar,Onion,500,4000,3000,08-12-2024
408,Ahmednagar,Onion,500,4000,3000,13-12-2024
409,Ahmednagar,Onion,500,4000,3000,17-12-2024
410,Ahmednagar,Onion,500,4000,3000,19-10-2024
411,Ahmednagar,Onion,700,3000,2000,11-10-2024
412,Ahmednagar,Onion,700,3800,2500,06-12-2024
413,Ahmednagar,Onion,800,2500,1800,08-11-2024
414,Ahmednagar,Onion,800,3500,2500,07-12-2024
415,Ahmednagar,Onion,800,3500,2500,09-10-2024
416,Ahmednagar,Onion,1000,1500,1000,19-12-2024
417,Ahmednagar,Onion,1000,3000,2000,14-10-2024
418,Ahmednagar,Onion,1000,3000,2000,20-10-2024
419,Ahmednagar,Onion,1000,3000,2000,26-10-2024
420,Ahmednagar,Onion,1000,3000,2000,28-10-2024
421,Ahmednagar,Onion,1000,3000,2200,06-11-2024
422,Ahmednagar,Onion,1000,3000,2200,06-10-2024
423,Ahmednagar,Onion,1000,3200,2000,02-10-2024
424,Ahmednagar,Onion,1000,3200,2000,30-10-2024
425,Ahmednagar,Onion,1000,3500,2300,27-10-2024
426,Ahmednagar,Onion,1000,3500,2500,04-10-2024
427,Ahmednagar,Onion,1000,3500,2500,07-10-2024
428,Ahmednagar,Onion,1000,3500,2500,27-11-2024
429,Ahmednagar,Onion,1000,3500,2700,05-10-2024
430,Ahmednagar,Onion,1000,4000,3000,02-12-2024
431,Ahmednagar,Onion,1000,4000,3000,09-12-2024
432,Ahmednagar,Onion,1000,4000,3000,30-11-2024
433,Ahmednagar,Onion,1000,4000,3500,01-12-2024
434,Ahmednagar,Onion,1500,4000,3000,05-09-2024
435,Ahmednagar,Onion,1500,4000,3000,22-08-2024
436,Ahmednagar,Onion,1500,4000,3000,23-08-2024
437,Ahmednagar,Onion,1500,4000,3000,25-09-2024
438,Ahmednagar,Onion,1500,4000,3000,27-08-2024
439,Ahmednagar,Onion,1500,4000,3000,27-09-2024
440,Ahmednagar,Onion,1500,4000,3000,29-09-2024
441,Ahmednagar,Onion,1500,4000,3000,30-09-2024
442,Ahmednagar,Onion,1500,4000,3500,24-09-2024
443,Ahmednagar,Onion,1500,4100,3000,04-09-2024
444,Ahmednagar,Onion,1500,4100,3000,16-09-2024
445,Ahmednagar,Onion,1500,4200,3000,11-09-2024
446,Ahmednagar,Onion,1500,4200,3000,28-09-2024
447,Ahmednagar,Onion,1600,4000,3000,24-08-2024
448,Ahmednagar,Onion,2000,2000,2000,25-11-2024
449,Ahmednagar,Onion,2000,3500,2000,13-09-2024
450,Ahmednagar,Onion,2000,3500,2700,01-09-2024
451,Ahmednagar,Onion,2000,4000,3000,03-09-2024
452,Ahmednagar,Onion,2000,4000,3000,30-08-2024
453,Ahmednagar,Onion,2000,4000,3500,25-08-2024
454,Ahmednagar,Onion,2000,4500,2000,12-09-2024
455,Ahmednagar,Onion,2000,4500,3000,06-09-2024
456,Ahmednagar,Onion,2000,4500,3000,08-09-2024
457,Ahmednagar,Onion,2000,4500,3000,14-09-2024
458,Ahmednagar,Onion,2500,2500,2500,11-12-2024
459,Ahmednagar,Onion,2500,2500,2500,31-08-2024
460,Ahmednagar,Onion,2500,4000,2500,14-12-2024
461,Ahmednagar,Onion,200,1701,1250,03-01-2024
462,Ahmednagar,Onion,300,1450,1300,09-04-2024
463,Ahmednagar,Onion,500,1015,900,10-01-2024
464,Ahmednagar,Onion,500,1150,901,06-01-2024
465,Ahmednagar,Onion,500,1200,1100,04-01-2024
466,Ahmednagar,Onion,500,1273,1100,05-01-2024
467,Ahmednagar,Onion,500,1382,1275,13-04-2024
468,Ahmednagar,Onion,500,1425,1350,20-03-2024
469,Ahmednagar,Onion,500,1428,1300,19-03-2024
470,Ahmednagar,Onion,500,1430,1275,19-04-2024
471,Ahmednagar,Onion,500,1450,1275,24-04-2024
472,Ahmednagar,Onion,500,1461,1300,06-04-2024
473,Ahmednagar,Onion,500,1473,1290,26-04-2024
474,Ahmednagar,Onion,500,1475,1350,23-03-2024
475,Ahmednagar,Onion,500,1487,1325,05-04-2024
476,Ahmednagar,Onion,500,1491,1350,22-03-2024
477,Ahmednagar,Onion,500,1500,1225,27-04-2024
478,Ahmednagar,Onion,500,1500,1290,25-04-2024
479,Ahmednagar,Onion,500,1500,1300,09-01-2024
480,Ahmednagar,Onion,500,1515,1450,21-03-2024
481,Ahmednagar,Onion,500,1534,1350,04-04-2024
482,Ahmednagar,Onion,500,1550,1450,14-03-2024
483,Ahmednagar,Onion,500,1550,1450,16-03-2024
484,Ahmednagar,Onion,500,1550,1460,15-03-2024
485,Ahmednagar,Onion,500,1551,1275,30-04-2024
486,Ahmednagar,Onion,500,1650,1575,12-03-2024
487,Ahmednagar,Onion,500,1725,1400,15-05-2024
488,Ahmednagar,Onion,500,1741,1550,10-05-2024
489,Ahmednagar,Onion,500,1775,1425,21-05-2024
490,Ahmednagar,Onion,500,1784,1570,13-03-2024
491,Ahmednagar,Onion,500,1791,1750,06-03-2024
492,Ahmednagar,Onion,500,1800,1400,08-05-2024
493,Ahmednagar,Onion,500,1800,1400,16-05-2024
494,Ahmednagar,Onion,500,1800,1750,09-03-2024
495,Ahmednagar,Onion,500,1801,1400,02-05-2024
496,Ahmednagar,Onion,500,1801,1400,25-05-2024
497,Ahmednagar,Onion,500,1809,1450,17-05-2024
498,Ahmednagar,Onion,500,1824,1475,18-05-2024
499,Ahmednagar,Onion,500,1830,1510,22-05-2024
500,Ahmednagar,Onion,500,1836,1425,09-05-2024
501,Ahmednagar,Onion,500,1851,1350,03-05-2024
502,Ahmednagar,Onion,500,1851,1750,07-03-2024
503,Ahmednagar,Onion,500,1860,1500,07-05-2024
504,Ahmednagar,Onion,500,1881,1202,02-01-2024
505,Ahmednagar,Onion,500,1911,1650,24-05-2024
506,Ahmednagar,Onion,500,1975,1675,28-05-2024
507,Ahmednagar,Onion,500,2050,1725,30-05-2024
508,Ahmednagar,Onion,500,2098,1725,31-05-2024
509,Ahmednagar,Onion,500,2100,1750,04-05-2024
510,Ahmednagar,Onion,500,2101,1725,29-05-2024
511,Ahmednagar,Onion,500,2113,1750,01-06-2024
512,Ahmednagar,Onion,500,2251,1850,04-06-2024
513,Ahmednagar,Onion,700,1749,1450,14-05-2024
514,Ahmednagar,Onion,1000,2376,2050,05-06-2024
515,Ahmednagar,Onion,1000,2500,2200,06-06-2024
516,Ahmednagar,Onion,1000,2526,2300,11-06-2024
517,Ahmednagar,Onion,1000,2557,2300,07-06-2024
518,Ahmednagar,Onion,1000,2600,2300,12-06-2024
519,Ahmednagar,Onion,1000,2641,2350,13-06-2024
520,Ahmednagar,Onion,1000,2650,2350,08-06-2024
521,Ahmednagar,Onion,1000,2709,2500,14-06-2024
522,Ahmednagar,Onion,1000,2730,2450,27-07-2024
523,Ahmednagar,Onion,1000,2794,2575,26-07-2024
524,Ahmednagar,Onion,1000,2796,2600,24-07-2024
525,Ahmednagar,Onion,1000,2801,2550,27-06-2024
526,Ahmednagar,Onion,1000,2801,2695,02-08-2024
527,Ahmednagar,Onion,1000,2814,2651,22-06-2024
528,Ahmednagar,Onion,1000,2821,2675,03-08-2024
529,Ahmednagar,Onion,1000,2829,2600,25-07-2024
530,Ahmednagar,Onion,1000,2829,2600,30-07-2024
531,Ahmednagar,Onion,1000,2833,2625,23-07-2024
532,Ahmednagar,Onion,1000,2841,2690,01-08-2024
533,Ahmednagar,Onion,1000,2850,2500,15-06-2024
534,Ahmednagar,Onion,1000,2853,2675,18-07-2024
535,Ahmednagar,Onion,1000,2881,2650,19-07-2024
536,Ahmednagar,Onion,1000,2899,2680,20-07-2024
537,Ahmednagar,Onion,1000,2928,2690,31-07-2024
538,Ahmednagar,Onion,1000,2930,2650,12-07-2024
539,Ahmednagar,Onion,1000,2936,2650,13-07-2024
540,Ahmednagar,Onion,1000,2952,2750,11-07-2024
541,Ahmednagar,Onion,1000,2960,2675,29-06-2024
542,Ahmednagar,Onion,1000,2969,2740,06-08-2024
543,Ahmednagar,Onion,1000,3000,2450,09-07-2024
544,Ahmednagar,Onion,1000,3000,2650,28-06-2024
545,Ahmednagar,Onion,1000,3001,2700,21-06-2024
546,Ahmednagar,Onion,1000,3001,2750,04-07-2024
547,Ahmednagar,Onion,1000,3011,2760,10-07-2024
548,Ahmednagar,Onion,1000,3050,2600,25-06-2024
549,Ahmednagar,Onion,1000,3050,2600,26-06-2024
550,Ahmednagar,Onion,1000,3050,2725,18-06-2024
551,Ahmednagar,Onion,1000,3071,2700,19-06-2024
552,Ahmednagar,Onion,1000,3075,2750,20-06-2024
553,Ahmednagar,Onion,1000,3087,2825,06-07-2024
554,Ahmednagar,Onion,1000,3101,2750,02-07-2024
555,Ahmednagar,Onion,1000,3101,2775,03-07-2024
556,Ahmednagar,Onion,1000,3132,2950,08-08-2024
557,Ahmednagar,Onion,1000,3151,2750,05-07-2024
558,Ahmednagar,Onion,1000,3400,2950,07-08-2024
559,Ahmednagar,Onion,1000,3400,3150,16-08-2024
560,Ahmednagar,Onion,1000,3400,3250,10-08-2024
561,Ahmednagar,Onion,1000,3500,3225,17-08-2024
562,Ahmednagar,Onion,1000,3535,3250,13-08-2024
563,Ahmednagar,Onion,1000,3594,3250,14-08-2024
564,Ahmednagar,Onion,1000,3637,3400,30-08-2024
565,Ahmednagar,Onion,1000,3696,3450,20-08-2024
566,Ahmednagar,Onion,1000,3852,3675,21-08-2024
567,Ahmednagar,Onion,1000,3860,3550,29-08-2024
568,Ahmednagar,Onion,1000,3900,3650,31-08-2024
569,Ahmednagar,Onion,1000,3981,3700,28-08-2024
570,Ahmednagar,Onion,1000,4000,3700,27-08-2024
571,Ahmednagar,Onion,1000,4001,3750,24-08-2024
572,Ahmednagar,Onion,1000,4100,3850,22-08-2024
573,Ahmednagar,Onion,1000,4151,3771,30-09-2024
574,Ahmednagar,Onion,1000,4200,3900,01-10-2024
575,Ahmednagar,Onion,1000,4250,3950,04-09-2024
576,Ahmednagar,Onion,1000,4285,3885,06-09-2024
577,Ahmednagar,Onion,1000,4300,3850,11-09-2024
578,Ahmednagar,Onion,1000,4302,4050,12-12-2024
579,Ahmednagar,Onion,1000,4304,3900,15-10-2024
580,Ahmednagar,Onion,1000,4305,3976,12-09-2024
581,Ahmednagar,Onion,1000,4310,3950,13-09-2024
582,Ahmednagar,Onion,1000,4312,3900,05-09-2024
583,Ahmednagar,Onion,1000,4400,3800,17-10-2024
584,Ahmednagar,Onion,1000,4437,4000,09-10-2024
585,Ahmednagar,Onion,1000,4441,3750,16-10-2024
586,Ahmednagar,Onion,1000,4444,4100,28-09-2024
587,Ahmednagar,Onion,1000,4450,4001,11-10-2024
588,Ahmednagar,Onion,1000,4471,3700,18-10-2024
589,Ahmednagar,Onion,1000,4478,3900,19-10-2024
590,Ahmednagar,Onion,1000,4478,3951,14-10-2024
591,Ahmednagar,Onion,1000,4529,4000,10-10-2024
592,Ahmednagar,Onion,1000,4555,4100,18-09-2024
593,Ahmednagar,Onion,1000,4600,4225,03-10-2024
594,Ahmednagar,Onion,1000,4651,4300,27-09-2024
595,Ahmednagar,Onion,1000,4661,4200,05-10-2024
596,Ahmednagar,Onion,1000,4681,4200,21-10-2024
597,Ahmednagar,Onion,1000,4747,4100,03-09-2024
598,Ahmednagar,Onion,1000,4760,4150,26-10-2024
599,Ahmednagar,Onion,1000,4760,4350,20-09-2024
600,Ahmednagar,Onion,1000,4761,4350,26-09-2024
601,Ahmednagar,Onion,1000,4785,4550,04-10-2024
602,Ahmednagar,Onion,1000,4800,4500,21-09-2024
603,Ahmednagar,Onion,1000,4851,4450,25-09-2024
604,Ahmednagar,Onion,1000,4858,4500,24-09-2024
605,Ahmednagar,Onion,1000,4900,4550,14-09-2024
606,Ahmednagar,Onion,1000,5401,4700,06-12-2024
607,Ahmednagar,Onion,1000,5550,5000,07-12-2024
608,Ahmednagar,Onion,1000,5599,4800,13-11-2024
609,Ahmednagar,Onion,1000,5600,4900,21-11-2024
610,Ahmednagar,Onion,1000,5657,5000,16-11-2024
611,Ahmednagar,Onion,1000,5701,5050,22-11-2024
612,Ahmednagar,Onion,1000,5751,4900,23-11-2024
613,Ahmednagar,Onion,1000,5900,4900,14-11-2024
614,Ahmednagar,Onion,1000,5900,5100,10-12-2024
615,Ahmednagar,Onion,1000,6027,5500,07-11-2024
616,Ahmednagar,Onion,1000,6037,5300,12-11-2024
617,Ahmednagar,Onion,1000,6138,5500,09-11-2024
618,Ahmednagar,Onion,1000,6200,5500,06-11-2024
619,Ahmednagar,Onion,1000,6201,5100,05-12-2024
620,Ahmednagar,Onion,1000,6300,5300,28-11-2024
621,Ahmednagar,Onion,1500,3272,3050,09-08-2024
622,Ahmednagar,Onion,1500,4169,3850,23-08-2024
623,Ahmednagar,Onion,1500,4285,3800,10-09-2024
624,Ahmednagar,Onion,1500,4668,4250,19-09-2024
625,Ahmednagar,Onion,1500,5001,4350,25-10-2024
626,Ahmednagar,Onion,1500,5500,4800,26-11-2024
627,Ahmednagar,Onion,1599,1599,1599,11-01-2024
628,Ahmednagar,Onion,2000,4799,4300,22-10-2024
629,Ahmednagar,Onion,2000,4852,4570,23-09-2024
630,Ahmednagar,Onion,2000,5075,4450,23-10-2024
631,Ahmednagar,Onion,2000,5100,4375,24-10-2024
632,Ahmednagar,Onion,2000,5601,4950,05-11-2024
633,Ahmednagar,Onion,2000,5701,4850,19-11-2024
634,Ahmednagar,Onion,2000,6000,5225,27-11-2024
635,Ahmednagar,Onion,2000,6364,5450,08-11-2024
636,Ahmednagar,Onion,2500,5695,5100,11-11-2024
637,Ahmednagar,Onion,2500,5800,5300,18-11-2024
638,Ahmednagar,Onion,2801,5201,4801,02-12-2024
639,Ahmednagar,Onion,2900,5501,5201,25-11-2024
640,Ahmednagar,Onion,3000,5501,5000,03-12-2024
641,Ahmednagar,Onion,200,1175,1075,27-01-2024
642,Ahmednagar,Onion,300,3700,3251,05-12-2024
643,Ahmednagar,Onion,300,3750,3250,04-12-2024
644,Ahmednagar,Onion,500,1188,1050,25-01-2024
645,Ahmednagar,Onion,500,1200,1110,08-02-2024
646,Ahmednagar,Onion,500,1254,1100,30-01-2024
647,Ahmednagar,Onion,500,1267,1175,06-02-2024
648,Ahmednagar,Onion,500,1279,1125,09-02-2024
649,Ahmednagar,Onion,500,1279,1130,10-02-2024
650,Ahmednagar,Onion,500,1281,1150,15-02-2024
651,Ahmednagar,Onion,500,1293,1171,07-02-2024
652,Ahmednagar,Onion,500,1299,1175,31-01-2024
653,Ahmednagar,Onion,500,1300,1225,23-03-2024
654,Ahmednagar,Onion,500,1304,1200,13-02-2024
655,Ahmednagar,Onion,500,1313,1200,14-02-2024
656,Ahmednagar,Onion,500,1350,1250,20-03-2024
657,Ahmednagar,Onion,500,1350,1250,22-03-2024
658,Ahmednagar,Onion,500,1350,1275,19-03-2024
659,Ahmednagar,Onion,500,1355,1260,16-02-2024
660,Ahmednagar,Onion,500,1375,1300,21-03-2024
661,Ahmednagar,Onion,500,1399,1250,01-02-2024
662,Ahmednagar,Onion,500,1400,1275,17-02-2024
663,Ahmednagar,Onion,500,1401,1150,24-01-2024
664,Ahmednagar,Onion,500,1404,1300,03-02-2024
665,Ahmednagar,Onion,500,1408,1290,02-02-2024
666,Ahmednagar,Onion,500,1451,1250,23-01-2024
667,Ahmednagar,Onion,500,1479,1300,20-01-2024
668,Ahmednagar,Onion,500,1501,1280,18-01-2024
669,Ahmednagar,Onion,500,1541,1380,21-02-2024
670,Ahmednagar,Onion,500,1568,1450,22-02-2024
671,Ahmednagar,Onion,500,1571,1475,16-01-2024
672,Ahmednagar,Onion,500,1579,1470,16-03-2024
673,Ahmednagar,Onion,500,1600,1350,19-01-2024
674,Ahmednagar,Onion,500,1600,1450,15-03-2024
675,Ahmednagar,Onion,500,1650,1475,17-01-2024
676,Ahmednagar,Onion,500,1667,1475,14-03-2024
677,Ahmednagar,Onion,500,1700,1550,23-12-2024
678,Ahmednagar,Onion,500,1725,1550,13-03-2024
679,Ahmednagar,Onion,500,1751,1625,12-03-2024
680,Ahmednagar,Onion,500,1781,1625,02-03-2024
681,Ahmednagar,Onion,500,1800,1550,20-02-2024
682,Ahmednagar,Onion,500,1801,1675,13-01-2024
683,Ahmednagar,Onion,500,1850,1675,01-03-2024
684,Ahmednagar,Onion,500,1850,1675,12-01-2024
685,Ahmednagar,Onion,500,1855,1700,05-03-2024
686,Ahmednagar,Onion,500,1870,1670,23-02-2024
687,Ahmednagar,Onion,500,1871,1675,05-01-2024
688,Ahmednagar,Onion,500,1888,1700,06-01-2024
689,Ahmednagar,Onion,500,1900,1700,29-02-2024
690,Ahmednagar,Onion,500,1900,1710,24-02-2024
691,Ahmednagar,Onion,500,1901,1700,28-02-2024
692,Ahmednagar,Onion,500,1928,1850,06-03-2024
693,Ahmednagar,Onion,500,1951,1800,09-03-2024
694,Ahmednagar,Onion,500,1972,1750,27-02-2024
695,Ahmednagar,Onion,500,2000,1675,04-01-2024
696,Ahmednagar,Onion,500,2000,1850,07-03-2024
697,Ahmednagar,Onion,500,2001,1875,10-01-2024
698,Ahmednagar,Onion,500,2003,1875,11-01-2024
699,Ahmednagar,Onion,500,2041,1875,09-01-2024
700,Ahmednagar,Onion,500,2090,1700,03-01-2024
701,Ahmednagar,Onion,500,2297,2050,02-01-2024
702,Ahmednagar,Onion,500,2300,2000,15-10-2024
703,Ahmednagar,Onion,500,2400,2100,11-10-2024
704,Ahmednagar,Onion,500,2425,1905,24-12-2024
705,Ahmednagar,Onion,500,2450,2000,10-10-2024
706,Ahmednagar,Onion,500,2600,1800,17-12-2024
707,Ahmednagar,Onion,500,2600,1950,16-12-2024
708,Ahmednagar,Onion,500,2601,2325,30-12-2024
709,Ahmednagar,Onion,500,2781,2350,28-12-2024
710,Ahmednagar,Onion,500,2900,2300,14-12-2024
711,Ahmednagar,Onion,500,3700,3300,13-12-2024
712,Ahmednagar,Onion,500,3712,3285,07-12-2024
713,Ahmednagar,Onion,500,4000,3300,09-12-2024
714,Ahmednagar,Onion,650,2600,2200,26-12-2024
715,Ahmednagar,Onion,700,2000,1800,21-12-2024
716,Ahmednagar,Onion,700,2101,1700,19-12-2024
717,Ahmednagar,Onion,700,2700,2250,27-12-2024
718,Ahmednagar,Onion,700,2831,2400,31-12-2024
719,Ahmednagar,Onion,700,3000,2500,01-01-2025
720,Ahmednagar,Onion,700,3801,3250,03-12-2024
721,Ahmednagar,Onion,700,3980,3385,12-12-2024
722,Ahmednagar,Onion,700,4200,3700,11-12-2024
723,Ahmednagar,Onion,800,3880,3199,06-12-2024
724,Ahmednagar,Onion,800,4500,3870,10-12-2024
725,Ahmednagar,Onion,900,2302,1750,18-12-2024
726,Ahmednagar,Onion,1000,2100,1900,20-12-2024
727,Ahmednagar,Onion,1000,2800,2500,09-10-2024
728,Ahmednagar,Onion,1000,3115,2800,05-10-2024
729,Ahmednagar,Onion,1000,3201,2735,21-11-2024
730,Ahmednagar,Onion,1000,3399,2700,22-11-2024
731,Ahmednagar,Onion,1000,3604,2650,23-11-2024
732,Ahmednagar,Onion,1000,3640,3100,04-10-2024
733,Ahmednagar,Onion,1000,3701,2929,25-11-2024
734,Ahmednagar,Onion,1000,3890,3400,27-11-2024
735,Ahmednagar,Onion,1000,4000,3025,19-11-2024
736,Ahmednagar,Onion,1000,4198,3500,28-11-2024
737,Ahmednagar,Onion,1000,4206,3300,08-11-2024
738,Ahmednagar,Onion,1000,4211,3500,09-11-2024
739,Ahmednagar,Onion,1000,4251,3500,14-11-2024
740,Ahmednagar,Onion,1000,4400,3300,13-11-2024
741,Ahmednagar,Onion,1000,4426,3900,16-11-2024
742,Ahmednagar,Onion,1000,4651,3500,12-11-2024
743,Ahmednagar,Onion,1100,3901,2101,11-11-2024
744,Ahmednagar,Onion,1200,3650,2800,26-11-2024
745,Ahmednagar,Onion,1500,3400,2800,19-10-2024
746,Ahmednagar,Onion,1500,4100,3901,18-09-2024
747,Ahmednagar,Onion,1700,4000,3000,07-11-2024
748,Ahmednagar,Onion,1790,3990,3599,18-11-2024
749,Ahmednagar,Onion,1950,3000,2668,22-10-2024
750,Ahmednagar,Onion,1999,3000,2530,23-10-2024
751,Ahmednagar,Onion,2450,3701,3335,02-12-2024
752,Ahmednagar,Onion,200,1500,1300,06-04-2024
753,Ahmednagar,Onion,200,1500,1300,20-03-2024
754,Ahmednagar,Onion,200,1600,900,01-05-2024
755,Ahmednagar,Onion,200,1600,900,22-04-2024
756,Ahmednagar,Onion,200,1600,900,24-04-2024
757,Ahmednagar,Onion,200,1600,900,27-04-2024
758,Ahmednagar,Onion,200,1600,900,29-04-2024
759,Ahmednagar,Onion,200,1600,1200,13-04-2024
760,Ahmednagar,Onion,200,1600,1300,08-04-2024
761,Ahmednagar,Onion,200,1700,1300,15-04-2024
762,Ahmednagar,Onion,200,1700,1400,18-03-2024
763,Ahmednagar,Onion,200,1800,900,11-05-2024
764,Ahmednagar,Onion,200,1800,1400,03-04-2024
765,Ahmednagar,Onion,200,2000,1050,20-05-2024
766,Ahmednagar,Onion,200,2100,1000,22-05-2024
767,Ahmednagar,Onion,200,2100,1150,18-05-2024
768,Ahmednagar,Onion,300,1600,1300,23-03-2024
769,Ahmednagar,Onion,300,1800,1100,08-05-2024
770,Ahmednagar,Onion,300,1800,1400,01-04-2024
771,Ahmednagar,Onion,300,1800,1600,16-03-2024
772,Ahmednagar,Onion,300,2100,1000,15-05-2024
773,Ahmednagar,Onion,300,2100,1000,25-05-2024
774,Ahmednagar,Onion,300,2100,1000,27-05-2024
775,Ahmednagar,Onion,300,2400,1300,03-06-2024
776,Ahmednagar,Onion,300,2500,1400,01-06-2024
777,Ahmednagar,Onion,300,2500,1500,29-05-2024
778,Ahmednagar,Onion,300,2600,1500,05-06-2024
779,Ahmednagar,Onion,300,3000,2200,10-06-2024
780,Ahmednagar,Onion,400,1900,1600,13-03-2024
781,Ahmednagar,Onion,400,2000,1600,09-03-2024
782,Ahmednagar,Onion,400,2000,1700,11-03-2024
783,Ahmednagar,Onion,400,2200,1300,06-05-2024
784,Ahmednagar,Onion,400,2300,1400,04-05-2024
785,Ahmednagar,Onion,500,2600,2000,12-06-2024
786,Ahmednagar,Onion,500,3000,2500,15-06-2024
787,Ahmednagar,Onion,500,3000,2500,17-06-2024
788,Ahmednagar,Onion,500,3000,2500,26-06-2024
789,Ahmednagar,Onion,500,3000,2500,29-06-2024
790,Ahmednagar,Onion,500,3100,2500,22-06-2024
791,Ahmednagar,Onion,500,3300,2400,08-06-2024
792,Ahmednagar,Onion,800,2900,2500,31-07-2024
793,Ahmednagar,Onion,800,3200,2500,19-06-2024
794,Ahmednagar,Onion,800,3200,2700,01-07-2024
795,Ahmednagar,Onion,1000,2900,2500,03-08-2024
796,Ahmednagar,Onion,1000,2900,2500,05-08-2024
797,Ahmednagar,Onion,1000,2900,2500,13-07-2024
798,Ahmednagar,Onion,1000,2900,2500,17-07-2024
799,Ahmednagar,Onion,1000,2900,2500,20-07-2024
800,Ahmednagar,Onion,1000,2900,2500,22-07-2024
801,Ahmednagar,Onion,1000,2900,2500,24-07-2024
802,Ahmednagar,Onion,1000,2900,2500,27-07-2024
803,Ahmednagar,Onion,1000,2900,2500,29-07-2024
804,Ahmednagar,Onion,1000,3000,2500,06-07-2024
805,Ahmednagar,Onion,1000,3000,2500,08-07-2024
806,Ahmednagar,Onion,1000,3100,2500,10-07-2024
807,Ahmednagar,Onion,1000,3100,2700,07-08-2024
808,Ahmednagar,Onion,1000,3300,2500,03-07-2024
809,Ahmednagar,Onion,1000,3400,3000,10-08-2024
810,Ahmednagar,Onion,1000,3500,3000,12-08-2024
811,Ahmednagar,Onion,1000,3500,3000,17-08-2024
812,Ahmednagar,Onion,1000,3600,3000,14-08-2024
813,Ahmednagar,Onion,1000,3600,3000,19-08-2024
814,Ahmednagar,Onion,1000,4000,3000,24-08-2024
815,Ahmednagar,Onion,1000,4000,3000,28-08-2024
816,Ahmednagar,Onion,1000,4000,3000,31-08-2024
817,Ahmednagar,Onion,1000,4000,3100,21-08-2024
818,Ahmednagar,Onion,1000,4000,3500,02-10-2024
819,Ahmednagar,Onion,1000,4000,3500,28-09-2024
820,Ahmednagar,Onion,1000,4000,3500,30-09-2024
821,Ahmednagar,Onion,1000,4100,3000,26-08-2024
822,Ahmednagar,Onion,1000,4200,3100,11-09-2024
823,Ahmednagar,Onion,1000,4300,3100,18-09-2024
824,Ahmednagar,Onion,1000,4300,3200,04-09-2024
825,Ahmednagar,Onion,1000,4300,3200,09-09-2024
826,Ahmednagar,Onion,1000,4300,3800,12-10-2024
827,Ahmednagar,Onion,1000,4500,3200,16-09-2024
828,Ahmednagar,Onion,1000,4500,3500,14-10-2024
829,Ahmednagar,Onion,1000,4500,3800,02-09-2024
830,Ahmednagar,Onion,1000,4500,4000,09-10-2024
831,Ahmednagar,Onion,1000,4500,4000,16-10-2024
832,Ahmednagar,Onion,1000,4700,4000,26-10-2024
833,Ahmednagar,Onion,1000,4800,3500,25-09-2024
834,Ahmednagar,Onion,1000,4800,4000,28-10-2024
835,Ahmednagar,Onion,1000,4800,4200,21-10-2024
836,Ahmednagar,Onion,1500,4300,3500,07-09-2024
837,Ahmednagar,Onion,1500,4500,4000,05-10-2024
838,Ahmednagar,Onion,1500,4900,4000,19-10-2024
839,Ahmednagar,Onion,1500,5000,4500,14-09-2024
840,Ahmednagar,Onion,1500,5000,4500,23-10-2024
841,Ahmednagar,Onion,1500,5800,5300,13-11-2024
842,Ahmednagar,Onion,1500,6000,5000,11-11-2024
843,Ahmednagar,Onion,1500,6000,5500,16-11-2024
844,Ahmednagar,Onion,1500,6100,5500,06-11-2024
845,Ahmednagar,Onion,1500,6100,5500,09-11-2024
846,Ahmednagar,Onion,1500,6200,5500,23-11-2024
847,Ahmednagar,Onion,200,1200,900,27-01-2024
848,Ahmednagar,Onion,200,1300,1000,24-01-2024
849,Ahmednagar,Onion,200,1400,900,03-02-2024
850,Ahmednagar,Onion,200,1400,900,05-02-2024
851,Ahmednagar,Onion,200,1400,900,12-02-2024
852,Ahmednagar,Onion,200,1400,900,14-02-2024
853,Ahmednagar,Onion,200,1400,900,29-01-2024
854,Ahmednagar,Onion,200,1400,950,10-02-2024
855,Ahmednagar,Onion,200,1400,1000,17-02-2024
856,Ahmednagar,Onion,200,1400,1000,31-01-2024
857,Ahmednagar,Onion,200,1500,1000,07-02-2024
858,Ahmednagar,Onion,300,1600,1400,20-01-2024
859,Ahmednagar,Onion,400,1800,1400,17-01-2024
860,Ahmednagar,Onion,400,1900,1500,08-01-2024
861,Ahmednagar,Onion,400,2000,1600,06-01-2024
862,Ahmednagar,Onion,400,2000,1800,02-03-2024
863,Ahmednagar,Onion,400,2000,1800,04-03-2024
864,Ahmednagar,Onion,400,2000,1800,06-03-2024
865,Ahmednagar,Onion,400,2000,1800,21-02-2024
866,Ahmednagar,Onion,400,2000,1800,28-02-2024
867,Ahmednagar,Onion,500,1900,1600,15-01-2024
868,Ahmednagar,Onion,500,2000,1600,13-01-2024
869,Ahmednagar,Onion,500,2300,1900,24-02-2024
870,Ahmednagar,Onion,500,2500,2000,19-02-2024
871,Ahmednagar,Onion,800,2200,1800,01-01-2024
872,Ahmednagar,Onion,800,2300,1900,03-01-2024
873,Ahmednagar,Onion,1000,2800,2500,21-12-2024
874,Ahmednagar,Onion,1000,3000,2500,23-12-2024
875,Ahmednagar,Onion,1000,3000,2800,18-12-2024
876,Ahmednagar,Onion,1000,3200,2800,28-12-2024
877,Ahmednagar,Onion,1000,3300,2800,01-01-2025
878,Ahmednagar,Onion,1000,3300,2800,16-12-2024
879,Ahmednagar,Onion,1000,3500,2800,14-12-2024
880,Ahmednagar,Onion,1000,3500,2800,30-12-2024
881,Ahmednagar,Onion,1000,4500,3800,06-11-2024
882,Ahmednagar,Onion,1000,4500,3800,13-11-2024
883,Ahmednagar,Onion,1000,4800,3800,04-12-2024
884,Ahmednagar,Onion,1000,5000,4000,02-12-2024
885,Ahmednagar,Onion,1000,5000,4000,11-11-2024
886,Ahmednagar,Onion,1000,5000,4000,16-11-2024
887,Ahmednagar,Onion,1000,5000,4500,09-11-2024
888,Ahmednagar,Onion,1000,5500,4000,23-11-2024
889,Ahmednagar,Onion,1000,5500,4500,09-12-2024
890,Ahmednagar,Onion,1000,5500,4500,11-12-2024
891,Ahmednagar,Onion,1000,5500,4500,25-11-2024
892,Ahmednagar,Onion,1000,5500,4500,27-11-2024
893,Ahmednagar,Onion,1000,5800,4500,07-12-2024
894,Ahmednagar,Onion,200,1800,900,17-05-2024
895,Ahmednagar,Onion,200,1800,900,24-05-2024
896,Ahmednagar,Onion,200,1800,1000,19-05-2024
897,Ahmednagar,Onion,200,1800,1000,21-05-2024
898,Ahmednagar,Onion,200,2100,1200,07-05-2024
899,Ahmednagar,Onion,200,2300,1400,28-05-2024
900,Ahmednagar,Onion,200,2500,1650,31-05-2024
901,Ahmednagar,Onion,300,1400,900,26-04-2024
902,Ahmednagar,Onion,300,1400,900,28-04-2024
903,Ahmednagar,Onion,300,1400,950,21-04-2024
904,Ahmednagar,Onion,300,1400,1000,19-04-2024
905,Ahmednagar,Onion,300,1400,1020,07-04-2024
906,Ahmednagar,Onion,300,1400,1020,12-04-2024
907,Ahmednagar,Onion,300,1400,1020,23-04-2024
908,Ahmednagar,Onion,300,1400,1050,14-04-2024
909,Ahmednagar,Onion,300,1500,1150,02-04-2024
910,Ahmednagar,Onion,300,1500,1235,05-04-2024
911,Ahmednagar,Onion,300,1625,1100,30-04-2024
912,Ahmednagar,Onion,300,1800,1150,03-05-2024
913,Ahmednagar,Onion,300,2600,1550,05-05-2024
914,Ahmednagar,Onion,300,2800,2150,07-06-2024
915,Ahmednagar,Onion,500,3000,2500,28-07-2024
916,Ahmednagar,Onion,500,3000,2500,28-06-2024
917,Ahmednagar,Onion,500,3000,2500,30-07-2024
918,Ahmednagar,Onion,500,3000,2550,19-07-2024
919,Ahmednagar,Onion,500,3000,2600,04-08-2024
920,Ahmednagar,Onion,500,3000,2700,06-08-2024
921,Ahmednagar,Onion,500,3100,2500,21-07-2024
922,Ahmednagar,Onion,500,3100,2550,25-06-2024
923,Ahmednagar,Onion,500,3100,2600,02-08-2024
924,Ahmednagar,Onion,500,3100,2600,26-07-2024
925,Ahmednagar,Onion,500,3200,2100,14-06-2024
926,Ahmednagar,Onion,500,3200,2250,16-06-2024
927,Ahmednagar,Onion,500,3200,2600,07-07-2024
928,Ahmednagar,Onion,500,3200,2600,12-07-2024
929,Ahmednagar,Onion,500,3200,2600,30-06-2024
930,Ahmednagar,Onion,500,3300,2600,05-07-2024
931,Ahmednagar,Onion,500,3500,2900,09-08-2024
932,Ahmednagar,Onion,500,3600,2500,23-06-2024
933,Ahmednagar,Onion,500,3650,2650,18-06-2024
934,Ahmednagar,Onion,500,3700,2600,21-06-2024
935,Ahmednagar,Onion,700,4800,3100,03-11-2024
936,Ahmednagar,Onion,800,3700,3100,11-08-2024
937,Ahmednagar,Onion,1000,3600,3000,18-08-2024
938,Ahmednagar,Onion,1000,3700,3000,16-08-2024
939,Ahmednagar,Onion,1000,3700,3200,20-08-2024
940,Ahmednagar,Onion,1000,4000,3200,13-08-2024
941,Ahmednagar,Onion,1000,4000,3200,29-09-2024
942,Ahmednagar,Onion,1000,4000,3200,30-08-2024
943,Ahmednagar,Onion,1000,4200,3250,01-10-2024
944,Ahmednagar,Onion,1000,4400,3300,01-09-2024
945,Ahmednagar,Onion,1000,4500,3350,15-10-2024
946,Ahmednagar,Onion,1000,4500,3600,27-08-2024
947,Ahmednagar,Onion,1000,4500,3700,25-08-2024
948,Ahmednagar,Onion,1000,4500,3800,23-08-2024
949,Ahmednagar,Onion,1000,4700,3500,18-10-2024
950,Ahmednagar,Onion,1000,5000,2900,27-10-2024
951,Ahmednagar,Onion,1000,5000,3200,11-10-2024
952,Ahmednagar,Onion,1000,5000,3600,04-10-2024
953,Ahmednagar,Onion,1000,5000,3700,06-10-2024
954,Ahmednagar,Onion,1000,5500,3400,25-10-2024
955,Ahmednagar,Onion,1000,6000,2750,22-11-2024
956,Ahmednagar,Onion,1000,6000,2900,15-11-2024
957,Ahmednagar,Onion,1000,6000,2900,24-11-2024
958,Ahmednagar,Onion,1000,6000,3000,19-11-2024
959,Ahmednagar,Onion,1000,6000,3100,17-11-2024
960,Ahmednagar,Onion,1000,6000,3200,05-11-2024
961,Ahmednagar,Onion,1000,6000,3300,12-11-2024
962,Ahmednagar,Onion,1000,6500,3800,10-11-2024
963,Ahmednagar,Onion,1000,7000,3800,08-11-2024
964,Ahmednagar,Onion,1500,4500,3600,06-09-2024
965,Ahmednagar,Onion,1500,4500,3700,08-09-2024
966,Ahmednagar,Onion,1500,4500,3700,10-09-2024
967,Ahmednagar,Onion,1500,4600,3800,13-09-2024
968,Ahmednagar,Onion,1500,4700,3950,17-09-2024
969,Ahmednagar,Onion,1500,4700,4000,27-09-2024
970,Ahmednagar,Onion,1500,4800,4100,20-09-2024
971,Ahmednagar,Onion,1500,5500,4350,22-09-2024
972,Ahmednagar,Onion,2000,5500,4300,03-09-2024
973,Ahmednagar,Onion,2000,5500,4500,15-09-2024
974,Ahmednagar,Onion,300,1700,1230,08-03-2024
975,Ahmednagar,Onion,500,2500,1800,20-12-2024
976,Ahmednagar,Onion,500,3000,1900,22-12-2024
977,Ahmednagar,Onion,500,3000,2200,27-12-2024
978,Ahmednagar,Onion,500,3200,2250,29-12-2024
979,Ahmednagar,Onion,700,3500,2250,15-12-2024
980,Ahmednagar,Onion,700,4000,2650,31-12-2024
981,Ahmednagar,Onion,1000,4500,2900,13-12-2024
982,Ahmednagar,Onion,1000,5500,2800,03-12-2024
983,Ahmednagar,Onion,1000,5500,3500,06-12-2024
984,Ahmednagar,Onion,1000,5500,3600,10-12-2024
985,Ahmednagar,Onion,1000,6000,3650,08-12-2024
986,Ahmednagar,Onion,100,1600,1100,28-01-2024
987,Ahmednagar,Onion,100,1800,1400,01-03-2024
988,Ahmednagar,Onion,200,1800,1225,09-05-2024
989,Ahmednagar,Onion,200,2100,1250,17-05-2024
990,Ahmednagar,Onion,300,1500,1100,20-03-2024
991,Ahmednagar,Onion,300,1600,1125,17-03-2024
992,Ahmednagar,Onion,300,1600,1150,22-03-2024
993,Ahmednagar,Onion,300,1600,1250,19-04-2024
994,Ahmednagar,Onion,300,1600,1300,26-04-2024
995,Ahmednagar,Onion,300,1600,1300,28-04-2024
996,Ahmednagar,Onion,300,1600,1350,01-05-2024
997,Ahmednagar,Onion,300,1700,1275,15-03-2024
998,Ahmednagar,Onion,300,1700,1300,03-04-2024
999,Ahmednagar,Onion,300,1700,1300,07-04-2024
1000,Ahmednagar,Onion,300,1900,1325,10-03-2024
1001,Ahmednagar,Onion,300,2000,1350,13-03-2024
1002,Ahmednagar,Onion,300,2200,1350,22-05-2024
1003,Ahmednagar,Onion,300,2200,1375,19-05-2024
1004,Ahmednagar,Onion,300,2200,1400,24-05-2024
1005,Ahmednagar,Onion,300,2200,1450,15-05-2024
1006,Ahmednagar,Onion,300,2400,1450,26-05-2024
1007,Ahmednagar,Onion,300,2500,1600,29-05-2024
1008,Ahmednagar,Onion,400,1500,1150,21-04-2024
1009,Ahmednagar,Onion,400,1600,1150,24-04-2024
1010,Ahmednagar,Onion,400,1700,1250,24-03-2024
1011,Ahmednagar,Onion,400,1800,1300,27-03-2024
1012,Ahmednagar,Onion,400,1800,1300,29-03-2024
1013,Ahmednagar,Onion,400,1800,1300,31-03-2024
1014,Ahmednagar,Onion,400,1800,1350,05-04-2024
1015,Ahmednagar,Onion,400,2000,1450,03-05-2024
1016,Ahmednagar,Onion,500,2600,1900,05-05-2024
1017,Ahmednagar,Onion,500,2700,1650,02-06-2024
1018,Ahmednagar,Onion,500,2700,1800,31-05-2024
1019,Ahmednagar,Onion,500,2800,2050,05-06-2024
1020,Ahmednagar,Onion,500,3000,2200,07-06-2024
1021,Ahmednagar,Onion,500,5500,3850,08-12-2024
1022,Ahmednagar,Onion,700,3100,2100,14-06-2024
1023,Ahmednagar,Onion,700,3100,2400,12-06-2024
1024,Ahmednagar,Onion,700,3300,2125,16-06-2024
1025,Ahmednagar,Onion,800,3500,2600,21-06-2024
1026,Ahmednagar,Onion,1000,3000,2225,31-07-2024
1027,Ahmednagar,Onion,1000,3000,2300,02-08-2024
1028,Ahmednagar,Onion,1000,3000,2450,04-08-2024
1029,Ahmednagar,Onion,1000,3100,2250,28-07-2024
1030,Ahmednagar,Onion,1000,3100,2350,24-07-2024
1031,Ahmednagar,Onion,1000,3100,2450,26-07-2024
1032,Ahmednagar,Onion,1000,3100,2600,26-06-2024
1033,Ahmednagar,Onion,1000,3100,2650,19-07-2024
1034,Ahmednagar,Onion,1000,3100,2650,21-07-2024
1035,Ahmednagar,Onion,1000,3200,2500,07-07-2024
1036,Ahmednagar,Onion,1000,3200,2525,17-07-2024
1037,Ahmednagar,Onion,1000,3300,2250,10-07-2024
1038,Ahmednagar,Onion,1000,3300,2250,12-07-2024
1039,Ahmednagar,Onion,1000,3300,2425,05-07-2024
1040,Ahmednagar,Onion,1000,3300,2500,30-06-2024
1041,Ahmednagar,Onion,1000,3300,2600,07-08-2024
1042,Ahmednagar,Onion,1000,3500,2375,19-06-2024
1043,Ahmednagar,Onion,1000,3500,2400,09-06-2024
1044,Ahmednagar,Onion,1000,3500,2575,09-08-2024
1045,Ahmednagar,Onion,1000,3500,2600,23-06-2024
1046,Ahmednagar,Onion,1000,3500,2650,03-07-2024
1047,Ahmednagar,Onion,1000,4000,2950,30-08-2024
1048,Ahmednagar,Onion,1000,5000,3550,27-10-2024
1049,Ahmednagar,Onion,1500,3500,2800,16-08-2024
1050,Ahmednagar,Onion,1500,3600,2775,14-08-2024
1051,Ahmednagar,Onion,1500,3600,2800,18-08-2024
1052,Ahmednagar,Onion,1500,3700,2800,11-08-2024
1053,Ahmednagar,Onion,1500,4200,3450,28-08-2024
1054,Ahmednagar,Onion,1500,4200,3500,21-08-2024
1055,Ahmednagar,Onion,1500,4300,3650,29-09-2024
1056,Ahmednagar,Onion,1500,4500,3500,23-08-2024
1057,Ahmednagar,Onion,1500,4500,3550,25-08-2024
1058,Ahmednagar,Onion,1500,4500,3605,01-09-2024
1059,Ahmednagar,Onion,1500,4500,3750,06-09-2024
1060,Ahmednagar,Onion,1500,4500,3750,11-09-2024
1061,Ahmednagar,Onion,1500,4500,3750,13-09-2024
1062,Ahmednagar,Onion,1500,4500,3850,02-10-2024
1063,Ahmednagar,Onion,1500,4700,3950,09-10-2024
1064,Ahmednagar,Onion,1500,4700,4025,11-10-2024
1065,Ahmednagar,Onion,1500,4700,4125,13-10-2024
1066,Ahmednagar,Onion,1500,4800,3600,04-09-2024
1067,Ahmednagar,Onion,1500,4800,4075,27-09-2024
1068,Ahmednagar,Onion,1500,4900,4100,04-10-2024
1069,Ahmednagar,Onion,1500,5000,3850,20-10-2024
1070,Ahmednagar,Onion,1500,5000,3950,06-10-2024
1071,Ahmednagar,Onion,1500,5000,4000,18-09-2024
1072,Ahmednagar,Onion,1500,5000,4000,20-09-2024
1073,Ahmednagar,Onion,1500,5000,4200,18-10-2024
1074,Ahmednagar,Onion,1500,5000,4200,25-09-2024
1075,Ahmednagar,Onion,1500,5000,4250,16-10-2024
1076,Ahmednagar,Onion,1500,5200,3800,25-10-2024
1077,Ahmednagar,Onion,1500,5200,4325,22-09-2024
1078,Ahmednagar,Onion,1500,5200,4400,23-10-2024
1079,Ahmednagar,Onion,1500,5350,4250,15-09-2024
1080,Ahmednagar,Onion,2500,5800,4500,17-11-2024
1081,Ahmednagar,Onion,2500,6100,4500,13-11-2024
1082,Ahmednagar,Onion,2500,6100,4500,15-11-2024
1083,Ahmednagar,Onion,2500,6200,4500,22-11-2024
1084,Ahmednagar,Onion,2500,6700,5000,10-11-2024
1085,Ahmednagar,Onion,2500,7000,5200,08-11-2024
1086,Ahmednagar,Onion,2500,7200,5500,07-11-2024
1087,Ahmednagar,Onion,100,1500,950,26-01-2024
1088,Ahmednagar,Onion,100,1700,1150,31-01-2024
1089,Ahmednagar,Onion,100,1800,1100,04-02-2024
1090,Ahmednagar,Onion,100,1800,1100,24-01-2024
1091,Ahmednagar,Onion,200,1650,1075,02-02-2024
1092,Ahmednagar,Onion,200,1700,1100,07-02-2024
1093,Ahmednagar,Onion,200,1700,1150,11-02-2024
1094,Ahmednagar,Onion,200,1800,1125,16-02-2024
1095,Ahmednagar,Onion,200,1800,1150,09-02-2024
1096,Ahmednagar,Onion,200,1800,1200,14-02-2024
1097,Ahmednagar,Onion,200,1800,1350,21-01-2024
1098,Ahmednagar,Onion,300,2000,1300,21-02-2024
1099,Ahmednagar,Onion,300,2000,1375,08-03-2024
1100,Ahmednagar,Onion,300,2000,1400,19-01-2024
1101,Ahmednagar,Onion,300,2100,1400,06-03-2024
1102,Ahmednagar,Onion,300,2100,1425,17-01-2024
1103,Ahmednagar,Onion,300,2100,1500,28-02-2024
1104,Ahmednagar,Onion,300,2200,1400,18-02-2024
1105,Ahmednagar,Onion,300,2200,1475,14-01-2024
1106,Ahmednagar,Onion,300,2300,1500,23-02-2024
1107,Ahmednagar,Onion,300,2300,1550,03-03-2024
1108,Ahmednagar,Onion,300,2500,1575,10-01-2024
1109,Ahmednagar,Onion,300,2700,1850,03-01-2024
1110,Ahmednagar,Onion,400,2700,1725,25-02-2024
1111,Ahmednagar,Onion,500,2250,1525,05-01-2024
1112,Ahmednagar,Onion,500,2300,1500,07-01-2024
1113,Ahmednagar,Onion,500,3000,2075,18-12-2024
1114,Ahmednagar,Onion,500,3000,2100,20-12-2024
1115,Ahmednagar,Onion,500,3100,2200,22-12-2024
1116,Ahmednagar,Onion,500,3200,2300,25-12-2024
1117,Ahmednagar,Onion,500,3500,2500,01-01-2025
1118,Ahmednagar,Onion,500,3500,2500,03-11-2024
1119,Ahmednagar,Onion,500,3700,3400,15-12-2024
1120,Ahmednagar,Onion,500,4300,3500,13-12-2024
1121,Ahmednagar,Onion,500,4500,3500,15-11-2024
1122,Ahmednagar,Onion,500,4600,3200,13-11-2024
1123,Ahmednagar,Onion,500,5000,3325,04-12-2024
1124,Ahmednagar,Onion,500,5000,3500,17-11-2024
1125,Ahmednagar,Onion,500,5100,3500,07-11-2024
1126,Ahmednagar,Onion,500,5100,3500,10-11-2024
1127,Ahmednagar,Onion,500,5200,3000,08-11-2024
1128,Ahmednagar,Onion,500,5200,3500,06-12-2024
1129,Ahmednagar,Onion,500,5500,3500,22-11-2024
1130,Ahmednagar,Onion,500,5600,3500,27-11-2024
1131,Ahmednagar,Onion,2500,6800,5000,24-11-2024
1132,Ahmednagar,Onion,2,22,15,07-05-2024
1133,Ahmednagar,Onion,2,1600,1200,17-05-2024
1134,Ahmednagar,Onion,100,1000,700,28-01-2024
1135,Ahmednagar,Onion,200,900,600,09-02-2024
1136,Ahmednagar,Onion,200,1200,800,16-02-2024
1137,Ahmednagar,Onion,200,1300,1000,19-03-2024
1138,Ahmednagar,Onion,200,1400,1000,10-05-2024
1139,Ahmednagar,Onion,200,1400,1000,23-02-2024
1140,Ahmednagar,Onion,200,1400,1000,28-04-2024
1141,Ahmednagar,Onion,200,1400,1200,17-03-2024
1142,Ahmednagar,Onion,200,1400,1200,22-03-2024
1143,Ahmednagar,Onion,200,1400,1200,23-04-2024
1144,Ahmednagar,Onion,200,1425,1200,30-04-2024
1145,Ahmednagar,Onion,200,1450,1000,26-04-2024
1146,Ahmednagar,Onion,200,1500,1000,05-04-2024
1147,Ahmednagar,Onion,200,1500,1000,14-05-2024
1148,Ahmednagar,Onion,200,1600,1200,16-01-2024
1149,Ahmednagar,Onion,200,1700,1400,24-05-2024
1150,Ahmednagar,Onion,200,1725,1200,03-05-2024
1151,Ahmednagar,Onion,200,1800,1200,28-05-2024
1152,Ahmednagar,Onion,200,1900,1200,21-05-2024
1153,Ahmednagar,Onion,200,2000,1500,27-02-2024
1154,Ahmednagar,Onion,200,2100,1400,26-05-2024
1155,Ahmednagar,Onion,200,2200,1500,19-05-2024
1156,Ahmednagar,Onion,200,4400,2500,09-10-2024
1157,Ahmednagar,Onion,300,1300,600,04-02-2024
1158,Ahmednagar,Onion,300,1300,1000,29-03-2024
1159,Ahmednagar,Onion,300,1400,1200,12-03-2024
1160,Ahmednagar,Onion,300,1500,1000,07-01-2024
1161,Ahmednagar,Onion,300,1500,1000,31-03-2024
1162,Ahmednagar,Onion,300,1500,1050,01-03-2024
1163,Ahmednagar,Onion,300,1500,1200,05-03-2024
1164,Ahmednagar,Onion,300,1550,1200,19-04-2024
1165,Ahmednagar,Onion,300,1550,1300,19-01-2024
1166,Ahmednagar,Onion,300,1600,1200,02-04-2024
1167,Ahmednagar,Onion,300,1600,1200,15-03-2024
1168,Ahmednagar,Onion,300,1600,1200,26-03-2024
1169,Ahmednagar,Onion,300,1750,1300,09-01-2024
1170,Ahmednagar,Onion,300,1750,1500,10-03-2024
1171,Ahmednagar,Onion,300,1800,1200,14-01-2024
1172,Ahmednagar,Onion,300,1800,1200,23-01-2024
1173,Ahmednagar,Onion,300,1800,1500,03-03-2024
1174,Ahmednagar,Onion,300,1800,1500,08-03-2024
1175,Ahmednagar,Onion,300,2000,1200,25-02-2024
1176,Ahmednagar,Onion,300,2000,1500,05-01-2024
1177,Ahmednagar,Onion,300,2300,1500,02-06-2024
1178,Ahmednagar,Onion,300,2500,1500,31-05-2024
1179,Ahmednagar,Onion,300,3100,2000,11-06-2024
1180,Ahmednagar,Onion,300,5000,3050,10-11-2024
1181,Ahmednagar,Onion,400,1400,1000,02-02-2024
1182,Ahmednagar,Onion,500,2300,1500,05-05-2024
1183,Ahmednagar,Onion,500,2900,2000,14-06-2024
1184,Ahmednagar,Onion,500,3000,1500,20-12-2024
1185,Ahmednagar,Onion,500,3100,2000,07-07-2024
1186,Ahmednagar,Onion,500,3100,2000,07-06-2024
1187,Ahmednagar,Onion,500,3200,2000,30-06-2024
1188,Ahmednagar,Onion,500,3400,2200,05-07-2024
1189,Ahmednagar,Onion,500,3400,2500,06-08-2024
1190,Ahmednagar,Onion,500,3500,2000,02-07-2024
1191,Ahmednagar,Onion,500,3500,2500,31-12-2024
1192,Ahmednagar,Onion,500,3600,2500,22-12-2024
1193,Ahmednagar,Onion,500,4000,2000,29-12-2024
1194,Ahmednagar,Onion,500,4000,2250,01-01-2025
1195,Ahmednagar,Onion,500,4100,2600,02-10-2024
1196,Ahmednagar,Onion,500,4300,3500,15-11-2024
1197,Ahmednagar,Onion,500,4500,2500,13-12-2024
1198,Ahmednagar,Onion,500,4500,3500,12-11-2024
1199,Ahmednagar,Onion,600,3300,2500,09-08-2024
1200,Ahmednagar,Onion,600,3700,3000,30-08-2024
1201,Ahmednagar,Onion,600,4200,3000,11-10-2024
1202,Ahmednagar,Onion,700,1600,1300,21-01-2024
1203,Ahmednagar,Onion,700,3100,2500,02-08-2024
1204,Ahmednagar,Onion,700,3800,2000,01-10-2024
1205,Ahmednagar,Onion,700,4200,3000,29-09-2024
1206,Ahmednagar,Onion,700,4600,2650,16-10-2024
1207,Ahmednagar,Onion,800,4300,3500,25-08-2024
1208,Ahmednagar,Onion,800,4700,3000,23-08-2024
1209,Ahmednagar,Onion,800,4800,2800,20-10-2024
1210,Ahmednagar,Onion,800,5000,2900,03-11-2024
1211,Ahmednagar,Onion,800,5000,2900,13-11-2024
1212,Ahmednagar,Onion,800,5100,2200,23-10-2024
1213,Ahmednagar,Onion,1000,3000,2000,04-08-2024
1214,Ahmednagar,Onion,1000,4000,3000,11-08-2024
1215,Ahmednagar,Onion,1000,4100,3500,15-10-2024
1216,Ahmednagar,Onion,1000,4200,3200,25-10-2024
1217,Ahmednagar,Onion,1000,4200,3500,10-09-2024
1218,Ahmednagar,Onion,1000,4200,3500,27-08-2024
1219,Ahmednagar,Onion,1000,4400,3000,08-09-2024
1220,Ahmednagar,Onion,1000,4400,3200,22-10-2024
1221,Ahmednagar,Onion,1000,4400,3500,13-09-2024
1222,Ahmednagar,Onion,1000,4500,3200,04-10-2024
1223,Ahmednagar,Onion,1000,4500,3500,06-09-2024
1224,Ahmednagar,Onion,1000,4500,3500,18-10-2024
1225,Ahmednagar,Onion,1000,4800,3500,27-10-2024
1226,Ahmednagar,Onion,1000,5000,3500,03-09-2024
1227,Ahmednagar,Onion,1000,5025,4000,06-12-2024
1228,Ahmednagar,Onion,1000,5200,4000,10-12-2024
1229,Ahmednagar,Onion,1000,5500,3500,08-11-2024
1230,Ahmednagar,Onion,1000,6300,3650,08-12-2024
1231,Ahmednagar,Onion,1000,6600,3800,27-11-2024
1232,Ahmednagar,Onion,1100,4500,2800,13-10-2024
1233,Ahmednagar,Onion,1200,4200,2500,01-09-2024
1234,Ahmednagar,Onion,1200,4700,3500,20-09-2024
1235,Ahmednagar,Onion,1200,5200,4000,15-09-2024
1236,Ahmednagar,Onion,1400,5000,3500,22-09-2024
1237,Ahmednagar,Onion,1500,5000,3250,27-09-2024
1238,Ahmednagar,Onion,1500,6100,4500,24-09-2024
1239,Ahmednagar,Onion,200,1400,1000,16-02-2024
1240,Ahmednagar,Onion,200,1400,1050,13-02-2024
1241,Ahmednagar,Onion,200,1400,1100,22-03-2024
1242,Ahmednagar,Onion,200,1500,1100,24-03-2024
1243,Ahmednagar,Onion,200,1500,1200,19-03-2024
1244,Ahmednagar,Onion,200,1600,1100,18-02-2024
1245,Ahmednagar,Onion,200,1600,1150,05-04-2024
1246,Ahmednagar,Onion,200,1600,1150,06-02-2024
1247,Ahmednagar,Onion,200,1600,1200,26-04-2024
1248,Ahmednagar,Onion,200,1600,1200,30-04-2024
1249,Ahmednagar,Onion,200,1600,1300,21-04-2024
1250,Ahmednagar,Onion,200,1650,1100,28-04-2024
1251,Ahmednagar,Onion,200,1650,1200,02-04-2024
1252,Ahmednagar,Onion,200,1650,1200,17-03-2024
1253,Ahmednagar,Onion,200,1700,1100,14-04-2024
1254,Ahmednagar,Onion,200,1700,1100,19-04-2024
1255,Ahmednagar,Onion,200,1700,1300,26-03-2024
1256,Ahmednagar,Onion,200,1800,1200,03-05-2024
1257,Ahmednagar,Onion,200,1800,1200,15-03-2024
1258,Ahmednagar,Onion,200,1800,1300,09-04-2024
1259,Ahmednagar,Onion,200,1800,1400,07-04-2024
1260,Ahmednagar,Onion,200,1900,1450,14-01-2024
1261,Ahmednagar,Onion,200,2000,1500,12-05-2024
1262,Ahmednagar,Onion,250,2100,1500,21-05-2024
1263,Ahmednagar,Onion,250,2200,1500,24-05-2024
1264,Ahmednagar,Onion,300,1300,900,28-01-2024
1265,Ahmednagar,Onion,300,2100,1300,20-02-2024
1266,Ahmednagar,Onion,300,2100,1400,10-03-2024
1267,Ahmednagar,Onion,300,2100,1500,17-05-2024
1268,Ahmednagar,Onion,300,2100,1600,01-03-2024
1269,Ahmednagar,Onion,300,2100,1600,03-03-2024
1270,Ahmednagar,Onion,300,2200,1500,19-05-2024
1271,Ahmednagar,Onion,300,2400,1600,25-02-2024
1272,Ahmednagar,Onion,300,2600,1700,27-02-2024
1273,Ahmednagar,Onion,350,2200,1500,26-05-2024
1274,Ahmednagar,Onion,350,2400,1700,28-05-2024
1275,Ahmednagar,Onion,350,2700,1800,31-05-2024
1276,Ahmednagar,Onion,400,1300,1050,11-02-2024
1277,Ahmednagar,Onion,400,1400,1050,09-02-2024
1278,Ahmednagar,Onion,400,2500,1500,05-05-2024
1279,Ahmednagar,Onion,400,2600,1900,02-06-2024
1280,Ahmednagar,Onion,400,2700,1900,04-06-2024
1281,Ahmednagar,Onion,400,3100,2500,14-06-2024
1282,Ahmednagar,Onion,400,3105,2200,07-06-2024
1283,Ahmednagar,Onion,500,1900,1450,10-05-2024
1284,Ahmednagar,Onion,500,3100,2350,19-07-2024
1285,Ahmednagar,Onion,500,3100,2400,04-08-2024
1286,Ahmednagar,Onion,500,3100,2400,26-07-2024
1287,Ahmednagar,Onion,500,3100,2400,30-07-2024
1288,Ahmednagar,Onion,500,3100,2450,02-08-2024
1289,Ahmednagar,Onion,500,3100,2450,23-07-2024
1290,Ahmednagar,Onion,500,3100,2500,28-07-2024
1291,Ahmednagar,Onion,500,3200,2400,18-06-2024
1292,Ahmednagar,Onion,500,3200,2450,25-06-2024
1293,Ahmednagar,Onion,500,3200,2450,28-06-2024
1294,Ahmednagar,Onion,500,3200,2500,21-07-2024
1295,Ahmednagar,Onion,500,3200,2550,23-06-2024
1296,Ahmednagar,Onion,500,3200,2600,06-08-2024
1297,Ahmednagar,Onion,500,3300,2550,30-06-2024
1298,Ahmednagar,Onion,500,3300,2600,09-07-2024
1299,Ahmednagar,Onion,500,3300,2650,12-07-2024
1300,Ahmednagar,Onion,500,3400,2400,16-06-2024
1301,Ahmednagar,Onion,500,3400,2700,07-07-2024
1302,Ahmednagar,Onion,500,3500,2550,21-06-2024
1303,Ahmednagar,Onion,500,3500,2650,02-07-2024
1304,Ahmednagar,Onion,500,4500,3700,06-09-2024
1305,Ahmednagar,Onion,500,4500,3700,13-09-2024
1306,Ahmednagar,Onion,500,4600,3400,08-09-2024
1307,Ahmednagar,Onion,500,4600,3400,25-08-2024
1308,Ahmednagar,Onion,500,4600,3500,27-08-2024
1309,Ahmednagar,Onion,500,4800,3700,18-10-2024
1310,Ahmednagar,Onion,500,5100,4300,25-10-2024
1311,Ahmednagar,Onion,500,5100,4500,27-10-2024
1312,Ahmednagar,Onion,500,5200,4200,22-10-2024
1313,Ahmednagar,Onion,500,5500,4200,22-09-2024
1314,Ahmednagar,Onion,500,6000,4500,19-11-2024
1315,Ahmednagar,Onion,500,6200,4500,24-11-2024
1316,Ahmednagar,Onion,500,6300,5300,10-11-2024
1317,Ahmednagar,Onion,550,3300,2700,16-07-2024
1318,Ahmednagar,Onion,550,3500,2700,05-07-2024
1319,Ahmednagar,Onion,600,2000,1550,12-03-2024
1320,Ahmednagar,Onion,600,2000,1550,14-05-2024
1321,Ahmednagar,Onion,600,2100,1550,08-03-2024
1322,Ahmednagar,Onion,600,2100,1650,07-05-2024
1323,Ahmednagar,Onion,600,2200,1500,05-03-2024
1324,Ahmednagar,Onion,700,3300,2700,14-07-2024
1325,Ahmednagar,Onion,700,3800,2500,09-06-2024
1326,Ahmednagar,Onion,800,3600,2900,09-08-2024
1327,Ahmednagar,Onion,800,3600,3000,16-08-2024
1328,Ahmednagar,Onion,800,4500,3350,13-12-2024
1329,Ahmednagar,Onion,1000,3700,2700,11-08-2024
1330,Ahmednagar,Onion,1000,3700,3050,13-08-2024
1331,Ahmednagar,Onion,1000,3700,3200,18-08-2024
1332,Ahmednagar,Onion,1000,5000,4200,20-10-2024
1333,Ahmednagar,Onion,1000,5500,4250,03-09-2024
1334,Ahmednagar,Onion,1000,5600,4600,15-09-2024
1335,Ahmednagar,Onion,1000,5800,4350,08-12-2024
1336,Ahmednagar,Onion,1000,6500,4700,17-11-2024
1337,Ahmednagar,Onion,1000,6500,5400,12-11-2024
1338,Ahmednagar,Onion,1200,4300,3450,01-10-2024
1339,Ahmednagar,Onion,1200,4500,3700,13-10-2024
1340,Ahmednagar,Onion,1200,4600,2950,15-10-2024
1341,Ahmednagar,Onion,1200,4800,4200,06-10-2024
1342,Ahmednagar,Onion,1200,6100,4750,06-12-2024
1343,Ahmednagar,Onion,1200,6100,4750,22-11-2024
1344,Ahmednagar,Onion,1300,4800,3950,04-10-2024
1345,Ahmednagar,Onion,1300,5000,4150,27-09-2024
1346,Ahmednagar,Onion,1300,5100,4250,29-10-2024
1347,Ahmednagar,Onion,1400,5000,3825,20-09-2024
1348,Ahmednagar,Onion,1500,4150,3250,30-08-2024
1349,Ahmednagar,Onion,1500,5000,4000,23-08-2024
1350,Ahmednagar,Onion,1700,4600,3550,11-10-2024
1351,Ahmednagar,Onion,1700,5500,4350,24-09-2024
1352,Ahmednagar,Onion,1750,4700,3700,10-09-2024
1353,Ahmednagar,Onion,1800,3800,3000,20-08-2024
1354,Ahmednagar,Onion,1800,5100,3850,17-09-2024
1355,Ahmednagar,Onion,200,1500,1050,23-01-2024
1356,Ahmednagar,Onion,200,2000,1500,12-01-2024
1357,Ahmednagar,Onion,300,1400,1050,30-01-2024
1358,Ahmednagar,Onion,300,2100,1250,23-02-2024
1359,Ahmednagar,Onion,300,2200,1750,05-01-2024
1360,Ahmednagar,Onion,300,2200,1850,07-01-2024
1361,Ahmednagar,Onion,300,2500,1900,02-01-2024
1362,Ahmednagar,Onion,300,2800,1750,22-12-2024
1363,Ahmednagar,Onion,350,3000,1850,20-12-2024
1364,Ahmednagar,Onion,400,3200,1850,27-12-2024
1365,Ahmednagar,Onion,500,1600,1300,21-01-2024
1366,Ahmednagar,Onion,500,1900,1550,16-01-2024
1367,Ahmednagar,Onion,600,2100,1750,09-01-2024
1368,Ahmednagar,Onion,600,4000,2550,15-12-2024
1369,Ahmednagar,Onion,1200,6000,4250,10-12-2024
1370,Ahmednagar,Onion,100,1350,750,09-02-2024
1371,Ahmednagar,Onion,100,1400,750,02-02-2024
1372,Ahmednagar,Onion,100,1400,750,06-02-2024
1373,Ahmednagar,Onion,100,1400,750,23-01-2024
1374,Ahmednagar,Onion,100,1500,800,13-02-2024
1375,Ahmednagar,Onion,100,1500,800,16-02-2024
1376,Ahmednagar,Onion,100,1500,800,19-03-2024
1377,Ahmednagar,Onion,100,1500,800,21-04-2024
1378,Ahmednagar,Onion,100,1500,800,22-03-2024
1379,Ahmednagar,Onion,100,1500,800,26-04-2024
1380,Ahmednagar,Onion,100,1600,850,19-04-2024
1381,Ahmednagar,Onion,100,1600,850,28-04-2024
1382,Ahmednagar,Onion,100,1600,850,30-04-2024
1383,Ahmednagar,Onion,100,1700,900,05-04-2024
1384,Ahmednagar,Onion,100,1700,900,18-02-2024
1385,Ahmednagar,Onion,100,1700,900,24-03-2024
1386,Ahmednagar,Onion,100,1700,900,26-03-2024
1387,Ahmednagar,Onion,100,1700,900,29-03-2024
1388,Ahmednagar,Onion,100,1700,900,31-03-2024
1389,Ahmednagar,Onion,100,1800,950,01-03-2024
1390,Ahmednagar,Onion,100,1800,950,03-05-2024
1391,Ahmednagar,Onion,100,1800,950,11-05-2024
1392,Ahmednagar,Onion,100,1800,950,12-05-2024
1393,Ahmednagar,Onion,100,1800,950,14-05-2024
1394,Ahmednagar,Onion,100,1900,1000,05-03-2024
1395,Ahmednagar,Onion,100,1900,1000,07-01-2024
1396,Ahmednagar,Onion,100,1900,1000,10-03-2024
1397,Ahmednagar,Onion,100,1900,1000,12-01-2024
1398,Ahmednagar,Onion,100,1900,1000,15-03-2024
1399,Ahmednagar,Onion,100,1900,1000,16-01-2024
1400,Ahmednagar,Onion,100,1900,1000,19-05-2024
1401,Ahmednagar,Onion,100,1900,1000,21-05-2024
1402,Ahmednagar,Onion,100,1900,1000,24-05-2024
1403,Ahmednagar,Onion,100,2000,1050,08-03-2024
1404,Ahmednagar,Onion,100,2000,1050,12-03-2024
1405,Ahmednagar,Onion,100,2000,1050,26-05-2024
1406,Ahmednagar,Onion,100,2100,1100,05-01-2024
1407,Ahmednagar,Onion,100,2100,1100,17-05-2024
1408,Ahmednagar,Onion,100,2100,1100,23-02-2024
1409,Ahmednagar,Onion,100,2200,1150,27-02-2024
1410,Ahmednagar,Onion,100,2300,1200,05-05-2024
1411,Ahmednagar,Onion,100,2300,1200,20-02-2024
1412,Ahmednagar,Onion,100,2300,1200,25-02-2024
1413,Ahmednagar,Onion,100,2300,1200,28-01-2024
1414,Ahmednagar,Onion,100,2600,1350,20-12-2024
1415,Ahmednagar,Onion,100,2600,1350,22-12-2024
1416,Ahmednagar,Onion,100,2600,1350,31-05-2024
1417,Ahmednagar,Onion,100,2700,1400,17-12-2024
1418,Ahmednagar,Onion,100,3000,1550,24-12-2024
1419,Ahmednagar,Onion,100,3100,2050,07-06-2024
1420,Ahmednagar,Onion,100,3200,1650,27-12-2024
1421,Ahmednagar,Onion,100,3600,1850,29-12-2024
1422,Ahmednagar,Onion,100,5000,2550,15-09-2024
1423,Ahmednagar,Onion,200,3000,1600,02-08-2024
1424,Ahmednagar,Onion,200,3000,1600,14-07-2024
1425,Ahmednagar,Onion,200,3000,1600,23-07-2024
1426,Ahmednagar,Onion,200,3100,1650,06-08-2024
1427,Ahmednagar,Onion,200,3100,1650,09-06-2024
1428,Ahmednagar,Onion,200,3100,1650,12-07-2024
1429,Ahmednagar,Onion,200,3200,1700,02-07-2024
1430,Ahmednagar,Onion,200,3200,1700,09-07-2024
1431,Ahmednagar,Onion,200,3300,1750,05-07-2024
1432,Ahmednagar,Onion,200,3300,1750,07-07-2024
1433,Ahmednagar,Onion,200,3300,1750,28-06-2024
1434,Ahmednagar,Onion,200,3400,1800,31-12-2024
1435,Ahmednagar,Onion,200,4100,2150,23-08-2024
1436,Ahmednagar,Onion,200,4200,2200,25-08-2024
1437,Ahmednagar,Onion,500,3400,1950,09-08-2024
1438,Ahmednagar,Onion,500,3625,2050,15-12-2024
1439,Ahmednagar,Onion,500,3800,2150,30-08-2024
1440,Ahmednagar,Onion,500,4200,2350,01-09-2024
1441,Ahmednagar,Onion,500,4200,2350,27-08-2024
1442,Ahmednagar,Onion,500,4300,2400,29-09-2024
1443,Ahmednagar,Onion,500,4400,2450,06-09-2024
1444,Ahmednagar,Onion,500,4400,2450,13-09-2024
1445,Ahmednagar,Onion,500,4500,2500,13-12-2024
1446,Ahmednagar,Onion,500,4500,2500,13-10-2024
1447,Ahmednagar,Onion,500,4600,2550,06-10-2024
1448,Ahmednagar,Onion,500,4700,2600,11-10-2024
1449,Ahmednagar,Onion,500,4700,2600,27-09-2024
1450,Ahmednagar,Onion,500,4800,2650,03-09-2024
1451,Ahmednagar,Onion,500,4805,2650,18-10-2024
1452,Ahmednagar,Onion,500,4900,2700,04-10-2024
1453,Ahmednagar,Onion,500,5000,2750,15-10-2024
1454,Ahmednagar,Onion,500,5000,2750,20-09-2024
1455,Ahmednagar,Onion,500,5000,2750,22-09-2024
1456,Ahmednagar,Onion,500,5000,2750,24-09-2024
1457,Ahmednagar,Onion,500,5100,2800,20-10-2024
1458,Ahmednagar,Onion,500,5200,2850,25-10-2024
1459,Ahmednagar,Onion,500,5200,2850,27-10-2024
1460,Ahmednagar,Onion,500,5400,2950,22-10-2024
1461,Ahmednagar,Onion,500,5500,3000,08-12-2024
1462,Ahmednagar,Onion,500,5800,3150,01-12-2024
1463,Ahmednagar,Onion,500,5800,3150,17-11-2024
1464,Ahmednagar,Onion,500,6000,3250,12-11-2024
1465,Ahmednagar,Onion,500,6050,3275,10-11-2024
1466,Ahmednagar,Onion,500,6100,3300,24-11-2024
1467,Ahmednagar,Onion,500,6200,3350,05-11-2024
1468,Ahmednagar,Onion,500,6250,3375,22-11-2024
1469,Ahmednagar,Onion,500,6400,3450,03-12-2024
1470,Ahmednagar,Onion,500,6525,3510,10-12-2024
1471,Ahmednagar,Onion,500,6700,3600,08-11-2024
1472,Ahmednagar,Onion,500,7000,3750,26-11-2024
1473,Ahmednagar,Onion,500,7025,3760,06-12-2024
1474,Ahmednagar,Onion,2700,4500,3600,23-09-2024
1475,Ahmednagar,Onion,100,1600,850,19-01-2024
1476,Ahmednagar,Onion,100,2200,1150,14-01-2024
1477,Ahmednagar,Onion,100,1600,900,29-04-2024
1478,Ahmednagar,Onion,100,1600,1000,15-04-2024
1479,Ahmednagar,Onion,100,1700,900,09-05-2024
1480,Ahmednagar,Onion,100,1700,900,11-05-2024
1481,Ahmednagar,Onion,100,1900,1000,16-05-2024
1482,Ahmednagar,Onion,100,1900,1200,09-03-2024
1483,Ahmednagar,Onion,100,2000,1000,23-05-2024
1484,Ahmednagar,Onion,100,2000,1100,25-05-2024
1485,Ahmednagar,Onion,100,2000,1200,11-03-2024
1486,Ahmednagar,Onion,100,2000,1200,18-05-2024
1487,Ahmednagar,Onion,100,2100,1200,20-05-2024
1488,Ahmednagar,Onion,100,2200,1200,27-05-2024
1489,Ahmednagar,Onion,200,1500,900,08-04-2024
1490,Ahmednagar,Onion,200,1500,900,22-04-2024
1491,Ahmednagar,Onion,200,1600,900,06-04-2024
1492,Ahmednagar,Onion,200,1600,900,25-04-2024
1493,Ahmednagar,Onion,200,1600,900,27-04-2024
1494,Ahmednagar,Onion,200,1600,1000,13-04-2024
1495,Ahmednagar,Onion,200,1700,1000,04-04-2024
1496,Ahmednagar,Onion,200,1700,1000,30-03-2024
1497,Ahmednagar,Onion,200,2000,1100,04-05-2024
1498,Ahmednagar,Onion,200,2400,1500,01-06-2024
1499,Ahmednagar,Onion,200,2500,1500,03-06-2024
1500,Ahmednagar,Onion,200,2800,1700,06-06-2024
1501,Ahmednagar,Onion,200,2800,1700,19-12-2024
1502,Ahmednagar,Onion,200,2800,1800,30-05-2024
1503,Ahmednagar,Onion,200,2900,1700,21-12-2024
1504,Ahmednagar,Onion,200,2900,1700,23-12-2024
1505,Ahmednagar,Onion,200,3000,2000,17-06-2024
1506,Ahmednagar,Onion,200,3100,2200,29-06-2024
1507,Ahmednagar,Onion,200,3200,2000,26-12-2024
1508,Ahmednagar,Onion,200,3300,2000,28-12-2024
1509,Ahmednagar,Onion,200,3500,2400,30-12-2024
1510,Ahmednagar,Onion,200,4500,3200,21-11-2024
1511,Ahmednagar,Onion,200,5000,3600,23-11-2024
1512,Ahmednagar,Onion,300,1700,1100,01-04-2024
1513,Ahmednagar,Onion,300,2900,1700,13-06-2024
1514,Ahmednagar,Onion,300,2900,2300,01-08-2024
1515,Ahmednagar,Onion,300,2900,2300,03-08-2024
1516,Ahmednagar,Onion,300,3000,2100,15-06-2024
1517,Ahmednagar,Onion,300,3000,2200,22-07-2024
1518,Ahmednagar,Onion,300,3000,2400,25-07-2024
1519,Ahmednagar,Onion,300,3100,2000,10-06-2024
1520,Ahmednagar,Onion,300,3100,2100,24-06-2024
1521,Ahmednagar,Onion,300,3100,2200,15-07-2024
1522,Ahmednagar,Onion,300,3100,2300,06-07-2024
1523,Ahmednagar,Onion,300,3100,2300,18-07-2024
1524,Ahmednagar,Onion,300,3200,2200,08-06-2024
1525,Ahmednagar,Onion,300,3200,2200,20-06-2024
1526,Ahmednagar,Onion,300,3200,2300,08-07-2024
1527,Ahmednagar,Onion,300,3200,2300,11-07-2024
1528,Ahmednagar,Onion,300,3300,2200,22-06-2024
1529,Ahmednagar,Onion,300,3300,2300,01-07-2024
1530,Ahmednagar,Onion,300,4400,3200,17-10-2024
1531,Ahmednagar,Onion,500,3000,2400,05-08-2024
1532,Ahmednagar,Onion,500,3000,2400,27-07-2024
1533,Ahmednagar,Onion,500,3000,2400,29-07-2024
1534,Ahmednagar,Onion,500,3100,2300,20-07-2024
1535,Ahmednagar,Onion,500,3200,2700,08-08-2024
1536,Ahmednagar,Onion,500,3300,2400,04-07-2024
1537,Ahmednagar,Onion,500,3400,3000,10-08-2024
1538,Ahmednagar,Onion,500,3500,3000,15-08-2024
1539,Ahmednagar,Onion,500,3500,3000,17-08-2024
1540,Ahmednagar,Onion,500,3600,3100,12-08-2024
1541,Ahmednagar,Onion,500,3600,3200,19-08-2024
1542,Ahmednagar,Onion,500,4000,3200,29-08-2024
1543,Ahmednagar,Onion,500,4000,3200,30-09-2024
1544,Ahmednagar,Onion,500,4000,3200,31-08-2024
1545,Ahmednagar,Onion,500,4100,3200,28-09-2024
1546,Ahmednagar,Onion,500,4200,3500,12-09-2024
1547,Ahmednagar,Onion,500,4300,3600,03-10-2024
1548,Ahmednagar,Onion,500,4300,3600,07-09-2024
1549,Ahmednagar,Onion,500,4300,3600,09-09-2024
1550,Ahmednagar,Onion,500,4300,3700,02-09-2024
1551,Ahmednagar,Onion,500,4500,3200,19-10-2024
1552,Ahmednagar,Onion,500,4500,3200,21-10-2024
1553,Ahmednagar,Onion,500,4500,3500,07-10-2024
1554,Ahmednagar,Onion,500,4500,3500,10-10-2024
1555,Ahmednagar,Onion,500,4500,3500,12-10-2024
1556,Ahmednagar,Onion,500,4500,3500,14-10-2024
1557,Ahmednagar,Onion,500,4600,3600,05-10-2024
1558,Ahmednagar,Onion,500,4700,3600,24-10-2024
1559,Ahmednagar,Onion,500,4700,3600,28-10-2024
1560,Ahmednagar,Onion,500,4800,3600,26-10-2024
1561,Ahmednagar,Onion,500,5600,4500,14-11-2024
1562,Ahmednagar,Onion,500,6000,4500,07-11-2024
1563,Ahmednagar,Onion,500,6100,4500,11-11-2024
1564,Ahmednagar,Onion,500,6100,5000,09-11-2024
1565,Ahmednagar,Onion,1000,4200,3700,26-08-2024
1566,Ahmednagar,Onion,1000,4300,3700,22-08-2024
1567,Ahmednagar,Onion,1000,4700,3700,19-09-2024
1568,Ahmednagar,Onion,1000,4800,3600,26-09-2024
1569,Ahmednagar,Onion,1000,5000,3800,23-09-2024
1570,Ahmednagar,Onion,1000,5000,4100,21-09-2024
1571,Ahmednagar,Onion,1000,5000,4400,16-09-2024
1572,Ahmednagar,Onion,1000,5100,4400,14-09-2024
1573,Ahmednagar,Onion,1000,5500,4200,04-11-2024
1574,Ahmednagar,Onion,100,1100,700,27-01-2024
1575,Ahmednagar,Onion,100,1200,700,25-01-2024
1576,Ahmednagar,Onion,100,1300,800,10-02-2024
1577,Ahmednagar,Onion,100,1400,800,12-02-2024
1578,Ahmednagar,Onion,100,1400,900,05-02-2024
1579,Ahmednagar,Onion,100,1400,900,29-01-2024
1580,Ahmednagar,Onion,100,1500,900,08-02-2024
1581,Ahmednagar,Onion,100,1500,900,15-02-2024
1582,Ahmednagar,Onion,100,1500,900,18-03-2024
1583,Ahmednagar,Onion,100,1500,900,22-02-2024
1584,Ahmednagar,Onion,100,1600,1000,16-03-2024
1585,Ahmednagar,Onion,100,1600,1000,17-02-2024
1586,Ahmednagar,Onion,100,1700,1100,20-01-2024
1587,Ahmednagar,Onion,100,1800,1000,14-03-2024
1588,Ahmednagar,Onion,100,1800,1000,28-03-2024
1589,Ahmednagar,Onion,100,1800,1100,18-01-2024
1590,Ahmednagar,Onion,200,1500,900,21-03-2024
1591,Ahmednagar,Onion,200,1550,1000,23-03-2024
1592,Ahmednagar,Onion,200,1600,900,03-02-2024
1593,Ahmednagar,Onion,200,1600,1100,01-02-2024
1594,Ahmednagar,Onion,200,1700,1000,25-03-2024
1595,Ahmednagar,Onion,200,1800,1000,29-02-2024
1596,Ahmednagar,Onion,200,1900,1100,02-03-2024
1597,Ahmednagar,Onion,200,1900,1100,04-03-2024
1598,Ahmednagar,Onion,200,2000,1200,07-03-2024
1599,Ahmednagar,Onion,200,2000,1300,13-01-2024
1600,Ahmednagar,Onion,200,2000,1400,19-02-2024
1601,Ahmednagar,Onion,200,2100,1200,24-02-2024
1602,Ahmednagar,Onion,200,2100,1400,08-01-2024
1603,Ahmednagar,Onion,200,2200,1400,11-01-2024
1604,Ahmednagar,Onion,200,2300,1400,04-01-2024
1605,Ahmednagar,Onion,200,2300,1500,01-01-2024
1606,Ahmednagar,Onion,200,2300,1700,06-01-2024
1607,Ahmednagar,Onion,200,2900,1700,23-12-2024
1608,Ahmednagar,Onion,200,3700,2300,14-12-2024
1609,Ahmednagar,Onion,200,4000,2600,28-10-2024
1610,Ahmednagar,Onion,200,4500,3000,14-11-2024
1611,Ahmednagar,Onion,200,4500,3200,04-11-2024
1612,Ahmednagar,Onion,200,4500,3200,11-11-2024
1613,Ahmednagar,Onion,200,4500,3500,07-11-2024
1614,Ahmednagar,Onion,200,4700,3200,16-11-2024
1615,Ahmednagar,Onion,200,5000,3100,05-12-2024
1616,Ahmednagar,Onion,200,5000,3300,25-11-2024
1617,Ahmednagar,Onion,200,5100,3200,02-12-2024
1618,Ahmednagar,Onion,200,5600,3800,07-12-2024
1619,Ahmednagar,Onion,300,4000,2500,21-10-2024
1620,Ahmednagar,Onion,300,4000,2600,31-10-2024
1621,Ahmednagar,Onion,300,4000,3000,24-10-2024
1622,Ahmednagar,Onion,300,4400,3000,19-10-2024
1623,Ahmednagar,Onion,300,4500,3200,26-10-2024
1624,Ahmednagar,Onion,300,4600,3200,09-11-2024
1625,Ahmednagar,Onion,300,5000,3300,12-12-2024
1626,Ahmednagar,Onion,300,5500,3500,28-11-2024
1627,Ahmednagar,Onion,500,5700,4000,09-12-2024
1628,Ahmednagar,Onion,100,1451,775,22-03-2024
1629,Ahmednagar,Onion,100,1461,780,20-03-2024
1630,Ahmednagar,Onion,100,1501,800,19-03-2024
1631,Ahmednagar,Onion,100,1551,825,21-03-2024
1632,Ahmednagar,Onion,100,1601,850,08-04-2024
1633,Ahmednagar,Onion,100,1611,855,18-03-2024
1634,Ahmednagar,Onion,100,1611,855,25-03-2024
1635,Ahmednagar,Onion,150,1700,925,15-03-2024
1636,Ahmednagar,Onion,150,1701,925,01-04-2024
1637,Ahmednagar,Onion,150,1701,925,02-04-2024
1638,Ahmednagar,Onion,150,1701,925,29-03-2024
1639,Ahmednagar,Onion,150,1711,930,03-04-2024
1640,Ahmednagar,Onion,150,1801,975,05-04-2024
1641,Ahmednagar,Onion,150,1900,1025,14-03-2024
1642,Ahmednagar,Onion,150,2001,1075,07-03-2024
1643,Ahmednagar,Onion,151,1711,931,26-03-2024
1644,Ahmednagar,Onion,200,1551,875,24-04-2024
1645,Ahmednagar,Onion,200,1586,843,15-04-2024
1646,Ahmednagar,Onion,200,1600,900,29-04-2024
1647,Ahmednagar,Onion,200,1601,900,22-04-2024
1648,Ahmednagar,Onion,200,1601,900,25-04-2024
1649,Ahmednagar,Onion,200,1651,925,26-04-2024
1650,Ahmednagar,Onion,200,1675,937,30-04-2024
1651,Ahmednagar,Onion,200,1701,950,02-05-2024
1652,Ahmednagar,Onion,200,1701,950,28-03-2024
1653,Ahmednagar,Onion,200,1751,975,19-04-2024
1654,Ahmednagar,Onion,200,1751,975,27-03-2024
1655,Ahmednagar,Onion,200,1800,1000,09-05-2024
1656,Ahmednagar,Onion,200,1900,1050,10-05-2024
1657,Ahmednagar,Onion,200,1951,1075,14-05-2024
1658,Ahmednagar,Onion,200,2000,1100,08-03-2024
1659,Ahmednagar,Onion,200,2000,1100,08-05-2024
1660,Ahmednagar,Onion,200,2000,1100,11-03-2024
1661,Ahmednagar,Onion,200,2000,1100,12-03-2024
1662,Ahmednagar,Onion,200,2000,1100,23-04-2024
1663,Ahmednagar,Onion,200,2001,1100,03-05-2024
1664,Ahmednagar,Onion,200,2001,1100,16-05-2024
1665,Ahmednagar,Onion,200,2011,1105,24-05-2024
1666,Ahmednagar,Onion,200,2061,1130,13-03-2024
1667,Ahmednagar,Onion,200,2100,1150,07-05-2024
1668,Ahmednagar,Onion,200,2100,1150,15-05-2024
1669,Ahmednagar,Onion,200,2100,1150,20-05-2024
1670,Ahmednagar,Onion,200,2100,1150,23-05-2024
1671,Ahmednagar,Onion,200,2101,1150,21-05-2024
1672,Ahmednagar,Onion,200,2111,1155,06-03-2024
1673,Ahmednagar,Onion,200,2200,1200,22-05-2024
1674,Ahmednagar,Onion,200,2251,1225,17-05-2024
1675,Ahmednagar,Onion,200,2400,1300,06-05-2024
1676,Ahmednagar,Onion,200,2600,1400,04-06-2024
1677,Ahmednagar,Onion,300,2501,1400,03-06-2024
1678,Ahmednagar,Onion,300,2725,1512,05-06-2024
1679,Ahmednagar,Onion,300,2811,1555,30-05-2024
1680,Ahmednagar,Onion,300,2951,1625,07-06-2024
1681,Ahmednagar,Onion,300,3000,1650,25-07-2024
1682,Ahmednagar,Onion,300,3100,1700,19-07-2024
1683,Ahmednagar,Onion,300,3100,1750,24-07-2024
1684,Ahmednagar,Onion,300,3200,1650,10-07-2024
1685,Ahmednagar,Onion,300,3300,1800,11-07-2024
1686,Ahmednagar,Onion,300,3333,1816,17-06-2024
1687,Ahmednagar,Onion,400,2800,1600,13-06-2024
1688,Ahmednagar,Onion,400,2800,1600,14-06-2024
1689,Ahmednagar,Onion,400,2811,1605,29-05-2024
1690,Ahmednagar,Onion,400,2955,1678,30-07-2024
1691,Ahmednagar,Onion,400,3000,1700,22-07-2024
1692,Ahmednagar,Onion,400,3111,1755,18-07-2024
1693,Ahmednagar,Onion,400,3125,1763,15-07-2024
1694,Ahmednagar,Onion,400,3200,1800,08-07-2024
1695,Ahmednagar,Onion,400,3211,1806,25-06-2024
1696,Ahmednagar,Onion,400,3211,1806,26-06-2024
1697,Ahmednagar,Onion,400,3221,1811,27-06-2024
1698,Ahmednagar,Onion,400,3232,1816,12-07-2024
1699,Ahmednagar,Onion,400,3251,1826,16-07-2024
1700,Ahmednagar,Onion,400,3311,1850,04-07-2024
1701,Ahmednagar,Onion,400,3333,1867,05-07-2024
1702,Ahmednagar,Onion,400,3351,1875,17-07-2024
1703,Ahmednagar,Onion,400,3401,1900,01-07-2024
1704,Ahmednagar,Onion,400,3411,1905,09-07-2024
1705,Ahmednagar,Onion,400,3451,1925,21-06-2024
1706,Ahmednagar,Onion,400,3500,1950,10-06-2024
1707,Ahmednagar,Onion,400,3501,2000,03-07-2024
1708,Ahmednagar,Onion,500,2611,1555,27-05-2024
1709,Ahmednagar,Onion,500,2651,1575,28-05-2024
1710,Ahmednagar,Onion,500,2800,1650,31-05-2024
1711,Ahmednagar,Onion,500,2811,1655,06-06-2024
1712,Ahmednagar,Onion,500,3000,1750,01-08-2024
1713,Ahmednagar,Onion,500,3000,1750,02-08-2024
1714,Ahmednagar,Onion,500,3000,1750,31-07-2024
1715,Ahmednagar,Onion,500,3051,1775,05-08-2024
1716,Ahmednagar,Onion,500,3100,1800,11-06-2024
1717,Ahmednagar,Onion,500,3100,1800,26-07-2024
1718,Ahmednagar,Onion,500,3131,1815,06-08-2024
1719,Ahmednagar,Onion,500,3200,1850,12-06-2024
1720,Ahmednagar,Onion,500,3232,1866,07-08-2024
1721,Ahmednagar,Onion,500,3300,1900,28-06-2024
1722,Ahmednagar,Onion,500,3301,1900,18-06-2024
1723,Ahmednagar,Onion,500,3333,1917,24-06-2024
1724,Ahmednagar,Onion,500,3500,2000,20-06-2024
1725,Ahmednagar,Onion,500,3611,2055,19-06-2024
1726,Ahmednagar,Onion,500,3611,2056,02-07-2024
1727,Ahmednagar,Onion,1000,2951,1975,29-07-2024
1728,Ahmednagar,Onion,1000,3000,2000,10-08-2024
1729,Ahmednagar,Onion,1000,3311,2155,08-08-2024
1730,Ahmednagar,Onion,1000,3600,2300,09-08-2024
1731,Ahmednagar,Onion,1000,4000,2500,26-08-2024
1732,Ahmednagar,Onion,1000,4400,2700,11-10-2024
1733,Ahmednagar,Onion,1200,4351,2775,02-10-2024
1734,Ahmednagar,Onion,1200,5000,3100,21-10-2024
1735,Ahmednagar,Onion,1500,2422,1961,04-05-2024
1736,Ahmednagar,Onion,1500,3800,2650,19-08-2024
1737,Ahmednagar,Onion,1500,4000,2750,12-08-2024
1738,Ahmednagar,Onion,1500,4000,2750,14-08-2024
1739,Ahmednagar,Onion,1500,4100,2800,27-08-2024
1740,Ahmednagar,Onion,1500,4200,2850,28-08-2024
1741,Ahmednagar,Onion,1500,4200,2850,29-08-2024
1742,Ahmednagar,Onion,1500,4400,2950,10-09-2024
1743,Ahmednagar,Onion,1500,4400,2950,12-09-2024
1744,Ahmednagar,Onion,1500,4500,3000,07-10-2024
1745,Ahmednagar,Onion,1500,4500,3000,09-09-2024
1746,Ahmednagar,Onion,1500,4500,3000,11-09-2024
1747,Ahmednagar,Onion,1500,4500,3000,30-09-2024
1748,Ahmednagar,Onion,1500,4511,3005,23-08-2024
1749,Ahmednagar,Onion,1500,4600,3050,02-09-2024
1750,Ahmednagar,Onion,1500,4600,3050,03-10-2024
1751,Ahmednagar,Onion,1500,4711,3105,13-09-2024
1752,Ahmednagar,Onion,1500,4711,3105,14-10-2024
1753,Ahmednagar,Onion,1500,4800,3150,09-10-2024
1754,Ahmednagar,Onion,1500,4900,3200,17-10-2024
1755,Ahmednagar,Onion,1500,4900,3200,19-09-2024
1756,Ahmednagar,Onion,1500,5000,3250,04-10-2024
1757,Ahmednagar,Onion,1500,5000,3250,15-10-2024
1758,Ahmednagar,Onion,1500,5000,3250,18-10-2024
1759,Ahmednagar,Onion,1500,5000,3250,18-09-2024
1760,Ahmednagar,Onion,1500,5000,3255,01-10-2024
1761,Ahmednagar,Onion,1500,5001,3250,20-09-2024
1762,Ahmednagar,Onion,1500,5021,3260,27-09-2024
1763,Ahmednagar,Onion,1500,5051,3275,23-09-2024
1764,Ahmednagar,Onion,1500,5101,3300,24-10-2024
1765,Ahmednagar,Onion,1500,5150,3325,23-10-2024
1766,Ahmednagar,Onion,1500,5200,3350,24-09-2024
1767,Ahmednagar,Onion,1500,6200,3850,21-11-2024
1768,Ahmednagar,Onion,1800,4000,2900,16-08-2024
1769,Ahmednagar,Onion,1800,4851,3325,16-10-2024
1770,Ahmednagar,Onion,1800,5000,3400,22-10-2024
1771,Ahmednagar,Onion,1800,5011,3405,16-09-2024
1772,Ahmednagar,Onion,1800,5100,3450,26-09-2024
1773,Ahmednagar,Onion,1800,5100,3450,30-10-2024
1774,Ahmednagar,Onion,1800,5200,3500,25-10-2024
1775,Ahmednagar,Onion,1800,5300,3550,28-10-2024
1776,Ahmednagar,Onion,1800,5500,3650,31-10-2024
1777,Ahmednagar,Onion,1800,6000,3900,15-11-2024
1778,Ahmednagar,Onion,1800,6100,3950,12-11-2024
1779,Ahmednagar,Onion,1800,6100,3950,14-11-2024
1780,Ahmednagar,Onion,1800,6200,4000,13-11-2024
1781,Ahmednagar,Onion,1800,6500,4150,26-11-2024
1782,Ahmednagar,Onion,2000,4311,3155,21-08-2024
1783,Ahmednagar,Onion,2000,4411,3205,10-10-2024
1784,Ahmednagar,Onion,2000,4500,3250,22-08-2024
1785,Ahmednagar,Onion,2000,5001,3500,04-09-2024
1786,Ahmednagar,Onion,2000,6000,4000,11-11-2024
1787,Ahmednagar,Onion,2000,6100,4050,07-11-2024
1788,Ahmednagar,Onion,2200,7500,4850,08-11-2024
1789,Ahmednagar,Onion,100,1200,650,19-03-2024
1790,Ahmednagar,Onion,100,1200,650,20-03-2024
1791,Ahmednagar,Onion,100,1400,750,18-03-2024
1792,Ahmednagar,Onion,100,1500,800,14-03-2024
1793,Ahmednagar,Onion,100,1500,800,15-03-2024
1794,Ahmednagar,Onion,100,1500,801,25-01-2024
1795,Ahmednagar,Onion,100,1600,850,30-01-2024
1796,Ahmednagar,Onion,100,2000,1050,31-01-2024
1797,Ahmednagar,Onion,150,1501,825,09-02-2024
1798,Ahmednagar,Onion,150,1511,830,07-02-2024
1799,Ahmednagar,Onion,150,1600,875,13-03-2024
1800,Ahmednagar,Onion,150,1811,980,02-02-2024
1801,Ahmednagar,Onion,150,1900,1025,11-03-2024
1802,Ahmednagar,Onion,150,1951,1050,21-02-2024
1803,Ahmednagar,Onion,150,2001,1075,15-02-2024
1804,Ahmednagar,Onion,150,2101,1125,05-03-2024
1805,Ahmednagar,Onion,150,2150,1125,01-03-2024
1806,Ahmednagar,Onion,151,1551,851,08-02-2024
1807,Ahmednagar,Onion,151,1600,875,12-02-2024
1808,Ahmednagar,Onion,151,1701,925,06-02-2024
1809,Ahmednagar,Onion,151,1801,975,05-02-2024
1810,Ahmednagar,Onion,151,1811,981,14-02-2024
1811,Ahmednagar,Onion,151,2100,1125,22-02-2024
1812,Ahmednagar,Onion,151,2500,1325,23-02-2024
1813,Ahmednagar,Onion,200,1511,856,29-01-2024
1814,Ahmednagar,Onion,200,1700,950,23-01-2024
1815,Ahmednagar,Onion,200,1783,992,13-02-2024
1816,Ahmednagar,Onion,200,1800,1000,18-01-2024
1817,Ahmednagar,Onion,200,1800,1000,24-01-2024
1818,Ahmednagar,Onion,200,1811,1005,16-02-2024
1819,Ahmednagar,Onion,200,1851,1026,19-01-2024
1820,Ahmednagar,Onion,200,1900,1050,01-02-2024
1821,Ahmednagar,Onion,200,2000,1100,07-03-2024
1822,Ahmednagar,Onion,200,2000,1100,08-03-2024
1823,Ahmednagar,Onion,200,2000,1100,12-03-2024
1824,Ahmednagar,Onion,200,2000,1100,16-01-2024
1825,Ahmednagar,Onion,200,2000,1100,17-01-2024
1826,Ahmednagar,Onion,200,2100,1150,06-03-2024
1827,Ahmednagar,Onion,200,2121,1160,15-01-2024
1828,Ahmednagar,Onion,200,2151,1175,29-02-2024
1829,Ahmednagar,Onion,200,2201,1200,04-03-2024
1830,Ahmednagar,Onion,200,2251,1225,27-02-2024
1831,Ahmednagar,Onion,200,2300,1250,10-01-2024
1832,Ahmednagar,Onion,200,2300,1250,12-01-2024
1833,Ahmednagar,Onion,200,2300,1300,08-01-2024
1834,Ahmednagar,Onion,200,2351,1275,28-02-2024
1835,Ahmednagar,Onion,200,2411,1305,19-02-2024
1836,Ahmednagar,Onion,200,2451,1325,26-02-2024
1837,Ahmednagar,Onion,200,2501,1350,20-02-2024
1838,Ahmednagar,Onion,300,2300,1300,05-01-2024
1839,Ahmednagar,Onion,300,2300,1300,09-01-2024
1840,Ahmednagar,Onion,300,2400,1350,04-01-2024
1841,Ahmednagar,Onion,300,2400,1350,11-01-2024
1842,Ahmednagar,Onion,300,2500,1400,01-01-2024
1843,Ahmednagar,Onion,300,2525,1412,02-01-2024
1844,Ahmednagar,Onion,300,2600,1450,03-01-2024
1845,Ahmednagar,Onion,400,1250,825,29-12-2024
1846,Ahmednagar,Onion,500,2751,1625,20-12-2024
1847,Ahmednagar,Onion,500,2800,1650,18-12-2024
1848,Ahmednagar,Onion,500,2800,1650,23-12-2024
1849,Ahmednagar,Onion,500,2811,1655,19-12-2024
1850,Ahmednagar,Onion,500,3000,1750,17-12-2024
1851,Ahmednagar,Onion,500,3100,1800,24-12-2024
1852,Ahmednagar,Onion,500,3201,1850,27-12-2024
1853,Ahmednagar,Onion,500,3251,1876,26-12-2024
1854,Ahmednagar,Onion,500,3411,1855,25-12-2024
1855,Ahmednagar,Onion,500,3500,2000,16-12-2024
1856,Ahmednagar,Onion,500,3526,2013,30-12-2024
1857,Ahmednagar,Onion,500,3651,2076,01-01-2025
1858,Ahmednagar,Onion,500,3751,2125,31-12-2024
1859,Ahmednagar,Onion,1000,4200,2600,30-09-2024
1860,Ahmednagar,Onion,1000,4251,2625,01-10-2024
1861,Ahmednagar,Onion,1000,4251,2625,30-10-2024
1862,Ahmednagar,Onion,1000,4300,2650,27-09-2024
1863,Ahmednagar,Onion,1000,4400,2700,02-10-2024
1864,Ahmednagar,Onion,1000,4400,2700,09-10-2024
1865,Ahmednagar,Onion,1000,4500,2750,04-10-2024
1866,Ahmednagar,Onion,1000,4500,2750,07-10-2024
1867,Ahmednagar,Onion,1000,4500,2750,11-10-2024
1868,Ahmednagar,Onion,1000,4500,2750,24-09-2024
1869,Ahmednagar,Onion,1000,4511,2755,15-10-2024
1870,Ahmednagar,Onion,1000,4565,2782,23-10-2024
1871,Ahmednagar,Onion,1000,4600,2800,14-10-2024
1872,Ahmednagar,Onion,1000,4611,2825,18-10-2024
1873,Ahmednagar,Onion,1000,4711,2855,24-10-2024
1874,Ahmednagar,Onion,1000,4751,2425,28-10-2024
1875,Ahmednagar,Onion,1000,4751,2875,21-10-2024
1876,Ahmednagar,Onion,1000,5351,1225,18-11-2024
1877,Ahmednagar,Onion,1000,5451,3225,11-11-2024
1878,Ahmednagar,Onion,1200,4411,2805,29-10-2024
1879,Ahmednagar,Onion,1200,4500,2700,26-09-2024
1880,Ahmednagar,Onion,1200,4511,2855,20-09-2024
1881,Ahmednagar,Onion,1200,4600,2900,31-10-2024
1882,Ahmednagar,Onion,1200,4711,2955,25-10-2024
1883,Ahmednagar,Onion,1200,4851,3025,13-12-2024
1884,Ahmednagar,Onion,1200,5500,3350,13-11-2024
1885,Ahmednagar,Onion,1200,5501,3351,14-11-2024
1886,Ahmednagar,Onion,1200,5800,3500,11-12-2024
1887,Ahmednagar,Onion,1375,5652,3476,21-11-2024
1888,Ahmednagar,Onion,1400,5411,3405,02-12-2024
1889,Ahmednagar,Onion,1500,4611,3055,03-10-2024
1890,Ahmednagar,Onion,1500,4801,3150,23-09-2024
1891,Ahmednagar,Onion,1500,5000,3250,17-10-2024
1892,Ahmednagar,Onion,1500,5200,3350,12-12-2024
1893,Ahmednagar,Onion,1500,5311,3405,22-11-2024
1894,Ahmednagar,Onion,1500,5500,3500,15-11-2024
1895,Ahmednagar,Onion,1500,5500,3500,19-11-2024
1896,Ahmednagar,Onion,1500,5500,3500,26-11-2024
1897,Ahmednagar,Onion,1500,5501,3500,04-12-2024
1898,Ahmednagar,Onion,1500,5600,3550,03-12-2024
1899,Ahmednagar,Onion,1500,5600,3550,09-12-2024
1900,Ahmednagar,Onion,1500,5600,3550,27-11-2024
1901,Ahmednagar,Onion,1500,5700,3600,25-11-2024
1902,Ahmednagar,Onion,1500,5700,3600,28-11-2024
1903,Ahmednagar,Onion,1500,5800,3620,12-11-2024
1904,Ahmednagar,Onion,1500,5800,3650,08-11-2024
1905,Ahmednagar,Onion,1500,5900,3700,06-12-2024
1906,Ahmednagar,Onion,1500,6000,3750,05-12-2024
1907,Ahmednagar,Onion,1500,6200,3850,10-12-2024
1908,Ahmednagar,Onion,1700,4611,3155,16-10-2024
1909,Ahmednagar,Onion,1751,4851,3301,22-10-2024
1910,Ahmednagar,Onion,1800,5700,3750,07-11-2024
1911,Ahmednagar,Onion,2100,4600,3350,10-10-2024
1912,Ahmednagar,Onion,700,3100,2300,29-06-2024
1913,Ahmednagar,Onion,900,1200,900,29-01-2024
1914,Ahmednagar,Onion,900,1475,900,12-02-2024
1915,Ahmednagar,Onion,1000,1400,1000,10-02-2024
1916,Ahmednagar,Onion,1000,1400,1000,15-02-2024
1917,Ahmednagar,Onion,1000,1400,1400,08-02-2024
1918,Ahmednagar,Onion,1000,1400,1400,09-05-2024
1919,Ahmednagar,Onion,1000,1500,1000,02-05-2024
1920,Ahmednagar,Onion,1000,1500,1000,15-04-2024
1921,Ahmednagar,Onion,1100,1500,1100,06-04-2024
1922,Ahmednagar,Onion,1100,1500,1100,08-04-2024
1923,Ahmednagar,Onion,1100,1500,1100,20-01-2024
1924,Ahmednagar,Onion,1100,1500,1100,28-03-2024
1925,Ahmednagar,Onion,1100,1500,1100,29-04-2024
1926,Ahmednagar,Onion,1100,1550,1100,04-04-2024
1927,Ahmednagar,Onion,1100,1650,1100,16-05-2024
1928,Ahmednagar,Onion,1100,4430,3650,18-10-2024
1929,Ahmednagar,Onion,1200,1500,1200,13-04-2024
1930,Ahmednagar,Onion,1200,1500,1200,22-04-2024
1931,Ahmednagar,Onion,1200,1500,1500,17-02-2024
1932,Ahmednagar,Onion,1200,1500,1500,18-03-2024
1933,Ahmednagar,Onion,1200,1600,1200,01-02-2024
1934,Ahmednagar,Onion,1200,1600,1200,16-03-2024
1935,Ahmednagar,Onion,1200,1600,1200,23-03-2024
1936,Ahmednagar,Onion,1200,1700,1200,02-03-2024
1937,Ahmednagar,Onion,1400,1700,1400,14-03-2024
1938,Ahmednagar,Onion,1400,1800,1800,18-01-2024
1939,Ahmednagar,Onion,1400,1900,1400,15-01-2024
1940,Ahmednagar,Onion,1400,1900,1900,08-01-2024
1941,Ahmednagar,Onion,1400,2000,2000,25-05-2024
1942,Ahmednagar,Onion,1400,4460,3850,25-10-2024
1943,Ahmednagar,Onion,1500,2000,2000,06-01-2024
1944,Ahmednagar,Onion,1500,2200,1500,18-05-2024
1945,Ahmednagar,Onion,1500,2200,1500,27-05-2024
1946,Ahmednagar,Onion,1500,2300,1500,04-01-2024
1947,Ahmednagar,Onion,1500,2300,1500,04-05-2024
1948,Ahmednagar,Onion,1500,6500,5500,08-11-2024
1949,Ahmednagar,Onion,1600,2000,1600,04-03-2024
1950,Ahmednagar,Onion,1600,2000,1600,06-05-2024
1951,Ahmednagar,Onion,1600,2000,1600,23-05-2024
1952,Ahmednagar,Onion,1600,2600,1600,01-06-2024
1953,Ahmednagar,Onion,1650,5815,4500,05-11-2024
1954,Ahmednagar,Onion,1700,2500,1700,03-06-2024
1955,Ahmednagar,Onion,1700,3000,2450,16-12-2024
1956,Ahmednagar,Onion,1775,3850,2750,15-11-2024
1957,Ahmednagar,Onion,1800,4565,4300,22-10-2024
1958,Ahmednagar,Onion,1900,8100,4500,11-10-2024
1959,Ahmednagar,Onion,2000,2300,2150,11-07-2024
1960,Ahmednagar,Onion,2000,2800,2250,19-12-2024
1961,Ahmednagar,Onion,2000,3000,2650,21-12-2024
1962,Ahmednagar,Onion,2000,3400,2500,26-12-2024
1963,Ahmednagar,Onion,2000,4100,3850,13-12-2024
1964,Ahmednagar,Onion,2100,3200,2100,17-06-2024
1965,Ahmednagar,Onion,2200,3000,2600,23-12-2024
1966,Ahmednagar,Onion,2300,2800,2450,03-08-2024
1967,Ahmednagar,Onion,2300,4000,2300,08-06-2024
1968,Ahmednagar,Onion,2400,3000,2450,05-08-2024
1969,Ahmednagar,Onion,2400,3000,2550,01-08-2024
1970,Ahmednagar,Onion,2400,3000,2750,20-07-2024
1971,Ahmednagar,Onion,2400,3100,2400,15-07-2024
1972,Ahmednagar,Onion,2400,3100,2550,29-07-2024
1973,Ahmednagar,Onion,2400,3100,2650,25-07-2024
1974,Ahmednagar,Onion,2400,3100,2650,27-07-2024
1975,Ahmednagar,Onion,2400,3100,2750,18-07-2024
1976,Ahmednagar,Onion,2400,3100,2750,22-07-2024
1977,Ahmednagar,Onion,2400,3100,2850,08-08-2024
1978,Ahmednagar,Onion,2400,3200,2750,08-07-2024
1979,Ahmednagar,Onion,2400,3300,2700,06-07-2024
1980,Ahmednagar,Onion,2500,3100,2500,24-06-2024
1981,Ahmednagar,Onion,2500,3100,2750,13-07-2024
1982,Ahmednagar,Onion,2500,3300,2750,28-12-2024
1983,Ahmednagar,Onion,2500,3400,2500,01-07-2024
1984,Ahmednagar,Onion,2500,3500,2750,30-12-2024
1985,Ahmednagar,Onion,2600,3200,2600,22-06-2024
1986,Ahmednagar,Onion,2600,3300,2950,14-12-2024
1987,Ahmednagar,Onion,2700,3600,2850,10-08-2024
1988,Ahmednagar,Onion,2800,3600,3000,04-07-2024
1989,Ahmednagar,Onion,2800,3800,3350,31-08-2024
1990,Ahmednagar,Onion,3000,3600,3200,17-08-2024
1991,Ahmednagar,Onion,3000,3600,3350,19-08-2024
1992,Ahmednagar,Onion,3000,3700,3350,15-08-2024
1993,Ahmednagar,Onion,3000,4100,3650,29-08-2024
1994,Ahmednagar,Onion,3000,4200,3650,10-10-2024
1995,Ahmednagar,Onion,3000,4200,3750,12-09-2024
1996,Ahmednagar,Onion,3000,4200,3750,28-09-2024
1997,Ahmednagar,Onion,3000,4400,3700,26-08-2024
1998,Ahmednagar,Onion,3000,4500,3750,19-09-2024
1999,Ahmednagar,Onion,3000,4700,3750,28-10-2024
2000,Ahmednagar,Onion,3100,3800,3200,12-08-2024
2001,Ahmednagar,Onion,3300,4000,3450,03-10-2024
2002,Ahmednagar,Onion,3400,4400,3750,07-09-2024
2003,Ahmednagar,Onion,3400,4400,3750,09-09-2024
2004,Ahmednagar,Onion,3500,4200,3650,05-10-2024
2005,Ahmednagar,Onion,3500,4200,3750,02-09-2024
2006,Ahmednagar,Onion,3500,4400,3750,24-08-2024
2007,Ahmednagar,Onion,3500,4500,3750,17-10-2024
2008,Ahmednagar,Onion,3500,4500,4000,02-12-2024
2009,Ahmednagar,Onion,3500,4700,3900,22-08-2024
2010,Ahmednagar,Onion,3500,5050,4250,24-10-2024
2011,Ahmednagar,Onion,3600,4500,3850,05-09-2024
2012,Ahmednagar,Onion,3600,4600,3850,18-11-2024
2013,Ahmednagar,Onion,4000,4500,4250,14-10-2024
2014,Ahmednagar,Onion,4000,4500,4300,26-10-2024
2015,Ahmednagar,Onion,4000,4500,4350,19-10-2024
2016,Ahmednagar,Onion,4000,4600,4250,21-10-2024
2017,Ahmednagar,Onion,4000,4600,4250,26-09-2024
2018,Ahmednagar,Onion,4000,4600,4350,16-09-2024
2019,Ahmednagar,Onion,4000,4800,4250,12-12-2024
2020,Ahmednagar,Onion,4000,4800,4450,23-09-2024
2021,Ahmednagar,Onion,4000,5000,4250,14-11-2024
2022,Ahmednagar,Onion,4000,5000,4250,21-11-2024
2023,Ahmednagar,Onion,4000,5000,4350,04-11-2024
2024,Ahmednagar,Onion,4000,5100,4250,21-09-2024
2025,Ahmednagar,Onion,4000,5100,4350,25-11-2024
2026,Ahmednagar,Onion,4000,5200,4250,23-11-2024
2027,Ahmednagar,Onion,4000,5400,4250,11-11-2024
2028,Ahmednagar,Onion,4000,5500,4650,14-09-2024
2029,Ahmednagar,Onion,4000,5650,4350,09-11-2024
2030,Ahmednagar,Onion,4000,6200,4650,07-11-2024
2031,Ahmednagar,Onion,4200,5100,4550,05-12-2024
2032,Ahmednagar,Onion,4500,5400,4750,09-12-2024
2033,Ahmednagar,Onion,4500,5500,4650,07-12-2024
2034,Ahmednagar,Onion,500,800,800,12-02-2024
2035,Ahmednagar,Onion,600,800,800,29-01-2024
2036,Ahmednagar,Onion,600,900,900,02-05-2024
2037,Ahmednagar,Onion,600,900,900,09-05-2024
2038,Ahmednagar,Onion,600,900,900,10-02-2024
2039,Ahmednagar,Onion,600,1000,1000,06-04-2024
2040,Ahmednagar,Onion,600,1000,1000,08-04-2024
2041,Ahmednagar,Onion,600,1000,1000,16-05-2024
2042,Ahmednagar,Onion,700,900,900,08-02-2024
2043,Ahmednagar,Onion,700,900,900,15-04-2024
2044,Ahmednagar,Onion,700,900,900,15-02-2024
2045,Ahmednagar,Onion,700,1000,700,17-02-2024
2046,Ahmednagar,Onion,700,1000,1000,04-04-2024
2047,Ahmednagar,Onion,700,1000,1000,20-01-2024
2048,Ahmednagar,Onion,700,1000,1000,28-03-2024
2049,Ahmednagar,Onion,700,1000,1000,29-04-2024
2050,Ahmednagar,Onion,700,1100,1100,13-04-2024
2051,Ahmednagar,Onion,800,1000,1000,16-03-2024
2052,Ahmednagar,Onion,800,1100,800,22-04-2024
2053,Ahmednagar,Onion,800,1100,1100,01-02-2024
2054,Ahmednagar,Onion,800,1100,1100,23-03-2024
2055,Ahmednagar,Onion,900,1100,1100,02-03-2024
2056,Ahmednagar,Onion,900,1100,1100,18-03-2024
2057,Ahmednagar,Onion,900,1200,1200,18-01-2024
2058,Ahmednagar,Onion,900,1400,1400,04-05-2024
2059,Ahmednagar,Onion,1000,1200,1200,14-03-2024
2060,Ahmednagar,Onion,1000,1300,1000,15-01-2024
2061,Ahmednagar,Onion,1000,1300,1300,08-01-2024
2062,Ahmednagar,Onion,1000,1300,1300,25-05-2024
2063,Ahmednagar,Onion,1000,1400,1400,04-01-2024
2064,Ahmednagar,Onion,1000,1400,1400,06-01-2024
2065,Ahmednagar,Onion,1000,1400,1400,18-05-2024
2066,Ahmednagar,Onion,1000,1400,1400,27-05-2024
2067,Ahmednagar,Onion,1000,1500,1000,23-05-2024
2068,Ahmednagar,Onion,1000,1500,1500,01-06-2024
2069,Ahmednagar,Onion,1000,1500,1500,04-03-2024
2070,Ahmednagar,Onion,1000,1500,1500,06-05-2024
2071,Ahmednagar,Onion,1100,1600,1600,03-06-2024
2072,Ahmednagar,Onion,1100,2000,2000,17-06-2024
2073,Ahmednagar,Onion,1200,1600,1300,16-12-2024
2074,Ahmednagar,Onion,1200,1800,1450,19-12-2024
2075,Ahmednagar,Onion,1200,1800,1650,21-12-2024
2076,Ahmednagar,Onion,1500,1800,1650,26-12-2024
2077,Ahmednagar,Onion,1500,2000,1700,23-12-2024
2078,Ahmednagar,Onion,1500,2200,2200,08-06-2024
2079,Ahmednagar,Onion,1500,2300,2300,15-07-2024
2080,Ahmednagar,Onion,1600,2400,1950,28-12-2024
2081,Ahmednagar,Onion,1600,2400,2400,01-07-2024
2082,Ahmednagar,Onion,1600,2400,2400,24-06-2024
2083,Ahmednagar,Onion,1600,2500,2200,14-12-2024
2084,Ahmednagar,Onion,1700,2400,2150,13-07-2024
2085,Ahmednagar,Onion,1800,2200,1950,03-08-2024
2086,Ahmednagar,Onion,1800,2300,1950,05-08-2024
2087,Ahmednagar,Onion,1800,2300,1950,08-08-2024
2088,Ahmednagar,Onion,1800,2300,2050,01-08-2024
2089,Ahmednagar,Onion,1800,2300,2150,29-07-2024
2090,Ahmednagar,Onion,1800,2500,2500,22-06-2024
2091,Ahmednagar,Onion,1800,2600,2150,31-08-2024
2092,Ahmednagar,Onion,1800,3800,2550,21-09-2024
2093,Ahmednagar,Onion,2000,2300,2100,06-07-2024
2094,Ahmednagar,Onion,2000,2300,2100,22-07-2024
2095,Ahmednagar,Onion,2000,2300,2100,25-07-2024
2096,Ahmednagar,Onion,2000,2300,2150,08-07-2024
2097,Ahmednagar,Onion,2000,2300,2150,18-07-2024
2098,Ahmednagar,Onion,2000,2300,2150,20-07-2024
2099,Ahmednagar,Onion,2000,2300,2150,27-07-2024
2100,Ahmednagar,Onion,2000,2400,2200,30-12-2024
2101,Ahmednagar,Onion,2000,2700,2500,04-07-2024
2102,Ahmednagar,Onion,2000,2800,2650,28-10-2024
2103,Ahmednagar,Onion,2000,3300,2550,24-10-2024
2104,Ahmednagar,Onion,2000,3800,2200,11-11-2024
2105,Ahmednagar,Onion,2000,3800,2200,21-11-2024
2106,Ahmednagar,Onion,2000,3800,2350,14-11-2024
2107,Ahmednagar,Onion,2000,3800,2350,23-11-2024
2108,Ahmednagar,Onion,2000,3800,2500,25-11-2024
2109,Ahmednagar,Onion,2000,3800,2550,04-11-2024
2110,Ahmednagar,Onion,2000,3800,2550,21-10-2024
2111,Ahmednagar,Onion,2000,3800,2750,12-12-2024
2112,Ahmednagar,Onion,2000,3800,3100,26-10-2024
2113,Ahmednagar,Onion,2000,3800,3250,07-11-2024
2114,Ahmednagar,Onion,2000,3800,3300,09-11-2024
2115,Ahmednagar,Onion,2200,2600,2450,10-08-2024
2116,Ahmednagar,Onion,2200,2800,2450,12-09-2024
2117,Ahmednagar,Onion,2200,2800,2550,10-10-2024
2118,Ahmednagar,Onion,2200,2800,2550,15-08-2024
2119,Ahmednagar,Onion,2200,3400,2550,05-10-2024
2120,Ahmednagar,Onion,2200,3800,2450,14-10-2024
2121,Ahmednagar,Onion,2300,2800,2450,19-08-2024
2122,Ahmednagar,Onion,2400,2800,2550,29-08-2024
2123,Ahmednagar,Onion,2400,2800,2650,17-08-2024
2124,Ahmednagar,Onion,2400,2900,2650,26-08-2024
2125,Ahmednagar,Onion,2400,3000,2550,12-08-2024
2126,Ahmednagar,Onion,2400,3300,2650,07-09-2024
2127,Ahmednagar,Onion,2400,3300,2650,09-09-2024
2128,Ahmednagar,Onion,2400,3400,2750,17-10-2024
2129,Ahmednagar,Onion,2500,2800,2650,19-09-2024
2130,Ahmednagar,Onion,2500,2800,2650,28-09-2024
2131,Ahmednagar,Onion,2500,3000,2750,22-08-2024
2132,Ahmednagar,Onion,2500,3200,2750,03-10-2024
2133,Ahmednagar,Onion,2500,3400,2800,02-12-2024
2134,Ahmednagar,Onion,2500,3400,2950,24-08-2024
2135,Ahmednagar,Onion,2500,3500,2950,18-11-2024
2136,Ahmednagar,Onion,2600,3500,3350,05-09-2024
2137,Ahmednagar,Onion,2800,3800,3650,23-09-2024
2138,Ahmednagar,Onion,3000,3400,3150,02-09-2024
2139,Ahmednagar,Onion,3000,3800,3350,19-10-2024
2140,Ahmednagar,Onion,3000,4400,3750,09-12-2024
2141,Ahmednagar,Onion,3200,3800,3450,26-09-2024
2142,Ahmednagar,Onion,3200,4000,3600,05-12-2024
2143,Ahmednagar,Onion,3500,3800,3600,16-09-2024
2144,Ahmednagar,Onion,3500,3900,3750,14-09-2024
2145,Ahmednagar,Onion,3500,4400,4100,07-12-2024
2146,Ahmednagar,Onion,100,400,400,09-05-2024
2147,Ahmednagar,Onion,150,500,500,16-05-2024
2148,Ahmednagar,Onion,200,400,400,12-02-2024
2149,Ahmednagar,Onion,200,500,500,02-05-2024
2150,Ahmednagar,Onion,200,500,500,08-04-2024
2151,Ahmednagar,Onion,200,500,500,10-02-2024
2152,Ahmednagar,Onion,200,500,500,29-01-2024
2153,Ahmednagar,Onion,200,600,200,15-02-2024
2154,Ahmednagar,Onion,200,600,600,04-04-2024
2155,Ahmednagar,Onion,200,600,600,08-02-2024
2156,Ahmednagar,Onion,200,600,600,13-04-2024
2157,Ahmednagar,Onion,200,600,600,15-04-2024
2158,Ahmednagar,Onion,200,600,600,17-02-2024
2159,Ahmednagar,Onion,200,600,600,28-03-2024
2160,Ahmednagar,Onion,200,600,600,29-04-2024
2161,Ahmednagar,Onion,200,700,700,16-03-2024
2162,Ahmednagar,Onion,200,700,700,22-04-2024
2163,Ahmednagar,Onion,200,700,700,23-03-2024
2164,Ahmednagar,Onion,200,800,800,18-03-2024
2165,Ahmednagar,Onion,200,800,800,27-05-2024
2166,Ahmednagar,Onion,200,900,900,04-03-2024
2167,Ahmednagar,Onion,200,900,900,14-03-2024
2168,Ahmednagar,Onion,200,900,900,15-01-2024
2169,Ahmednagar,Onion,200,900,900,18-05-2024
2170,Ahmednagar,Onion,200,900,900,23-05-2024
2171,Ahmednagar,Onion,200,900,900,25-05-2024
2172,Ahmednagar,Onion,200,1000,650,19-12-2024
2173,Ahmednagar,Onion,200,1000,1000,01-06-2024
2174,Ahmednagar,Onion,200,1000,1000,03-06-2024
2175,Ahmednagar,Onion,250,500,500,06-04-2024
2176,Ahmednagar,Onion,300,600,600,20-01-2024
2177,Ahmednagar,Onion,300,700,700,01-02-2024
2178,Ahmednagar,Onion,300,800,800,02-03-2024
2179,Ahmednagar,Onion,300,800,800,04-01-2024
2180,Ahmednagar,Onion,300,800,800,04-05-2024
2181,Ahmednagar,Onion,300,800,800,06-05-2024
2182,Ahmednagar,Onion,300,800,800,08-01-2024
2183,Ahmednagar,Onion,300,800,800,18-01-2024
2184,Ahmednagar,Onion,300,900,900,06-01-2024
2185,Ahmednagar,Onion,300,1000,750,21-12-2024
2186,Ahmednagar,Onion,300,1100,700,16-12-2024
2187,Ahmednagar,Onion,300,1400,1100,23-12-2024
2188,Ahmednagar,Onion,300,1800,1350,28-10-2024
2189,Ahmednagar,Onion,300,1800,1500,24-10-2024
2190,Ahmednagar,Onion,400,1500,1200,14-12-2024
2191,Ahmednagar,Onion,400,2000,850,18-11-2024
2192,Ahmednagar,Onion,500,1000,1000,17-06-2024
2193,Ahmednagar,Onion,500,1400,1000,26-12-2024
2194,Ahmednagar,Onion,500,1500,1200,28-12-2024
2195,Ahmednagar,Onion,500,1600,1250,03-08-2024
2196,Ahmednagar,Onion,500,1700,1450,01-08-2024
2197,Ahmednagar,Onion,500,1700,1450,29-07-2024
2198,Ahmednagar,Onion,500,1700,1700,08-06-2024
2199,Ahmednagar,Onion,500,1700,1700,22-06-2024
2200,Ahmednagar,Onion,500,1800,1100,21-11-2024
2201,Ahmednagar,Onion,500,1800,1150,30-12-2024
2202,Ahmednagar,Onion,500,1800,1200,09-11-2024
2203,Ahmednagar,Onion,500,1800,1200,11-11-2024
2204,Ahmednagar,Onion,500,1800,1250,04-11-2024
2205,Ahmednagar,Onion,500,1800,1250,12-12-2024
2206,Ahmednagar,Onion,500,1800,1250,23-11-2024
2207,Ahmednagar,Onion,500,1800,1250,25-11-2024
2208,Ahmednagar,Onion,500,1800,1350,26-10-2024
2209,Ahmednagar,Onion,500,1800,1450,14-11-2024
2210,Ahmednagar,Onion,500,1800,1550,20-07-2024
2211,Ahmednagar,Onion,500,1800,1650,21-10-2024
2212,Ahmednagar,Onion,500,2400,1300,02-12-2024
2213,Ahmednagar,Onion,500,2800,2150,09-12-2024
2214,Ahmednagar,Onion,500,2800,2250,19-10-2024
2215,Ahmednagar,Onion,600,1400,1400,24-06-2024
2216,Ahmednagar,Onion,700,1700,1250,05-08-2024
2217,Ahmednagar,Onion,700,1800,1250,11-07-2024
2218,Ahmednagar,Onion,700,1800,1350,18-07-2024
2219,Ahmednagar,Onion,700,1800,1550,08-07-2024
2220,Ahmednagar,Onion,700,1800,1600,06-07-2024
2221,Ahmednagar,Onion,700,1800,1650,27-07-2024
2222,Ahmednagar,Onion,700,1800,1700,22-07-2024
2223,Ahmednagar,Onion,700,2000,1150,14-10-2024
2224,Ahmednagar,Onion,700,2200,1250,17-10-2024
2225,Ahmednagar,Onion,700,2400,2150,03-10-2024
2226,Ahmednagar,Onion,700,2400,2250,28-09-2024
2227,Ahmednagar,Onion,800,1400,1400,15-07-2024
2228,Ahmednagar,Onion,800,1500,1500,01-07-2024
2229,Ahmednagar,Onion,800,1600,1250,13-07-2024
2230,Ahmednagar,Onion,800,1600,1250,31-08-2024
2231,Ahmednagar,Onion,800,1700,1200,08-08-2024
2232,Ahmednagar,Onion,800,1800,1650,25-07-2024
2233,Ahmednagar,Onion,1000,1600,1250,21-09-2024
2234,Ahmednagar,Onion,1000,1800,1500,04-07-2024
2235,Ahmednagar,Onion,1000,1800,1550,07-11-2024
2236,Ahmednagar,Onion,1000,2000,1350,12-09-2024
2237,Ahmednagar,Onion,1000,2000,1550,10-10-2024
2238,Ahmednagar,Onion,1000,2000,1650,15-08-2024
2239,Ahmednagar,Onion,1000,2000,1750,19-08-2024
2240,Ahmednagar,Onion,1000,2100,1850,05-10-2024
2241,Ahmednagar,Onion,1000,2300,1350,07-09-2024
2242,Ahmednagar,Onion,1000,2300,1650,09-09-2024
2243,Ahmednagar,Onion,1000,2300,1950,29-08-2024
2244,Ahmednagar,Onion,1000,2300,2100,26-08-2024
2245,Ahmednagar,Onion,1000,2300,2150,17-08-2024
2246,Ahmednagar,Onion,1000,2400,2250,19-09-2024
2247,Ahmednagar,Onion,1000,2500,2250,05-09-2024
2248,Ahmednagar,Onion,1000,2500,2250,23-09-2024
2249,Ahmednagar,Onion,1000,2800,2250,02-09-2024
2250,Ahmednagar,Onion,1000,3000,2250,16-09-2024
2251,Ahmednagar,Onion,1000,3000,2250,26-09-2024
2252,Ahmednagar,Onion,1000,3000,2300,05-12-2024
2253,Ahmednagar,Onion,1000,3400,1850,07-12-2024
2254,Ahmednagar,Onion,1200,2400,1850,24-08-2024
2255,Ahmednagar,Onion,1500,2100,1650,10-08-2024
2256,Ahmednagar,Onion,1500,2300,1950,12-08-2024
2257,Ahmednagar,Onion,1500,2400,1850,22-08-2024
2258,Ahmednagar,Onion,1500,3400,2650,14-09-2024
2259,Ahmednagar,Onion,100,3500,2250,03-07-2024
2260,Ahmednagar,Onion,200,5110,2655,27-11-2024
2261,Ahmednagar,Onion,200,5600,2900,23-11-2024
2262,Ahmednagar,Onion,300,1600,950,20-04-2024
2263,Ahmednagar,Onion,300,2100,1200,22-05-2024
2264,Ahmednagar,Onion,300,2200,1500,15-05-2024
2265,Ahmednagar,Onion,300,3210,1755,28-12-2024
2266,Ahmednagar,Onion,300,3400,1850,30-12-2024
2267,Ahmednagar,Onion,300,4200,2250,04-12-2024
2268,Ahmednagar,Onion,300,4800,2550,25-11-2024
2269,Ahmednagar,Onion,400,2700,1600,21-12-2024
2270,Ahmednagar,Onion,400,3210,1805,25-12-2024
2271,Ahmednagar,Onion,400,4700,2550,02-12-2024
2272,Ahmednagar,Onion,400,5000,2700,26-10-2024
2273,Ahmednagar,Onion,400,5300,2850,07-12-2024
2274,Ahmednagar,Onion,400,5300,2850,09-12-2024
2275,Ahmednagar,Onion,500,3200,1850,29-06-2024
2276,Ahmednagar,Onion,500,5500,3000,18-11-2024
2277,Ahmednagar,Onion,500,6710,3605,06-11-2024
2278,Ahmednagar,Onion,500,6800,3650,09-11-2024
2279,Ahmednagar,Onion,600,3000,1800,20-07-2024
2280,Ahmednagar,Onion,700,5250,2975,11-12-2024
2281,Ahmednagar,Onion,900,3250,2075,26-06-2024
2282,Ahmednagar,Onion,1000,3000,2000,03-08-2024
2283,Ahmednagar,Onion,1000,3100,2050,05-08-2024
2284,Ahmednagar,Onion,1000,3100,2050,13-07-2024
2285,Ahmednagar,Onion,1200,3000,2150,31-07-2024
2286,Ahmednagar,Onion,1300,3000,2150,29-07-2024
2287,Ahmednagar,Onion,1300,3100,2200,15-07-2024
2288,Ahmednagar,Onion,1500,3000,2250,27-07-2024
2289,Ahmednagar,Onion,1500,3100,2300,07-08-2024
2290,Ahmednagar,Onion,1500,3400,2450,08-07-2024
2291,Ahmednagar,Onion,1500,3900,2700,31-08-2024
2292,Ahmednagar,Onion,1700,4100,2900,30-09-2024
2293,Ahmednagar,Onion,1700,4700,3200,28-09-2024
2294,Ahmednagar,Onion,1900,3500,2700,10-08-2024
2295,Ahmednagar,Onion,1900,3800,2850,21-08-2024
2296,Ahmednagar,Onion,2000,3800,2900,12-08-2024
2297,Ahmednagar,Onion,2000,4700,3350,18-09-2024
2298,Ahmednagar,Onion,2000,4800,3400,16-10-2024
2299,Ahmednagar,Onion,2000,5000,3500,05-10-2024
2300,Ahmednagar,Onion,100,1200,700,28-05-2024
2301,Ahmednagar,Onion,200,1100,700,24-01-2024
2302,Ahmednagar,Onion,200,1200,900,16-05-2024
2303,Ahmednagar,Onion,200,1300,900,09-05-2024
2304,Ahmednagar,Onion,200,1350,1100,05-02-2024
2305,Ahmednagar,Onion,200,1400,1100,07-04-2024
2306,Ahmednagar,Onion,200,1450,1300,17-03-2024
2307,Ahmednagar,Onion,200,1550,1100,02-02-2024
2308,Ahmednagar,Onion,200,1600,1300,26-05-2024
2309,Ahmednagar,Onion,200,1650,1300,13-03-2024
2310,Ahmednagar,Onion,200,1700,1100,29-05-2024
2311,Ahmednagar,Onion,200,1800,1400,04-03-2024
2312,Ahmednagar,Onion,200,2000,1400,12-01-2024
2313,Ahmednagar,Onion,200,2000,1500,08-01-2024
2314,Ahmednagar,Onion,200,2150,1500,05-06-2024
2315,Ahmednagar,Onion,250,1500,1200,02-04-2024
2316,Ahmednagar,Onion,250,1500,1200,31-03-2024
2317,Ahmednagar,Onion,250,1500,1300,14-03-2024
2318,Ahmednagar,Onion,300,1200,800,23-04-2024
2319,Ahmednagar,Onion,300,1300,900,07-02-2024
2320,Ahmednagar,Onion,300,1350,1000,29-04-2024
2321,Ahmednagar,Onion,300,1400,900,31-01-2024
2322,Ahmednagar,Onion,300,1600,1400,11-03-2024
2323,Ahmednagar,Onion,300,1700,1300,05-03-2024
2324,Ahmednagar,Onion,300,1700,1400,17-01-2024
2325,Ahmednagar,Onion,300,1700,1400,19-01-2024
2326,Ahmednagar,Onion,300,1700,1500,06-03-2024
2327,Ahmednagar,Onion,300,1800,1000,03-06-2024
2328,Ahmednagar,Onion,300,1800,1400,02-03-2024
2329,Ahmednagar,Onion,300,1800,1400,21-02-2024
2330,Ahmednagar,Onion,300,2000,1700,15-01-2024
2331,Ahmednagar,Onion,300,2200,1800,01-01-2024
2332,Ahmednagar,Onion,400,2600,1900,03-01-2024
2333,Ahmednagar,Onion,500,1400,1200,18-03-2024
2334,Ahmednagar,Onion,500,1600,1200,08-05-2024
2335,Ahmednagar,Onion,500,1700,1400,12-03-2024
2336,Ahmednagar,Onion,500,1900,1200,28-02-2024
2337,Ahmednagar,Onion,500,2100,1700,10-01-2024
2338,Ahmednagar,Onion,500,2200,1900,05-01-2024
2339,Ahmednagar,Onion,700,4000,3200,01-01-2025
2340,Ahmednagar,Onion,150,2100,1000,06-05-2024
2341,Ahmednagar,Onion,200,1500,1200,02-05-2024
2342,Ahmednagar,Onion,200,1600,1200,25-03-2024
2343,Ahmednagar,Onion,200,1600,1250,01-05-2024
2344,Ahmednagar,Onion,200,1700,1250,03-05-2024
2345,Ahmednagar,Onion,200,1700,1250,26-04-2024
2346,Ahmednagar,Onion,200,1800,1300,10-05-2024
2347,Ahmednagar,Onion,200,2000,1400,15-05-2024
2348,Ahmednagar,Onion,250,1300,1100,23-04-2024
2349,Ahmednagar,Onion,250,1700,1300,24-04-2024
2350,Ahmednagar,Onion,300,1600,1200,09-05-2024
2351,Ahmednagar,Onion,300,2000,1300,08-05-2024
2352,Ahmednagar,Onion,300,2500,2100,03-06-2024
2353,Ahmednagar,Onion,455,1300,1100,19-03-2024
2354,Ahmednagar,Onion,500,1400,1200,14-05-2024
2355,Ahmednagar,Onion,500,1700,1250,21-05-2024
2356,Ahmednagar,Onion,500,1745,1350,16-05-2024
2357,Ahmednagar,Onion,500,2100,1550,24-05-2024
2358,Ahmednagar,Onion,500,2100,1600,17-05-2024
2359,Ahmednagar,Onion,500,2100,1600,27-05-2024
2360,Ahmednagar,Onion,685,1335,1100,25-04-2024
2361,Ahmednagar,Onion,700,1735,1350,23-05-2024
2362,Ahmednagar,Onion,745,1200,950,18-03-2024
2363,Ahmednagar,Onion,790,1355,1150,04-04-2024
2364,Ahmednagar,Onion,800,1550,1200,19-04-2024
2365,Ahmednagar,Onion,800,2700,2100,05-06-2024
2366,Ahmednagar,Onion,835,1350,1150,03-04-2024
2367,Ahmednagar,Onion,900,1850,1500,28-05-2024
2368,Ahmednagar,Onion,900,2160,1750,04-06-2024
2369,Ahmednagar,Onion,945,1200,1100,21-03-2024
2370,Ahmednagar,Onion,1000,2750,2100,29-05-2024
2371,Ahmednagar,Onion,1000,3000,2350,02-08-2024
2372,Ahmednagar,Onion,1000,3000,2350,05-08-2024
2373,Ahmednagar,Onion,1000,3000,2350,31-07-2024
2374,Ahmednagar,Onion,1000,3000,2450,08-07-2024
2375,Ahmednagar,Onion,1000,3300,2450,01-07-2024
2376,Ahmednagar,Onion,1000,4505,3850,24-10-2024
2377,Ahmednagar,Onion,1050,3400,2650,03-07-2024
2378,Ahmednagar,Onion,1100,1450,1300,29-03-2024
2379,Ahmednagar,Onion,1100,3200,2650,05-07-2024
2380,Ahmednagar,Onion,1200,3000,2100,10-06-2024
2381,Ahmednagar,Onion,1300,3200,2650,07-08-2024
2382,Ahmednagar,Onion,1300,3940,3550,10-10-2024
2383,Ahmednagar,Onion,1400,2730,2550,01-08-2024
2384,Ahmednagar,Onion,1600,4500,3400,02-09-2024
2385,Ahmednagar,Onion,1700,3550,2950,09-08-2024
2386,Ahmednagar,Onion,1750,4000,3550,03-10-2024
2387,Ahmednagar,Onion,1755,4050,3800,12-09-2024
2388,Ahmednagar,Onion,1835,2880,2550,11-07-2024
2389,Ahmednagar,Onion,1875,3900,3450,10-09-2024
2390,Ahmednagar,Onion,1900,4300,3550,11-09-2024
2391,Ahmednagar,Onion,1950,4380,4000,22-10-2024
2392,Ahmednagar,Onion,1970,3100,2650,04-07-2024
2393,Ahmednagar,Onion,2000,3780,3500,29-08-2024
2394,Ahmednagar,Onion,2000,3900,3550,27-08-2024
2395,Ahmednagar,Onion,2000,4170,3850,05-09-2024
2396,Ahmednagar,Onion,2000,4200,3650,28-08-2024
2397,Ahmednagar,Onion,2000,4300,3650,26-08-2024
2398,Ahmednagar,Onion,2000,4500,3950,13-09-2024
2399,Ahmednagar,Onion,2095,4250,3800,15-10-2024
2400,Ahmednagar,Onion,2100,4360,3950,17-10-2024
2401,Ahmednagar,Onion,2100,4400,3750,14-10-2024
2402,Ahmednagar,Onion,2100,4400,3750,16-10-2024
2403,Ahmednagar,Onion,2100,4500,3950,09-09-2024
2404,Ahmednagar,Onion,2100,4850,3750,23-09-2024
2405,Ahmednagar,Onion,2150,2830,2600,09-07-2024
2406,Ahmednagar,Onion,2150,3800,3250,30-09-2024
2407,Ahmednagar,Onion,2150,4450,3800,18-10-2024
2408,Ahmednagar,Onion,2300,3050,2750,02-07-2024
2409,Ahmednagar,Onion,2300,3900,3350,02-10-2024
2410,Ahmednagar,Onion,2390,3200,2850,08-08-2024
2411,Ahmednagar,Onion,2400,4800,4150,28-10-2024
2412,Ahmednagar,Onion,2400,4850,4150,21-10-2024
2413,Ahmednagar,Onion,2400,5000,4250,20-09-2024
2414,Ahmednagar,Onion,2400,5000,4250,25-10-2024
2415,Ahmednagar,Onion,2470,4560,4050,26-09-2024
2416,Ahmednagar,Onion,2500,4700,4050,18-09-2024
2417,Ahmednagar,Onion,2550,4800,4150,04-09-2024
2418,Ahmednagar,Onion,2750,4285,3500,19-09-2024
2419,Ahmednagar,Onion,2800,4700,4150,04-10-2024
2420,Ahmednagar,Onion,2900,4700,4450,03-09-2024
